normalized_title,slug
100 carbon free energy in old and historic districts,100-carbon-free-energy-in-old-and-historic-districts
3 year staggered term for selectmen,3-year-staggered-term-for-selectmen
abbot public library,abbot-public-library
accept g l c 41 s 110a saturday closure legal holiday town clerk,accept-g-l-c-41-s-110a-saturday-closure-legal-holiday-town-clerk
accept trust property,accept-trust-property
acceptance of mgl c 53 s 9a nomination papers,acceptance-of-mgl-c-53-s-9a-nomination-papers
add provision to section 110 4 structures features not requiring certificates of appropriateness,add-provision-to-section-110-4-structures-features-not-requiring-certificates-of-appropriateness
adjusted exemption amount clause 22i,adjusted-exemption-amount-clause-22i
administrative benefit amendment,administrative-benefit-amendment
adopt g l c 59 s 5 clause 22nd h (local veterans benefit),adopt-g-l-c-59-s-5-clause-22nd-h-local-veterans-benefit
adopt local meals tax,adopt-local-meals-tax
adopt local rooms tax (6 ),adopt-local-rooms-tax-6
affordable housing tax title foreclosures,affordable-housing-tax-title-foreclosures
allocation of land for off road bike park,allocation-of-land-for-off-road-bike-park
amend article ballot order random drawing of names,amend-article-ballot-order-random-drawing-of-names
amend bylaw capital planning committee membership,amend-bylaw-capital-planning-committee-membership
amend bylaw increase building construction permit fees,amend-bylaw-increase-building-construction-permit-fees
amend bylaw increase electrical installation permit fees,amend-bylaw-increase-electrical-installation-permit-fees
amend bylaw recall provision for elected officials,amend-bylaw-recall-provision-for-elected-officials
amend bylaw signs,amend-bylaw-signs
amend bylaws recall provision,amend-bylaws-recall-provision
amend bylaws s 174 6(c) seating of visitors,amend-bylaws-s-174-6c-seating-of-visitors
amend bylaws traffic safety advisory committee,amend-bylaws-traffic-safety-advisory-committee
amend chapter 119 (peace and good order) leaf blower enforcement,amend-chapter-119-peace-and-good-order-leaf-blower-enforcement
amend fee for demand for payment of taxes,amend-fee-for-demand-for-payment-of-taxes
amend general bylaw building fees,amend-general-bylaw-building-fees
amend general bylaw floodplain district,amend-general-bylaw-floodplain-district
amend general bylaw license and permits,amend-general-bylaw-license-and-permits
amend general bylaw stormwater,amend-general-bylaw-stormwater
amend general bylaw stormwater (chapter 195),amend-general-bylaw-stormwater-chapter-195
amend general bylaws allow electronic counting devices,amend-general-bylaws-allow-electronic-counting-devices
amend general bylaws ch 75 1 leaf blowers,amend-general-bylaws-ch-75-1-leaf-blowers
amend general bylaws ch 75 2 leaf blowers,amend-general-bylaws-ch-75-2-leaf-blowers
amend general bylaws ch 75 3 leaf blowers,amend-general-bylaws-ch-75-3-leaf-blowers
amend general bylaws for new human resources department,amend-general-bylaws-for-new-human-resources-department
amend general bylaws physical examinations,amend-general-bylaws-physical-examinations
amend general bylaws repeal the gas powered leaf blower ban,amend-general-bylaws-repeal-the-gas-powered-leaf-blower-ban
amend general bylaws state street restrooms,amend-general-bylaws-state-street-restrooms
amend old and historic bylaws,amend-old-and-historic-bylaws
amend provisions for certificates of appropriateness (ohdc),amend-provisions-for-certificates-of-appropriateness-ohdc
amend recreation and parks revolving fund,amend-recreation-and-parks-revolving-fund
amend the bylaw demolition by neglect,amend-the-bylaw-demolition-by-neglect
amend the bylaw old and historic district commission,amend-the-bylaw-old-and-historic-district-commission
amend the bylaws of the old and historic district commission,amend-the-bylaws-of-the-old-and-historic-district-commission
amend the date of the annual town election,amend-the-date-of-the-annual-town-election
amend town bylaw 13 10 licensing and registration of dogs,amend-town-bylaw-13-10-licensing-and-registration-of-dogs
amend town bylaws 940 cmr 29 10 of open meeting law,amend-town-bylaws-940-cmr-29-10-of-open-meeting-law
amend town bylaws new subdivisions,amend-town-bylaws-new-subdivisions
amend town bylaws require boards committees to record and post minutes,amend-town-bylaws-require-boards-committees-to-record-and-post-minutes
amend transfer station fees,amend-transfer-station-fees
amend zoning bylaw 3a multi family overlay district,amend-zoning-bylaw-3a-multi-family-overlay-district
amend zoning bylaw accessory dwelling units,amend-zoning-bylaw-accessory-dwelling-units
amend zoning bylaw map adopt a 3a multi family overlay district (mbta communities),amend-zoning-bylaw-map-adopt-a-3a-multi-family-overlay-district-mbta-communities
amend zoning bylaws shed size,amend-zoning-bylaws-shed-size
annual election of town officers,annual-election-of-town-officers
appropriate funds for website design and development,appropriate-funds-for-website-design-and-development
appropriate funds independent audit,appropriate-funds-independent-audit
appropriation of article 11 may 2 2022,appropriation-of-article-11-may-2-2022
articles in numerical order,articles-in-numerical-order
assessing department under chief financial officer,assessing-department-under-chief-financial-officer
assume liability,assume-liability
available funds appropriate to reduce tax rate,available-funds-appropriate-to-reduce-tax-rate
available funds appropriated to reduce the tax rate,available-funds-appropriate-to-reduce-tax-rate
ban use of gas powered leaf blowers,ban-use-of-gas-powered-leaf-blowers
board of health increase membership home rule petition,board-of-health-increase-membership-home-rule-petition
board of selectmen,board-of-selectmen
building permit fees,building-permit-fees
building permit fees (petition alternative),building-permit-fees-petition-alternative
bylaw rescind select board 3 year terms,bylaw-rescind-select-board-3-year-terms
capital improvements for public buildings,capital-improvements-for-public-buildings
capital improvements public buildings,capital-improvements-for-public-buildings
capital transfers,capital-transfers
cemetery perpetual care trust fund transfer,cemetery-perpetual-care-trust-fund-transfer
cemetery sale of lots trust fund transfer,cemetery-sale-of-lots-trust-fund-transfer
change board of selectmen to select board (general bylaws),change-board-of-selectmen-to-select-board-general-bylaws
change board of selectmen to select board (zoning bylaws),change-board-of-selectmen-to-select-board-zoning-bylaws
change select board terms to 3 years,change-select-board-terms-to-3-years
coffin school reuse,coffin-school-reuse
collective bargaining (fire),collective-bargaining-fire
collective bargaining (iue cwa local 1776),collective-bargaining-iue-cwa-local-1776
collective bargaining (police),collective-bargaining-police
collective bargaining police,collective-bargaining-police
common sense sidewalk snow removal bylaw,common-sense-sidewalk-snow-removal-bylaw
community development and planning department,community-development-and-planning-department
compensation,compensation
compensation town officers,compensation-town-officers
consent articles,consent-articles
consent articles water and sewer,consent-articles-water-and-sewer
construct a new school (pk 3 40 baldwin road),construct-a-new-school-pk-3-40-baldwin-road
contracts for more than three years,contracts-in-excess-of-three-years
contracts in excess of three years,contracts-in-excess-of-three-years
council on aging reduce board members 9 to 7,council-on-aging-reduce-board-members-9-to-7
council on aging reduce number of board members,council-on-aging-reduce-number-of-board-members
cpi increase for qualified seniors,cpi-increase-for-qualified-seniors
creation of a traffic advisory committee,creation-of-a-traffic-advisory-committee
debt exclusion premium,debt-exclusion-premium
deed restriction pickett house,deed-restriction-pickett-house
deed restriction pickett house (10 franklin st),deed-restriction-pickett-house-10-franklin-st
demolition by neglect,demolition-by-neglect
department of public works,department-of-public-works
departmental revolving funds,departmental-revolving-funds
discontinue and change of use portion of baldwin road,discontinue-and-change-of-use-portion-of-baldwin-road
diversity,diversity
diversity statement amendment,diversity-statement-amendment
easement fishing point lane 297 ocean avenue,easement-fishing-point-lane-297-ocean-avenue
electrical installation (petition alternative),electrical-installation-petition-alternative
electrical installation fees,electrical-installation-fees
end current winter overnight parking ban,end-current-winter-overnight-parking-ban
end overnight parking ban,end-overnight-parking-ban
enhancements to the comprehensive annual financial review,enhancements-to-the-comprehensive-annual-financial-review
essex north shore agricultural and technical school district,essex-north-shore-agricultural-and-technical-school-district
expense of several departments,expenses-of-several-departments
expenses of several departments,expenses-of-several-departments
extension of elected terms to town officials,extension-of-elected-terms-to-town-officials
financial assistance conservation,financial-assistance-for-conservation
financial assistance for conservation,financial-assistance-for-conservation
franklin street fire station,franklin-street-fire-station
gender neutral pronouns nomenclature (general bylaws),gender-neutral-pronouns-nomenclature-general-bylaws
gender neutral pronouns nomenclature (zoning bylaws),gender-neutral-pronouns-nomenclature-zoning-bylaws
general stabilization fund,general-stabilization-fund
gerry school playground (elm street park),gerry-school-playground-elm-street-park
gerry school reuse,gerry-school-reuse
home rule petition ballot order,home-rule-petition-ballot-order
home rule petition means tested senior citizen property tax exemption,home-rule-petition-means-tested-senior-citizen-property-tax-exemption
hotel tax,hotel-tax
improve road safety indicators,improve-road-safety-indicators
indigenous peoples day,indigenous-peoples-day
joseph brown conservation area,joseph-brown-conservation-area
land acknowledgement,land-acknowledgement
land acquisition 45 49 pleasant street,land-acquisition-45-49-pleasant-street
leaf blowers,leaf-blowers
lease purchase,lease-purchase
lease town property,lease-town-property
library,library
marblehead high school roof and hvac system,marblehead-high-school-roof-and-hvac-system
marijuana retailers general bylaw,marijuana-retailers-general-bylaw
marijuana tax,marijuana-tax
mary a alley building hvac system,mary-a-alley-building-hvac-system
meals tax,meals-tax
medicaid reimbursement money,medicaid-reimbursement-money
mgl c 41 s 1b change assessors from elected to appointed,mgl-c-41-s-1b-change-assessors-from-elected-to-appointed
mooring fees in marblehead waters,mooring-fees-in-marblehead-waters
mwra local water system assistance program,mwra-local-water-system-assistance-program
open meeting law compliance,open-meeting-law-compliance
optional additional veteran exemption clause 22j,optional-additional-veteran-exemption-clause-22j
overnight parking ban,overnight-parking-ban
parking tickets increased fee for snow emergency,parking-tickets-increased-fee-for-snow-emergency
pay schedule and reclassification (administrative),proposed-reclassification-and-pay-schedule-administrative
peace and good order,peace-and-good-order
placement of prop 2 5 on ballot,placement-of-prop-2-5-on-ballot
proposed pay schedule and reclassification (traffic supervisors),proposed-reclassification-and-pay-schedule-traffic-supervisors
proposed reclassification and pay schedule (administrative),proposed-reclassification-and-pay-schedule-administrative
proposed reclassification and pay schedule (seasonal and temporary personnel),proposed-reclassification-and-pay-schedule-seasonal-and-temporary-personnel
proposed reclassification and pay schedule (traffic supervisors),proposed-reclassification-and-pay-schedule-traffic-supervisors
prudent investor,prudent-investor
public shade trees protection,public-shade-trees-protection
pumper truck,pumper-truck
purchase and planting of trees,purchase-and-planting-of-trees
purchase of equipment of several departments,purchase-of-equipment-of-several-departments
ratification of salary bylaw,ratification-of-salary-bylaw
reclassification and pay schedule (administrative),proposed-reclassification-and-pay-schedule-administrative
reclassification and pay schedule (seasonal and temporary),proposed-reclassification-and-pay-schedule-seasonal-and-temporary-personnel
reclassification and pay schedule (traffic supervisors),proposed-reclassification-and-pay-schedule-traffic-supervisors
reduction in speed limits,reduction-in-speed-limits
reduction of speed limits,reduction-of-speed-limits
release funds from transportation network,release-funds-from-transportation-network
repairs to fort sewall,repairs-to-fort-sewall
reports of town officers and committees,reports-of-town-officers-and-committees
rescind acceptance of g l c 31 s 58a age limits (police),rescind-acceptance-of-g-l-c-31-s-58a-age-limits-police
residency requirements,residency-requirements
retirement board increase base amount,retirement-board-increase-base-amount
revolving fund,departmental-revolving-funds
school capital needs,school-capital-needs
security required for certain contracts,security-required-for-certain-contracts
senior tax work off program,senior-tax-work-off-program
sewer department construction,sewer-department-construction
sharing of administrative functions,sharing-of-administrative-functions
stabilization account,stabilization-account
standard operating procedures amendment,standard-operating-procedures-amendment
standard operating procedures manual,standard-operating-procedures-manual
storm drain construction,storm-drainage-construction
storm drainage construction,storm-drainage-construction
stormwater construction,storm-drainage-construction
stormwater enterprise fund,stormwater-enterprise-fund
summer break from gas powered leaf blowers,summer-break-from-gas-powered-leaf-blowers
supplemental appropriation and expenses for the schools,supplemental-appropriation-for-the-schools
supplemental appropriation and expenses of several departments,supplemental-expenses-of-several-departments
supplemental appropriation for several departments,supplemental-expenses-of-several-departments
supplemental appropriation for the schools,supplemental-appropriation-for-the-schools
supplemental expenses of several departments,supplemental-expenses-of-several-departments
sustainability coordinator,sustainability-coordinator
sustainable marblehead greenhouse gas emissions,sustainable-marblehead-greenhouse-gas-emissions
town meeting parliamentarian,town-meeting-parliamentarian
town meeting reconsideration procedure,town-meeting-reconsideration-procedure
transfer funds to special education stabilization account,transfer-funds-to-special-education-stabilization-account
transfer funds to the special education stabilization account,transfer-funds-to-the-special-education-stabilization-account
transfer of funds to special education stabilization account,transfer-funds-to-special-education-stabilization-account
transfer of property (21 lincoln ave),transfer-of-property-21-lincoln-ave
transparency and accountability,transparency-and-accountability
unpaid accounts,unpaid-accounts
use of gas powered leaf blowers,use-of-gas-powered-leaf-blowers
utility easement lucretia and joseph brown school,utility-easement-lucretia-and-joseph-brown-school
village vine pleasant,village-vine-pleasant
village vine pleasant gift (195 pleasant st),village-vine-pleasant-gift-195-pleasant-st
village vine pleasant taking for road improvement,village-vine-pleasant-taking-for-road-improvement
walls and fences,walls-and-fences
water and sewer commission claims,water-and-sewer-commission-claims
water department construction,water-department-construction
work associated with the existing transfer station building,work-associated-with-the-existing-transfer-station-building
work associated with the new transfer station building,work-associated-with-the-new-transfer-station-building
zoning amendment accessory dwelling units,zoning-amendment-accessory-dwelling-units
zoning bylaw amendment and revisions,zoning-bylaw-amendment-and-revisions
zoning bylaw amendment and revisions definitions,zoning-bylaw-amendment-and-revisions-definitions
zoning bylaw amendment and revisions parking space,zoning-bylaw-amendment-and-revisions-parking-space
zoning bylaw amendment and revisions sheds,zoning-bylaw-amendment-and-revisions-sheds
zoning bylaw amendment to classification of retail,zoning-bylaw-amendment-to-classification-of-retail
zoning bylaw recodification technical corrections,zoning-bylaw-recodification-technical-corrections
zoning bylaw storage of fishing gear and lobster traps,zoning-bylaw-storage-of-fishing-gear-and-lobster-traps
