district,school_year,role,fte,source
Marblehead,2008,Tutors,2.5,DESE EPIMS via E2C Hub Socrata API
Marblehead,2008,Paraprofessionals,104.7,DESE EPIMS via E2C Hub Socrata API
Marblehead,2008,Co-teachers,0,DESE EPIMS via E2C Hub Socrata API
Marblehead,2008,Special ed related,12.1,DESE EPIMS via E2C Hub Socrata API
Marblehead,2008,School counselors,10.5,DESE EPIMS via E2C Hub Socrata API
Marblehead,2008,Administrators,20.0,DESE EPIMS via E2C Hub Socrata API
Marblehead,2008,Teachers (core),193.8,DESE EPIMS via E2C Hub Socrata API
Marblehead,2009,Tutors,40.9,DESE EPIMS via E2C Hub Socrata API
Marblehead,2009,Paraprofessionals,81.0,DESE EPIMS via E2C Hub Socrata API
Marblehead,2009,Co-teachers,0,DESE EPIMS via E2C Hub Socrata API
Marblehead,2009,Special ed related,16.6,DESE EPIMS via E2C Hub Socrata API
Marblehead,2009,School counselors,11.3,DESE EPIMS via E2C Hub Socrata API
Marblehead,2009,Administrators,21.0,DESE EPIMS via E2C Hub Socrata API
Marblehead,2009,Teachers (core),205.4,DESE EPIMS via E2C Hub Socrata API
Marblehead,2010,Tutors,63.9,DESE EPIMS via E2C Hub Socrata API
Marblehead,2010,Paraprofessionals,63.9,DESE EPIMS via E2C Hub Socrata API
Marblehead,2010,Co-teachers,0,DESE EPIMS via E2C Hub Socrata API
Marblehead,2010,Special ed related,16.3,DESE EPIMS via E2C Hub Socrata API
Marblehead,2010,School counselors,10.8,DESE EPIMS via E2C Hub Socrata API
Marblehead,2010,Administrators,23.0,DESE EPIMS via E2C Hub Socrata API
Marblehead,2010,Teachers (core),204.9,DESE EPIMS via E2C Hub Socrata API
Marblehead,2011,Tutors,65.8,DESE EPIMS via E2C Hub Socrata API
Marblehead,2011,Paraprofessionals,57.1,DESE EPIMS via E2C Hub Socrata API
Marblehead,2011,Co-teachers,0.0,DESE EPIMS via E2C Hub Socrata API
Marblehead,2011,Special ed related,17.9,DESE EPIMS via E2C Hub Socrata API
Marblehead,2011,School counselors,11.0,DESE EPIMS via E2C Hub Socrata API
Marblehead,2011,Administrators,19.5,DESE EPIMS via E2C Hub Socrata API
Marblehead,2011,Teachers (core),197.4,DESE EPIMS via E2C Hub Socrata API
Marblehead,2012,Tutors,59.2,DESE EPIMS via E2C Hub Socrata API
Marblehead,2012,Paraprofessionals,53.5,DESE EPIMS via E2C Hub Socrata API
Marblehead,2012,Co-teachers,2.0,DESE EPIMS via E2C Hub Socrata API
Marblehead,2012,Special ed related,16.4,DESE EPIMS via E2C Hub Socrata API
Marblehead,2012,School counselors,11.0,DESE EPIMS via E2C Hub Socrata API
Marblehead,2012,Administrators,21.5,DESE EPIMS via E2C Hub Socrata API
Marblehead,2012,Teachers (core),191.7,DESE EPIMS via E2C Hub Socrata API
Marblehead,2013,Tutors,57.4,DESE EPIMS via E2C Hub Socrata API
Marblehead,2013,Paraprofessionals,52.2,DESE EPIMS via E2C Hub Socrata API
Marblehead,2013,Co-teachers,2.0,DESE EPIMS via E2C Hub Socrata API
Marblehead,2013,Special ed related,16.7,DESE EPIMS via E2C Hub Socrata API
Marblehead,2013,School counselors,10.8,DESE EPIMS via E2C Hub Socrata API
Marblehead,2013,Administrators,22.5,DESE EPIMS via E2C Hub Socrata API
Marblehead,2013,Teachers (core),194.0,DESE EPIMS via E2C Hub Socrata API
Marblehead,2014,Tutors,67.5,DESE EPIMS via E2C Hub Socrata API
Marblehead,2014,Paraprofessionals,63.2,DESE EPIMS via E2C Hub Socrata API
Marblehead,2014,Co-teachers,11.9,DESE EPIMS via E2C Hub Socrata API
Marblehead,2014,Special ed related,18.5,DESE EPIMS via E2C Hub Socrata API
Marblehead,2014,School counselors,10.0,DESE EPIMS via E2C Hub Socrata API
Marblehead,2014,Administrators,22.1,DESE EPIMS via E2C Hub Socrata API
Marblehead,2014,Teachers (core),193.4,DESE EPIMS via E2C Hub Socrata API
Marblehead,2015,Tutors,68.6,DESE EPIMS via E2C Hub Socrata API
Marblehead,2015,Paraprofessionals,62.2,DESE EPIMS via E2C Hub Socrata API
Marblehead,2015,Co-teachers,8.8,DESE EPIMS via E2C Hub Socrata API
Marblehead,2015,Special ed related,16.5,DESE EPIMS via E2C Hub Socrata API
Marblehead,2015,School counselors,12.0,DESE EPIMS via E2C Hub Socrata API
Marblehead,2015,Administrators,24.3,DESE EPIMS via E2C Hub Socrata API
Marblehead,2015,Teachers (core),208.7,DESE EPIMS via E2C Hub Socrata API
Marblehead,2016,Tutors,63.4,DESE EPIMS via E2C Hub Socrata API
Marblehead,2016,Paraprofessionals,51.4,DESE EPIMS via E2C Hub Socrata API
Marblehead,2016,Co-teachers,15.0,DESE EPIMS via E2C Hub Socrata API
Marblehead,2016,Special ed related,18.8,DESE EPIMS via E2C Hub Socrata API
Marblehead,2016,School counselors,11.0,DESE EPIMS via E2C Hub Socrata API
Marblehead,2016,Administrators,25.2,DESE EPIMS via E2C Hub Socrata API
Marblehead,2016,Teachers (core),203.4,DESE EPIMS via E2C Hub Socrata API
Marblehead,2017,Tutors,68.5,DESE EPIMS via E2C Hub Socrata API
Marblehead,2017,Paraprofessionals,54.0,DESE EPIMS via E2C Hub Socrata API
Marblehead,2017,Co-teachers,27.2,DESE EPIMS via E2C Hub Socrata API
Marblehead,2017,Special ed related,24.0,DESE EPIMS via E2C Hub Socrata API
Marblehead,2017,School counselors,11.0,DESE EPIMS via E2C Hub Socrata API
Marblehead,2017,Administrators,27.0,DESE EPIMS via E2C Hub Socrata API
Marblehead,2017,Teachers (core),189.3,DESE EPIMS via E2C Hub Socrata API
Marblehead,2018,Tutors,65.0,DESE EPIMS via E2C Hub Socrata API
Marblehead,2018,Paraprofessionals,48.7,DESE EPIMS via E2C Hub Socrata API
Marblehead,2018,Co-teachers,39.4,DESE EPIMS via E2C Hub Socrata API
Marblehead,2018,Special ed related,21.8,DESE EPIMS via E2C Hub Socrata API
Marblehead,2018,School counselors,11.0,DESE EPIMS via E2C Hub Socrata API
Marblehead,2018,Administrators,26.0,DESE EPIMS via E2C Hub Socrata API
Marblehead,2018,Teachers (core),175.9,DESE EPIMS via E2C Hub Socrata API
Marblehead,2019,Tutors,58.4,DESE EPIMS via E2C Hub Socrata API
Marblehead,2019,Paraprofessionals,43.2,DESE EPIMS via E2C Hub Socrata API
Marblehead,2019,Co-teachers,33.5,DESE EPIMS via E2C Hub Socrata API
Marblehead,2019,Special ed related,19.3,DESE EPIMS via E2C Hub Socrata API
Marblehead,2019,School counselors,11.0,DESE EPIMS via E2C Hub Socrata API
Marblehead,2019,Administrators,26.0,DESE EPIMS via E2C Hub Socrata API
Marblehead,2019,Teachers (core),193.5,DESE EPIMS via E2C Hub Socrata API
Marblehead,2020,Tutors,58.3,DESE EPIMS via E2C Hub Socrata API
Marblehead,2020,Paraprofessionals,42.2,DESE EPIMS via E2C Hub Socrata API
Marblehead,2020,Co-teachers,22.5,DESE EPIMS via E2C Hub Socrata API
Marblehead,2020,Special ed related,20.8,DESE EPIMS via E2C Hub Socrata API
Marblehead,2020,School counselors,11.0,DESE EPIMS via E2C Hub Socrata API
Marblehead,2020,Administrators,25.0,DESE EPIMS via E2C Hub Socrata API
Marblehead,2020,Teachers (core),201.8,DESE EPIMS via E2C Hub Socrata API
Marblehead,2021,Tutors,60.0,DESE EPIMS via E2C Hub Socrata API
Marblehead,2021,Paraprofessionals,31.2,DESE EPIMS via E2C Hub Socrata API
Marblehead,2021,Co-teachers,2.7,DESE EPIMS via E2C Hub Socrata API
Marblehead,2021,Special ed related,24.8,DESE EPIMS via E2C Hub Socrata API
Marblehead,2021,School counselors,13.0,DESE EPIMS via E2C Hub Socrata API
Marblehead,2021,Administrators,23.5,DESE EPIMS via E2C Hub Socrata API
Marblehead,2021,Teachers (core),216.5,DESE EPIMS via E2C Hub Socrata API
Marblehead,2022,Tutors,60.1,DESE EPIMS via E2C Hub Socrata API
Marblehead,2022,Paraprofessionals,21.0,DESE EPIMS via E2C Hub Socrata API
Marblehead,2022,Co-teachers,19.2,DESE EPIMS via E2C Hub Socrata API
Marblehead,2022,Special ed related,18.8,DESE EPIMS via E2C Hub Socrata API
Marblehead,2022,School counselors,14.0,DESE EPIMS via E2C Hub Socrata API
Marblehead,2022,Administrators,21.4,DESE EPIMS via E2C Hub Socrata API
Marblehead,2022,Teachers (core),200.6,DESE EPIMS via E2C Hub Socrata API
Marblehead,2023,Tutors,57.6,DESE EPIMS via E2C Hub Socrata API
Marblehead,2023,Paraprofessionals,18.5,DESE EPIMS via E2C Hub Socrata API
Marblehead,2023,Co-teachers,24.6,DESE EPIMS via E2C Hub Socrata API
Marblehead,2023,Special ed related,20.2,DESE EPIMS via E2C Hub Socrata API
Marblehead,2023,School counselors,15.0,DESE EPIMS via E2C Hub Socrata API
Marblehead,2023,Administrators,22.0,DESE EPIMS via E2C Hub Socrata API
Marblehead,2023,Teachers (core),181.5,DESE EPIMS via E2C Hub Socrata API
Marblehead,2024,Tutors,18.3,DESE EPIMS via E2C Hub Socrata API
Marblehead,2024,Paraprofessionals,52.0,DESE EPIMS via E2C Hub Socrata API
Marblehead,2024,Co-teachers,27.7,DESE EPIMS via E2C Hub Socrata API
Marblehead,2024,Special ed related,17.6,DESE EPIMS via E2C Hub Socrata API
Marblehead,2024,School counselors,13.0,DESE EPIMS via E2C Hub Socrata API
Marblehead,2024,Administrators,26.0,DESE EPIMS via E2C Hub Socrata API
Marblehead,2024,Teachers (core),215.0,DESE EPIMS via E2C Hub Socrata API
Marblehead,2025,Tutors,31.5,DESE EPIMS via E2C Hub Socrata API
Marblehead,2025,Paraprofessionals,43.4,DESE EPIMS via E2C Hub Socrata API
Marblehead,2025,Co-teachers,24.6,DESE EPIMS via E2C Hub Socrata API
Marblehead,2025,Special ed related,20.1,DESE EPIMS via E2C Hub Socrata API
Marblehead,2025,School counselors,12.0,DESE EPIMS via E2C Hub Socrata API
Marblehead,2025,Administrators,25.0,DESE EPIMS via E2C Hub Socrata API
Marblehead,2025,Teachers (core),175.2,DESE EPIMS via E2C Hub Socrata API
Marblehead,2026,Tutors,73.5,DESE EPIMS via E2C Hub Socrata API
Marblehead,2026,Paraprofessionals,14.1,DESE EPIMS via E2C Hub Socrata API
Marblehead,2026,Co-teachers,29.3,DESE EPIMS via E2C Hub Socrata API
Marblehead,2026,Special ed related,19.3,DESE EPIMS via E2C Hub Socrata API
Marblehead,2026,School counselors,12.0,DESE EPIMS via E2C Hub Socrata API
Marblehead,2026,Administrators,26.0,DESE EPIMS via E2C Hub Socrata API
Marblehead,2026,Teachers (core),169.0,DESE EPIMS via E2C Hub Socrata API
Melrose,2008,Tutors,0.0,DESE EPIMS via E2C Hub Socrata API
Melrose,2008,Paraprofessionals,81.6,DESE EPIMS via E2C Hub Socrata API
Melrose,2008,Co-teachers,0,DESE EPIMS via E2C Hub Socrata API
Melrose,2008,Special ed related,11.9,DESE EPIMS via E2C Hub Socrata API
Melrose,2008,School counselors,6.8,DESE EPIMS via E2C Hub Socrata API
Melrose,2008,Administrators,28.3,DESE EPIMS via E2C Hub Socrata API
Melrose,2008,Teachers (core),237.5,DESE EPIMS via E2C Hub Socrata API
Melrose,2009,Tutors,0.0,DESE EPIMS via E2C Hub Socrata API
Melrose,2009,Paraprofessionals,96.5,DESE EPIMS via E2C Hub Socrata API
Melrose,2009,Co-teachers,0,DESE EPIMS via E2C Hub Socrata API
Melrose,2009,Special ed related,14.8,DESE EPIMS via E2C Hub Socrata API
Melrose,2009,School counselors,6.0,DESE EPIMS via E2C Hub Socrata API
Melrose,2009,Administrators,28.5,DESE EPIMS via E2C Hub Socrata API
Melrose,2009,Teachers (core),236.8,DESE EPIMS via E2C Hub Socrata API
Melrose,2010,Tutors,2.0,DESE EPIMS via E2C Hub Socrata API
Melrose,2010,Paraprofessionals,85.5,DESE EPIMS via E2C Hub Socrata API
Melrose,2010,Co-teachers,0,DESE EPIMS via E2C Hub Socrata API
Melrose,2010,Special ed related,14.8,DESE EPIMS via E2C Hub Socrata API
Melrose,2010,School counselors,7.0,DESE EPIMS via E2C Hub Socrata API
Melrose,2010,Administrators,27.3,DESE EPIMS via E2C Hub Socrata API
Melrose,2010,Teachers (core),237.9,DESE EPIMS via E2C Hub Socrata API
Melrose,2011,Tutors,4.3,DESE EPIMS via E2C Hub Socrata API
Melrose,2011,Paraprofessionals,94.0,DESE EPIMS via E2C Hub Socrata API
Melrose,2011,Co-teachers,60.3,DESE EPIMS via E2C Hub Socrata API
Melrose,2011,Special ed related,16.2,DESE EPIMS via E2C Hub Socrata API
Melrose,2011,School counselors,5.0,DESE EPIMS via E2C Hub Socrata API
Melrose,2011,Administrators,25.1,DESE EPIMS via E2C Hub Socrata API
Melrose,2011,Teachers (core),187.8,DESE EPIMS via E2C Hub Socrata API
Melrose,2012,Tutors,1.0,DESE EPIMS via E2C Hub Socrata API
Melrose,2012,Paraprofessionals,103.3,DESE EPIMS via E2C Hub Socrata API
Melrose,2012,Co-teachers,1.0,DESE EPIMS via E2C Hub Socrata API
Melrose,2012,Special ed related,18.7,DESE EPIMS via E2C Hub Socrata API
Melrose,2012,School counselors,7.2,DESE EPIMS via E2C Hub Socrata API
Melrose,2012,Administrators,23.1,DESE EPIMS via E2C Hub Socrata API
Melrose,2012,Teachers (core),217.2,DESE EPIMS via E2C Hub Socrata API
Melrose,2013,Tutors,4.3,DESE EPIMS via E2C Hub Socrata API
Melrose,2013,Paraprofessionals,98.2,DESE EPIMS via E2C Hub Socrata API
Melrose,2013,Co-teachers,4.8,DESE EPIMS via E2C Hub Socrata API
Melrose,2013,Special ed related,18.4,DESE EPIMS via E2C Hub Socrata API
Melrose,2013,School counselors,7.0,DESE EPIMS via E2C Hub Socrata API
Melrose,2013,Administrators,23.1,DESE EPIMS via E2C Hub Socrata API
Melrose,2013,Teachers (core),224.9,DESE EPIMS via E2C Hub Socrata API
Melrose,2014,Tutors,5.0,DESE EPIMS via E2C Hub Socrata API
Melrose,2014,Paraprofessionals,103.8,DESE EPIMS via E2C Hub Socrata API
Melrose,2014,Co-teachers,1.7,DESE EPIMS via E2C Hub Socrata API
Melrose,2014,Special ed related,20.4,DESE EPIMS via E2C Hub Socrata API
Melrose,2014,School counselors,7.4,DESE EPIMS via E2C Hub Socrata API
Melrose,2014,Administrators,21.4,DESE EPIMS via E2C Hub Socrata API
Melrose,2014,Teachers (core),221.8,DESE EPIMS via E2C Hub Socrata API
Melrose,2015,Tutors,2.4,DESE EPIMS via E2C Hub Socrata API
Melrose,2015,Paraprofessionals,104.7,DESE EPIMS via E2C Hub Socrata API
Melrose,2015,Co-teachers,0.4,DESE EPIMS via E2C Hub Socrata API
Melrose,2015,Special ed related,15.2,DESE EPIMS via E2C Hub Socrata API
Melrose,2015,School counselors,7.0,DESE EPIMS via E2C Hub Socrata API
Melrose,2015,Administrators,27.8,DESE EPIMS via E2C Hub Socrata API
Melrose,2015,Teachers (core),217.5,DESE EPIMS via E2C Hub Socrata API
Melrose,2016,Tutors,4.0,DESE EPIMS via E2C Hub Socrata API
Melrose,2016,Paraprofessionals,98.7,DESE EPIMS via E2C Hub Socrata API
Melrose,2016,Co-teachers,0.0,DESE EPIMS via E2C Hub Socrata API
Melrose,2016,Special ed related,14.6,DESE EPIMS via E2C Hub Socrata API
Melrose,2016,School counselors,7.0,DESE EPIMS via E2C Hub Socrata API
Melrose,2016,Administrators,28.6,DESE EPIMS via E2C Hub Socrata API
Melrose,2016,Teachers (core),220.0,DESE EPIMS via E2C Hub Socrata API
Melrose,2017,Tutors,5.2,DESE EPIMS via E2C Hub Socrata API
Melrose,2017,Paraprofessionals,93.5,DESE EPIMS via E2C Hub Socrata API
Melrose,2017,Co-teachers,0.0,DESE EPIMS via E2C Hub Socrata API
Melrose,2017,Special ed related,14.8,DESE EPIMS via E2C Hub Socrata API
Melrose,2017,School counselors,7.0,DESE EPIMS via E2C Hub Socrata API
Melrose,2017,Administrators,25.9,DESE EPIMS via E2C Hub Socrata API
Melrose,2017,Teachers (core),217.6,DESE EPIMS via E2C Hub Socrata API
Melrose,2018,Tutors,3.4,DESE EPIMS via E2C Hub Socrata API
Melrose,2018,Paraprofessionals,104.2,DESE EPIMS via E2C Hub Socrata API
Melrose,2018,Co-teachers,0.0,DESE EPIMS via E2C Hub Socrata API
Melrose,2018,Special ed related,15.6,DESE EPIMS via E2C Hub Socrata API
Melrose,2018,School counselors,7.0,DESE EPIMS via E2C Hub Socrata API
Melrose,2018,Administrators,26.6,DESE EPIMS via E2C Hub Socrata API
Melrose,2018,Teachers (core),226.6,DESE EPIMS via E2C Hub Socrata API
Melrose,2019,Tutors,5.0,DESE EPIMS via E2C Hub Socrata API
Melrose,2019,Paraprofessionals,105.5,DESE EPIMS via E2C Hub Socrata API
Melrose,2019,Co-teachers,0.0,DESE EPIMS via E2C Hub Socrata API
Melrose,2019,Special ed related,15.8,DESE EPIMS via E2C Hub Socrata API
Melrose,2019,School counselors,7.0,DESE EPIMS via E2C Hub Socrata API
Melrose,2019,Administrators,27.6,DESE EPIMS via E2C Hub Socrata API
Melrose,2019,Teachers (core),227.7,DESE EPIMS via E2C Hub Socrata API
Melrose,2020,Tutors,4.0,DESE EPIMS via E2C Hub Socrata API
Melrose,2020,Paraprofessionals,111.2,DESE EPIMS via E2C Hub Socrata API
Melrose,2020,Co-teachers,0.0,DESE EPIMS via E2C Hub Socrata API
Melrose,2020,Special ed related,17.2,DESE EPIMS via E2C Hub Socrata API
Melrose,2020,School counselors,9.0,DESE EPIMS via E2C Hub Socrata API
Melrose,2020,Administrators,32.1,DESE EPIMS via E2C Hub Socrata API
Melrose,2020,Teachers (core),227.0,DESE EPIMS via E2C Hub Socrata API
Melrose,2021,Tutors,4.1,DESE EPIMS via E2C Hub Socrata API
Melrose,2021,Paraprofessionals,100.4,DESE EPIMS via E2C Hub Socrata API
Melrose,2021,Co-teachers,11.9,DESE EPIMS via E2C Hub Socrata API
Melrose,2021,Special ed related,15.2,DESE EPIMS via E2C Hub Socrata API
Melrose,2021,School counselors,9.0,DESE EPIMS via E2C Hub Socrata API
Melrose,2021,Administrators,31.4,DESE EPIMS via E2C Hub Socrata API
Melrose,2021,Teachers (core),221.6,DESE EPIMS via E2C Hub Socrata API
Melrose,2022,Tutors,5.9,DESE EPIMS via E2C Hub Socrata API
Melrose,2022,Paraprofessionals,121.6,DESE EPIMS via E2C Hub Socrata API
Melrose,2022,Co-teachers,43.2,DESE EPIMS via E2C Hub Socrata API
Melrose,2022,Special ed related,18.8,DESE EPIMS via E2C Hub Socrata API
Melrose,2022,School counselors,8.0,DESE EPIMS via E2C Hub Socrata API
Melrose,2022,Administrators,34.0,DESE EPIMS via E2C Hub Socrata API
Melrose,2022,Teachers (core),204.6,DESE EPIMS via E2C Hub Socrata API
Melrose,2023,Tutors,8.9,DESE EPIMS via E2C Hub Socrata API
Melrose,2023,Paraprofessionals,119.1,DESE EPIMS via E2C Hub Socrata API
Melrose,2023,Co-teachers,9.4,DESE EPIMS via E2C Hub Socrata API
Melrose,2023,Special ed related,19.8,DESE EPIMS via E2C Hub Socrata API
Melrose,2023,School counselors,8.0,DESE EPIMS via E2C Hub Socrata API
Melrose,2023,Administrators,33.5,DESE EPIMS via E2C Hub Socrata API
Melrose,2023,Teachers (core),224.6,DESE EPIMS via E2C Hub Socrata API
Melrose,2024,Tutors,9.0,DESE EPIMS via E2C Hub Socrata API
Melrose,2024,Paraprofessionals,113.7,DESE EPIMS via E2C Hub Socrata API
Melrose,2024,Co-teachers,5.0,DESE EPIMS via E2C Hub Socrata API
Melrose,2024,Special ed related,18.4,DESE EPIMS via E2C Hub Socrata API
Melrose,2024,School counselors,8.0,DESE EPIMS via E2C Hub Socrata API
Melrose,2024,Administrators,37.5,DESE EPIMS via E2C Hub Socrata API
Melrose,2024,Teachers (core),234.2,DESE EPIMS via E2C Hub Socrata API
Melrose,2025,Tutors,9.6,DESE EPIMS via E2C Hub Socrata API
Melrose,2025,Paraprofessionals,108.8,DESE EPIMS via E2C Hub Socrata API
Melrose,2025,Co-teachers,4.0,DESE EPIMS via E2C Hub Socrata API
Melrose,2025,Special ed related,18.4,DESE EPIMS via E2C Hub Socrata API
Melrose,2025,School counselors,7.0,DESE EPIMS via E2C Hub Socrata API
Melrose,2025,Administrators,32.3,DESE EPIMS via E2C Hub Socrata API
Melrose,2025,Teachers (core),232.4,DESE EPIMS via E2C Hub Socrata API
Melrose,2026,Tutors,7.8,DESE EPIMS via E2C Hub Socrata API
Melrose,2026,Paraprofessionals,121.6,DESE EPIMS via E2C Hub Socrata API
Melrose,2026,Co-teachers,15.6,DESE EPIMS via E2C Hub Socrata API
Melrose,2026,Special ed related,20.5,DESE EPIMS via E2C Hub Socrata API
Melrose,2026,School counselors,8.0,DESE EPIMS via E2C Hub Socrata API
Melrose,2026,Administrators,28.8,DESE EPIMS via E2C Hub Socrata API
Melrose,2026,Teachers (core),226.9,DESE EPIMS via E2C Hub Socrata API
Swampscott,2008,Tutors,3.0,DESE EPIMS via E2C Hub Socrata API
Swampscott,2008,Paraprofessionals,59.0,DESE EPIMS via E2C Hub Socrata API
Swampscott,2008,Co-teachers,0,DESE EPIMS via E2C Hub Socrata API
Swampscott,2008,Special ed related,6.0,DESE EPIMS via E2C Hub Socrata API
Swampscott,2008,School counselors,6.0,DESE EPIMS via E2C Hub Socrata API
Swampscott,2008,Administrators,14.0,DESE EPIMS via E2C Hub Socrata API
Swampscott,2008,Teachers (core),152.4,DESE EPIMS via E2C Hub Socrata API
Swampscott,2009,Tutors,2.8,DESE EPIMS via E2C Hub Socrata API
Swampscott,2009,Paraprofessionals,54.2,DESE EPIMS via E2C Hub Socrata API
Swampscott,2009,Co-teachers,0,DESE EPIMS via E2C Hub Socrata API
Swampscott,2009,Special ed related,4.6,DESE EPIMS via E2C Hub Socrata API
Swampscott,2009,School counselors,6.0,DESE EPIMS via E2C Hub Socrata API
Swampscott,2009,Administrators,16.0,DESE EPIMS via E2C Hub Socrata API
Swampscott,2009,Teachers (core),155.5,DESE EPIMS via E2C Hub Socrata API
Swampscott,2010,Tutors,5.0,DESE EPIMS via E2C Hub Socrata API
Swampscott,2010,Paraprofessionals,54.0,DESE EPIMS via E2C Hub Socrata API
Swampscott,2010,Co-teachers,0,DESE EPIMS via E2C Hub Socrata API
Swampscott,2010,Special ed related,4.4,DESE EPIMS via E2C Hub Socrata API
Swampscott,2010,School counselors,6.0,DESE EPIMS via E2C Hub Socrata API
Swampscott,2010,Administrators,15.0,DESE EPIMS via E2C Hub Socrata API
Swampscott,2010,Teachers (core),156.1,DESE EPIMS via E2C Hub Socrata API
Swampscott,2011,Tutors,6.3,DESE EPIMS via E2C Hub Socrata API
Swampscott,2011,Paraprofessionals,50.1,DESE EPIMS via E2C Hub Socrata API
Swampscott,2011,Co-teachers,3.0,DESE EPIMS via E2C Hub Socrata API
Swampscott,2011,Special ed related,5.0,DESE EPIMS via E2C Hub Socrata API
Swampscott,2011,School counselors,5.0,DESE EPIMS via E2C Hub Socrata API
Swampscott,2011,Administrators,16.0,DESE EPIMS via E2C Hub Socrata API
Swampscott,2011,Teachers (core),149.6,DESE EPIMS via E2C Hub Socrata API
Swampscott,2012,Tutors,16.5,DESE EPIMS via E2C Hub Socrata API
Swampscott,2012,Paraprofessionals,45.5,DESE EPIMS via E2C Hub Socrata API
Swampscott,2012,Co-teachers,0.0,DESE EPIMS via E2C Hub Socrata API
Swampscott,2012,Special ed related,5.0,DESE EPIMS via E2C Hub Socrata API
Swampscott,2012,School counselors,5.0,DESE EPIMS via E2C Hub Socrata API
Swampscott,2012,Administrators,16.4,DESE EPIMS via E2C Hub Socrata API
Swampscott,2012,Teachers (core),152.8,DESE EPIMS via E2C Hub Socrata API
Swampscott,2013,Tutors,19.1,DESE EPIMS via E2C Hub Socrata API
Swampscott,2013,Paraprofessionals,47.1,DESE EPIMS via E2C Hub Socrata API
Swampscott,2013,Co-teachers,5.8,DESE EPIMS via E2C Hub Socrata API
Swampscott,2013,Special ed related,5.0,DESE EPIMS via E2C Hub Socrata API
Swampscott,2013,School counselors,5.6,DESE EPIMS via E2C Hub Socrata API
Swampscott,2013,Administrators,16.6,DESE EPIMS via E2C Hub Socrata API
Swampscott,2013,Teachers (core),154.2,DESE EPIMS via E2C Hub Socrata API
Swampscott,2014,Tutors,26.1,DESE EPIMS via E2C Hub Socrata API
Swampscott,2014,Paraprofessionals,48.7,DESE EPIMS via E2C Hub Socrata API
Swampscott,2014,Co-teachers,8.5,DESE EPIMS via E2C Hub Socrata API
Swampscott,2014,Special ed related,5.0,DESE EPIMS via E2C Hub Socrata API
Swampscott,2014,School counselors,5.0,DESE EPIMS via E2C Hub Socrata API
Swampscott,2014,Administrators,17.0,DESE EPIMS via E2C Hub Socrata API
Swampscott,2014,Teachers (core),147.0,DESE EPIMS via E2C Hub Socrata API
Swampscott,2015,Tutors,36.7,DESE EPIMS via E2C Hub Socrata API
Swampscott,2015,Paraprofessionals,47.3,DESE EPIMS via E2C Hub Socrata API
Swampscott,2015,Co-teachers,3.4,DESE EPIMS via E2C Hub Socrata API
Swampscott,2015,Special ed related,7.0,DESE EPIMS via E2C Hub Socrata API
Swampscott,2015,School counselors,5.0,DESE EPIMS via E2C Hub Socrata API
Swampscott,2015,Administrators,14.6,DESE EPIMS via E2C Hub Socrata API
Swampscott,2015,Teachers (core),150.9,DESE EPIMS via E2C Hub Socrata API
Swampscott,2016,Tutors,26.1,DESE EPIMS via E2C Hub Socrata API
Swampscott,2016,Paraprofessionals,44.3,DESE EPIMS via E2C Hub Socrata API
Swampscott,2016,Co-teachers,9.4,DESE EPIMS via E2C Hub Socrata API
Swampscott,2016,Special ed related,7.0,DESE EPIMS via E2C Hub Socrata API
Swampscott,2016,School counselors,4.0,DESE EPIMS via E2C Hub Socrata API
Swampscott,2016,Administrators,15.6,DESE EPIMS via E2C Hub Socrata API
Swampscott,2016,Teachers (core),157.7,DESE EPIMS via E2C Hub Socrata API
Swampscott,2017,Tutors,13.8,DESE EPIMS via E2C Hub Socrata API
Swampscott,2017,Paraprofessionals,65.1,DESE EPIMS via E2C Hub Socrata API
Swampscott,2017,Co-teachers,15.0,DESE EPIMS via E2C Hub Socrata API
Swampscott,2017,Special ed related,9.0,DESE EPIMS via E2C Hub Socrata API
Swampscott,2017,School counselors,5.0,DESE EPIMS via E2C Hub Socrata API
Swampscott,2017,Administrators,14.2,DESE EPIMS via E2C Hub Socrata API
Swampscott,2017,Teachers (core),159.9,DESE EPIMS via E2C Hub Socrata API
Swampscott,2018,Tutors,0.0,DESE EPIMS via E2C Hub Socrata API
Swampscott,2018,Paraprofessionals,77.7,DESE EPIMS via E2C Hub Socrata API
Swampscott,2018,Co-teachers,25.5,DESE EPIMS via E2C Hub Socrata API
Swampscott,2018,Special ed related,9.0,DESE EPIMS via E2C Hub Socrata API
Swampscott,2018,School counselors,5.0,DESE EPIMS via E2C Hub Socrata API
Swampscott,2018,Administrators,19.0,DESE EPIMS via E2C Hub Socrata API
Swampscott,2018,Teachers (core),143.1,DESE EPIMS via E2C Hub Socrata API
Swampscott,2019,Tutors,0.0,DESE EPIMS via E2C Hub Socrata API
Swampscott,2019,Paraprofessionals,78.2,DESE EPIMS via E2C Hub Socrata API
Swampscott,2019,Co-teachers,4.6,DESE EPIMS via E2C Hub Socrata API
Swampscott,2019,Special ed related,7.0,DESE EPIMS via E2C Hub Socrata API
Swampscott,2019,School counselors,5.0,DESE EPIMS via E2C Hub Socrata API
Swampscott,2019,Administrators,20.2,DESE EPIMS via E2C Hub Socrata API
Swampscott,2019,Teachers (core),154.0,DESE EPIMS via E2C Hub Socrata API
Swampscott,2020,Tutors,0.0,DESE EPIMS via E2C Hub Socrata API
Swampscott,2020,Paraprofessionals,84.2,DESE EPIMS via E2C Hub Socrata API
Swampscott,2020,Co-teachers,21.9,DESE EPIMS via E2C Hub Socrata API
Swampscott,2020,Special ed related,6.8,DESE EPIMS via E2C Hub Socrata API
Swampscott,2020,School counselors,5.0,DESE EPIMS via E2C Hub Socrata API
Swampscott,2020,Administrators,20.8,DESE EPIMS via E2C Hub Socrata API
Swampscott,2020,Teachers (core),146.0,DESE EPIMS via E2C Hub Socrata API
Swampscott,2021,Tutors,0.0,DESE EPIMS via E2C Hub Socrata API
Swampscott,2021,Paraprofessionals,67.2,DESE EPIMS via E2C Hub Socrata API
Swampscott,2021,Co-teachers,25.3,DESE EPIMS via E2C Hub Socrata API
Swampscott,2021,Special ed related,5.0,DESE EPIMS via E2C Hub Socrata API
Swampscott,2021,School counselors,5.0,DESE EPIMS via E2C Hub Socrata API
Swampscott,2021,Administrators,19.8,DESE EPIMS via E2C Hub Socrata API
Swampscott,2021,Teachers (core),143.8,DESE EPIMS via E2C Hub Socrata API
Swampscott,2022,Tutors,0.0,DESE EPIMS via E2C Hub Socrata API
Swampscott,2022,Paraprofessionals,69.0,DESE EPIMS via E2C Hub Socrata API
Swampscott,2022,Co-teachers,26.7,DESE EPIMS via E2C Hub Socrata API
Swampscott,2022,Special ed related,6.5,DESE EPIMS via E2C Hub Socrata API
Swampscott,2022,School counselors,5.8,DESE EPIMS via E2C Hub Socrata API
Swampscott,2022,Administrators,22.4,DESE EPIMS via E2C Hub Socrata API
Swampscott,2022,Teachers (core),143.2,DESE EPIMS via E2C Hub Socrata API
Swampscott,2023,Tutors,0.0,DESE EPIMS via E2C Hub Socrata API
Swampscott,2023,Paraprofessionals,66.1,DESE EPIMS via E2C Hub Socrata API
Swampscott,2023,Co-teachers,28.0,DESE EPIMS via E2C Hub Socrata API
Swampscott,2023,Special ed related,8.5,DESE EPIMS via E2C Hub Socrata API
Swampscott,2023,School counselors,6.0,DESE EPIMS via E2C Hub Socrata API
Swampscott,2023,Administrators,22.4,DESE EPIMS via E2C Hub Socrata API
Swampscott,2023,Teachers (core),138.5,DESE EPIMS via E2C Hub Socrata API
Swampscott,2024,Tutors,0.0,DESE EPIMS via E2C Hub Socrata API
Swampscott,2024,Paraprofessionals,71.7,DESE EPIMS via E2C Hub Socrata API
Swampscott,2024,Co-teachers,14.3,DESE EPIMS via E2C Hub Socrata API
Swampscott,2024,Special ed related,8.0,DESE EPIMS via E2C Hub Socrata API
Swampscott,2024,School counselors,6.2,DESE EPIMS via E2C Hub Socrata API
Swampscott,2024,Administrators,22.1,DESE EPIMS via E2C Hub Socrata API
Swampscott,2024,Teachers (core),143.5,DESE EPIMS via E2C Hub Socrata API
Swampscott,2025,Tutors,0.0,DESE EPIMS via E2C Hub Socrata API
Swampscott,2025,Paraprofessionals,65.7,DESE EPIMS via E2C Hub Socrata API
Swampscott,2025,Co-teachers,27.0,DESE EPIMS via E2C Hub Socrata API
Swampscott,2025,Special ed related,10.7,DESE EPIMS via E2C Hub Socrata API
Swampscott,2025,School counselors,5.8,DESE EPIMS via E2C Hub Socrata API
Swampscott,2025,Administrators,21.9,DESE EPIMS via E2C Hub Socrata API
Swampscott,2025,Teachers (core),135.3,DESE EPIMS via E2C Hub Socrata API
Swampscott,2026,Tutors,0.0,DESE EPIMS via E2C Hub Socrata API
Swampscott,2026,Paraprofessionals,60.7,DESE EPIMS via E2C Hub Socrata API
Swampscott,2026,Co-teachers,35.6,DESE EPIMS via E2C Hub Socrata API
Swampscott,2026,Special ed related,9.9,DESE EPIMS via E2C Hub Socrata API
Swampscott,2026,School counselors,5.7,DESE EPIMS via E2C Hub Socrata API
Swampscott,2026,Administrators,20.1,DESE EPIMS via E2C Hub Socrata API
Swampscott,2026,Teachers (core),133.4,DESE EPIMS via E2C Hub Socrata API
Stoneham,2008,Tutors,0.0,DESE EPIMS via E2C Hub Socrata API
Stoneham,2008,Paraprofessionals,56.8,DESE EPIMS via E2C Hub Socrata API
Stoneham,2008,Co-teachers,0,DESE EPIMS via E2C Hub Socrata API
Stoneham,2008,Special ed related,10.1,DESE EPIMS via E2C Hub Socrata API
Stoneham,2008,School counselors,7.2,DESE EPIMS via E2C Hub Socrata API
Stoneham,2008,Administrators,17.6,DESE EPIMS via E2C Hub Socrata API
Stoneham,2008,Teachers (core),170.4,DESE EPIMS via E2C Hub Socrata API
Stoneham,2009,Tutors,0.0,DESE EPIMS via E2C Hub Socrata API
Stoneham,2009,Paraprofessionals,57.2,DESE EPIMS via E2C Hub Socrata API
Stoneham,2009,Co-teachers,0,DESE EPIMS via E2C Hub Socrata API
Stoneham,2009,Special ed related,9.2,DESE EPIMS via E2C Hub Socrata API
Stoneham,2009,School counselors,8.2,DESE EPIMS via E2C Hub Socrata API
Stoneham,2009,Administrators,16.4,DESE EPIMS via E2C Hub Socrata API
Stoneham,2009,Teachers (core),164.3,DESE EPIMS via E2C Hub Socrata API
Stoneham,2010,Tutors,0.0,DESE EPIMS via E2C Hub Socrata API
Stoneham,2010,Paraprofessionals,58.7,DESE EPIMS via E2C Hub Socrata API
Stoneham,2010,Co-teachers,0,DESE EPIMS via E2C Hub Socrata API
Stoneham,2010,Special ed related,12.1,DESE EPIMS via E2C Hub Socrata API
Stoneham,2010,School counselors,7.0,DESE EPIMS via E2C Hub Socrata API
Stoneham,2010,Administrators,18.6,DESE EPIMS via E2C Hub Socrata API
Stoneham,2010,Teachers (core),174.9,DESE EPIMS via E2C Hub Socrata API
Stoneham,2011,Tutors,0.0,DESE EPIMS via E2C Hub Socrata API
Stoneham,2011,Paraprofessionals,60.1,DESE EPIMS via E2C Hub Socrata API
Stoneham,2011,Co-teachers,0.0,DESE EPIMS via E2C Hub Socrata API
Stoneham,2011,Special ed related,12.1,DESE EPIMS via E2C Hub Socrata API
Stoneham,2011,School counselors,7.4,DESE EPIMS via E2C Hub Socrata API
Stoneham,2011,Administrators,18.7,DESE EPIMS via E2C Hub Socrata API
Stoneham,2011,Teachers (core),159.7,DESE EPIMS via E2C Hub Socrata API
Stoneham,2012,Tutors,0.5,DESE EPIMS via E2C Hub Socrata API
Stoneham,2012,Paraprofessionals,56.9,DESE EPIMS via E2C Hub Socrata API
Stoneham,2012,Co-teachers,0.0,DESE EPIMS via E2C Hub Socrata API
Stoneham,2012,Special ed related,14.8,DESE EPIMS via E2C Hub Socrata API
Stoneham,2012,School counselors,7.4,DESE EPIMS via E2C Hub Socrata API
Stoneham,2012,Administrators,18.0,DESE EPIMS via E2C Hub Socrata API
Stoneham,2012,Teachers (core),156.0,DESE EPIMS via E2C Hub Socrata API
Stoneham,2013,Tutors,4.2,DESE EPIMS via E2C Hub Socrata API
Stoneham,2013,Paraprofessionals,55.7,DESE EPIMS via E2C Hub Socrata API
Stoneham,2013,Co-teachers,2.0,DESE EPIMS via E2C Hub Socrata API
Stoneham,2013,Special ed related,18.1,DESE EPIMS via E2C Hub Socrata API
Stoneham,2013,School counselors,8.0,DESE EPIMS via E2C Hub Socrata API
Stoneham,2013,Administrators,17.4,DESE EPIMS via E2C Hub Socrata API
Stoneham,2013,Teachers (core),154.5,DESE EPIMS via E2C Hub Socrata API
Stoneham,2014,Tutors,5.1,DESE EPIMS via E2C Hub Socrata API
Stoneham,2014,Paraprofessionals,57.1,DESE EPIMS via E2C Hub Socrata API
Stoneham,2014,Co-teachers,1.0,DESE EPIMS via E2C Hub Socrata API
Stoneham,2014,Special ed related,16.0,DESE EPIMS via E2C Hub Socrata API
Stoneham,2014,School counselors,6.0,DESE EPIMS via E2C Hub Socrata API
Stoneham,2014,Administrators,16.4,DESE EPIMS via E2C Hub Socrata API
Stoneham,2014,Teachers (core),153.4,DESE EPIMS via E2C Hub Socrata API
Stoneham,2015,Tutors,4.1,DESE EPIMS via E2C Hub Socrata API
Stoneham,2015,Paraprofessionals,52.3,DESE EPIMS via E2C Hub Socrata API
Stoneham,2015,Co-teachers,1.0,DESE EPIMS via E2C Hub Socrata API
Stoneham,2015,Special ed related,15.4,DESE EPIMS via E2C Hub Socrata API
Stoneham,2015,School counselors,6.0,DESE EPIMS via E2C Hub Socrata API
Stoneham,2015,Administrators,20.2,DESE EPIMS via E2C Hub Socrata API
Stoneham,2015,Teachers (core),159.0,DESE EPIMS via E2C Hub Socrata API
Stoneham,2016,Tutors,4.1,DESE EPIMS via E2C Hub Socrata API
Stoneham,2016,Paraprofessionals,52.3,DESE EPIMS via E2C Hub Socrata API
Stoneham,2016,Co-teachers,1.0,DESE EPIMS via E2C Hub Socrata API
Stoneham,2016,Special ed related,20.0,DESE EPIMS via E2C Hub Socrata API
Stoneham,2016,School counselors,7.0,DESE EPIMS via E2C Hub Socrata API
Stoneham,2016,Administrators,19.8,DESE EPIMS via E2C Hub Socrata API
Stoneham,2016,Teachers (core),163.3,DESE EPIMS via E2C Hub Socrata API
Stoneham,2017,Tutors,4.1,DESE EPIMS via E2C Hub Socrata API
Stoneham,2017,Paraprofessionals,52.9,DESE EPIMS via E2C Hub Socrata API
Stoneham,2017,Co-teachers,0.0,DESE EPIMS via E2C Hub Socrata API
Stoneham,2017,Special ed related,22.4,DESE EPIMS via E2C Hub Socrata API
Stoneham,2017,School counselors,7.0,DESE EPIMS via E2C Hub Socrata API
Stoneham,2017,Administrators,20.1,DESE EPIMS via E2C Hub Socrata API
Stoneham,2017,Teachers (core),164.8,DESE EPIMS via E2C Hub Socrata API
Stoneham,2018,Tutors,1.3,DESE EPIMS via E2C Hub Socrata API
Stoneham,2018,Paraprofessionals,51.3,DESE EPIMS via E2C Hub Socrata API
Stoneham,2018,Co-teachers,0.7,DESE EPIMS via E2C Hub Socrata API
Stoneham,2018,Special ed related,23.7,DESE EPIMS via E2C Hub Socrata API
Stoneham,2018,School counselors,6.0,DESE EPIMS via E2C Hub Socrata API
Stoneham,2018,Administrators,19.6,DESE EPIMS via E2C Hub Socrata API
Stoneham,2018,Teachers (core),162.8,DESE EPIMS via E2C Hub Socrata API
Stoneham,2019,Tutors,1.2,DESE EPIMS via E2C Hub Socrata API
Stoneham,2019,Paraprofessionals,59.6,DESE EPIMS via E2C Hub Socrata API
Stoneham,2019,Co-teachers,1.5,DESE EPIMS via E2C Hub Socrata API
Stoneham,2019,Special ed related,27.4,DESE EPIMS via E2C Hub Socrata API
Stoneham,2019,School counselors,6.0,DESE EPIMS via E2C Hub Socrata API
Stoneham,2019,Administrators,21.8,DESE EPIMS via E2C Hub Socrata API
Stoneham,2019,Teachers (core),165.0,DESE EPIMS via E2C Hub Socrata API
Stoneham,2020,Tutors,1.6,DESE EPIMS via E2C Hub Socrata API
Stoneham,2020,Paraprofessionals,66.9,DESE EPIMS via E2C Hub Socrata API
Stoneham,2020,Co-teachers,5.3,DESE EPIMS via E2C Hub Socrata API
Stoneham,2020,Special ed related,28.8,DESE EPIMS via E2C Hub Socrata API
Stoneham,2020,School counselors,6.0,DESE EPIMS via E2C Hub Socrata API
Stoneham,2020,Administrators,22.2,DESE EPIMS via E2C Hub Socrata API
Stoneham,2020,Teachers (core),166.4,DESE EPIMS via E2C Hub Socrata API
Stoneham,2021,Tutors,0.8,DESE EPIMS via E2C Hub Socrata API
Stoneham,2021,Paraprofessionals,56.6,DESE EPIMS via E2C Hub Socrata API
Stoneham,2021,Co-teachers,2.6,DESE EPIMS via E2C Hub Socrata API
Stoneham,2021,Special ed related,29.0,DESE EPIMS via E2C Hub Socrata API
Stoneham,2021,School counselors,6.0,DESE EPIMS via E2C Hub Socrata API
Stoneham,2021,Administrators,19.9,DESE EPIMS via E2C Hub Socrata API
Stoneham,2021,Teachers (core),169.8,DESE EPIMS via E2C Hub Socrata API
Stoneham,2022,Tutors,1.0,DESE EPIMS via E2C Hub Socrata API
Stoneham,2022,Paraprofessionals,66.0,DESE EPIMS via E2C Hub Socrata API
Stoneham,2022,Co-teachers,8.8,DESE EPIMS via E2C Hub Socrata API
Stoneham,2022,Special ed related,30.8,DESE EPIMS via E2C Hub Socrata API
Stoneham,2022,School counselors,6.0,DESE EPIMS via E2C Hub Socrata API
Stoneham,2022,Administrators,20.8,DESE EPIMS via E2C Hub Socrata API
Stoneham,2022,Teachers (core),172.6,DESE EPIMS via E2C Hub Socrata API
Stoneham,2023,Tutors,0.0,DESE EPIMS via E2C Hub Socrata API
Stoneham,2023,Paraprofessionals,58.9,DESE EPIMS via E2C Hub Socrata API
Stoneham,2023,Co-teachers,11.4,DESE EPIMS via E2C Hub Socrata API
Stoneham,2023,Special ed related,36.2,DESE EPIMS via E2C Hub Socrata API
Stoneham,2023,School counselors,6.0,DESE EPIMS via E2C Hub Socrata API
Stoneham,2023,Administrators,20.5,DESE EPIMS via E2C Hub Socrata API
Stoneham,2023,Teachers (core),171.6,DESE EPIMS via E2C Hub Socrata API
Stoneham,2024,Tutors,0.0,DESE EPIMS via E2C Hub Socrata API
Stoneham,2024,Paraprofessionals,64.6,DESE EPIMS via E2C Hub Socrata API
Stoneham,2024,Co-teachers,17.0,DESE EPIMS via E2C Hub Socrata API
Stoneham,2024,Special ed related,42.5,DESE EPIMS via E2C Hub Socrata API
Stoneham,2024,School counselors,7.0,DESE EPIMS via E2C Hub Socrata API
Stoneham,2024,Administrators,21.4,DESE EPIMS via E2C Hub Socrata API
Stoneham,2024,Teachers (core),179.6,DESE EPIMS via E2C Hub Socrata API
Stoneham,2025,Tutors,0.3,DESE EPIMS via E2C Hub Socrata API
Stoneham,2025,Paraprofessionals,67.8,DESE EPIMS via E2C Hub Socrata API
Stoneham,2025,Co-teachers,10.7,DESE EPIMS via E2C Hub Socrata API
Stoneham,2025,Special ed related,52.8,DESE EPIMS via E2C Hub Socrata API
Stoneham,2025,School counselors,6.9,DESE EPIMS via E2C Hub Socrata API
Stoneham,2025,Administrators,21.4,DESE EPIMS via E2C Hub Socrata API
Stoneham,2025,Teachers (core),181.8,DESE EPIMS via E2C Hub Socrata API
Stoneham,2026,Tutors,1.0,DESE EPIMS via E2C Hub Socrata API
Stoneham,2026,Paraprofessionals,69.8,DESE EPIMS via E2C Hub Socrata API
Stoneham,2026,Co-teachers,11.0,DESE EPIMS via E2C Hub Socrata API
Stoneham,2026,Special ed related,48.6,DESE EPIMS via E2C Hub Socrata API
Stoneham,2026,School counselors,6.9,DESE EPIMS via E2C Hub Socrata API
Stoneham,2026,Administrators,19.7,DESE EPIMS via E2C Hub Socrata API
Stoneham,2026,Teachers (core),182.2,DESE EPIMS via E2C Hub Socrata API
