org1,org2,org3,org4,org5,org6,fiscal_year,depth,amount_usd,snapshot_date,source_url
DEBT SERVICE,DEBT SERVICE,EXPENSES,OTHER EXPENSE,DEBT SERVICE,DEBT SERVICE,FY2026,6,14238517.58,2026-06-11,https://townofmarblehead-ma-oe.spending.socrata.com/#!/year/2026
OTHER,OTHER GOVERNMENTAL,GROUP INSURANCE,OTHER EXPENSE,OTHER,OTHER,FY2026,6,13734760.79,2026-06-11,https://townofmarblehead-ma-oe.spending.socrata.com/#!/year/2026
UNDEFINED,UNASSIGNED,UNDEFINED,UNKNOWN,UNDEFINED,UNDEFINED,FY2026,6,12896257.04,2026-06-11,https://townofmarblehead-ma-oe.spending.socrata.com/#!/year/2026
PUBLIC WORKS,LIGHT,EXPENSES,CONTRACTED SERVICES,PUBLIC WORKS,PUBLIC WORKS,FY2026,6,8268298.86,2026-06-11,https://townofmarblehead-ma-oe.spending.socrata.com/#!/year/2026
EDUCATION,DISTRICTWIDE,UNDEFINED,CONTRACTED SERVICES,EDUCATION,EDUCATION,FY2026,6,6524341.59,2026-06-11,https://townofmarblehead-ma-oe.spending.socrata.com/#!/year/2026
OTHER,OTHER GOVERNMENTAL,CONTRIBUTORY RETIREMENT,OTHER EXPENSE,OTHER,OTHER,FY2026,6,5380625.0,2026-06-11,https://townofmarblehead-ma-oe.spending.socrata.com/#!/year/2026
PUBLIC WORKS,SEWER,SOUTH ESSEX SEWER DISTRICT,GOVERNMENTAL,PUBLIC WORKS,PUBLIC WORKS,FY2026,6,3267244.87,2026-06-11,https://townofmarblehead-ma-oe.spending.socrata.com/#!/year/2026
PUBLIC WORKS,WATER,MASS WATER RESOURCES AUTHORITY,GOVERNMENTAL,PUBLIC WORKS,PUBLIC WORKS,FY2026,6,3195219.0,2026-06-11,https://townofmarblehead-ma-oe.spending.socrata.com/#!/year/2026
EDUCATION,EDUCATION,UNDEFINED,CAPITAL,EDUCATION,EDUCATION,FY2026,6,2181515.83,2026-06-11,https://townofmarblehead-ma-oe.spending.socrata.com/#!/year/2026
PUBLIC WORKS,PUBLIC WORKS,UNDEFINED,CAPITAL,PUBLIC WORKS,PUBLIC WORKS,FY2026,6,1917491.21,2026-06-11,https://townofmarblehead-ma-oe.spending.socrata.com/#!/year/2026
EDUCATION,EDUCATION,UNDEFINED,CONTRACTED SERVICES,EDUCATION,EDUCATION,FY2026,6,1822529.87,2026-06-11,https://townofmarblehead-ma-oe.spending.socrata.com/#!/year/2026
PUBLIC WORKS,WASTE COLLECTION,EXPENSES,CONTRACTED SERVICES,PUBLIC WORKS,PUBLIC WORKS,FY2026,6,1803767.7,2026-06-11,https://townofmarblehead-ma-oe.spending.socrata.com/#!/year/2026
PUBLIC WORKS,LIGHT,EXPENSES,OTHER EXPENSE,PUBLIC WORKS,PUBLIC WORKS,FY2026,6,1490494.51,2026-06-11,https://townofmarblehead-ma-oe.spending.socrata.com/#!/year/2026
PUBLIC WORKS,WASTE COLLECTION,UNDEFINED,OTHER EXPENSE,PUBLIC WORKS,PUBLIC WORKS,FY2026,6,1327441.22,2026-06-11,https://townofmarblehead-ma-oe.spending.socrata.com/#!/year/2026
EDUCATION,DISTRICTWIDE,UNDEFINED,SUPPLIES AND MATL,EDUCATION,EDUCATION,FY2026,6,1196942.98,2026-06-11,https://townofmarblehead-ma-oe.spending.socrata.com/#!/year/2026
GENERAL GOVERNMENT,SELECT BOARD,UNDEFINED,CONTRACTED SERVICES,GENERAL GOVERNMENT,GENERAL GOVERNMENT,FY2026,6,1074262.1,2026-06-11,https://townofmarblehead-ma-oe.spending.socrata.com/#!/year/2026
EDUCATION,UNASSIGNED,UNDEFINED,OTHER EXPENSE,EDUCATION,EDUCATION,FY2026,6,1019644.76,2026-06-11,https://townofmarblehead-ma-oe.spending.socrata.com/#!/year/2026
PUBLIC WORKS,WATER,UNDEFINED,CAPITAL,PUBLIC WORKS,PUBLIC WORKS,FY2026,6,973466.12,2026-06-11,https://townofmarblehead-ma-oe.spending.socrata.com/#!/year/2026
OTHER,OTHER GOVERNMENTAL,OTHER INSURANCE,OTHER EXPENSE,OTHER,OTHER,FY2026,6,932233.48,2026-06-11,https://townofmarblehead-ma-oe.spending.socrata.com/#!/year/2026
GENERAL GOVERNMENT,FINANCE,EXPENSES,CONTRACTED SERVICES,GENERAL GOVERNMENT,GENERAL GOVERNMENT,FY2026,6,882473.9,2026-06-11,https://townofmarblehead-ma-oe.spending.socrata.com/#!/year/2026
PUBLIC WORKS,WATER,ATM25A11A-WATER CONSTRCUTION,CAPITAL,PUBLIC WORKS,PUBLIC WORKS,FY2026,6,836850.18,2026-06-11,https://townofmarblehead-ma-oe.spending.socrata.com/#!/year/2026
PUBLIC WORKS,WASTE COLLECTION,UNDEFINED,CONTRACTED SERVICES,PUBLIC WORKS,PUBLIC WORKS,FY2026,6,691850.92,2026-06-11,https://townofmarblehead-ma-oe.spending.socrata.com/#!/year/2026
PUBLIC WORKS,LIGHT,SALARIES,OTHER EXPENSE,PUBLIC WORKS,PUBLIC WORKS,FY2026,6,642247.9,2026-06-11,https://townofmarblehead-ma-oe.spending.socrata.com/#!/year/2026
EDUCATION,EDUCATION,ART 26 2022 ESSEX NS AGGIE & T,CONTRACTED SERVICES,EDUCATION,EDUCATION,FY2026,6,627323.0,2026-06-11,https://townofmarblehead-ma-oe.spending.socrata.com/#!/year/2026
CULTURE & RECREATION,HARBOR,HARBOR ACCESS GRANT,CONTRACTED SERVICES,CULTURE & RECREATION,CULTURE & RECREATION,FY2026,6,591015.0,2026-06-11,https://townofmarblehead-ma-oe.spending.socrata.com/#!/year/2026
PUBLIC WORKS,WATER,PRINCIPAL ON LONG TERM MWRA,OTHER EXPENSE,PUBLIC WORKS,PUBLIC WORKS,FY2026,6,561490.0,2026-06-11,https://townofmarblehead-ma-oe.spending.socrata.com/#!/year/2026
HEALTH & HUMAN SERVICES,COUNCIL ON AGING,UNDEFINED,CAPITAL,HEALTH & HUMAN SERVICES,HEALTH & HUMAN SERVICES,FY2026,6,496594.17,2026-06-11,https://townofmarblehead-ma-oe.spending.socrata.com/#!/year/2026
EDUCATION,DISTRICTWIDE,UNDEFINED,OTHER EXPENSE,EDUCATION,EDUCATION,FY2026,6,462182.67,2026-06-11,https://townofmarblehead-ma-oe.spending.socrata.com/#!/year/2026
GENERAL GOVERNMENT,PUBLIC BUILDINGS,UNDEFINED,CAPITAL,GENERAL GOVERNMENT,GENERAL GOVERNMENT,FY2026,6,443923.44,2026-06-11,https://townofmarblehead-ma-oe.spending.socrata.com/#!/year/2026
PUBLIC WORKS,WATER,SALARIES,OTHER EXPENSE,PUBLIC WORKS,PUBLIC WORKS,FY2026,6,428004.03,2026-06-11,https://townofmarblehead-ma-oe.spending.socrata.com/#!/year/2026
UNDEFINED,PUBLIC BUILDINGS,UNDEFINED,CAPITAL,UNDEFINED,UNDEFINED,FY2026,6,425445.0,2026-06-11,https://townofmarblehead-ma-oe.spending.socrata.com/#!/year/2026
CULTURE & RECREATION,PARKS & RECREATION,UNDEFINED,CONTRACTED SERVICES,CULTURE & RECREATION,CULTURE & RECREATION,FY2026,6,419198.96,2026-06-11,https://townofmarblehead-ma-oe.spending.socrata.com/#!/year/2026
PUBLIC WORKS,SEWER,SALARIES,OTHER EXPENSE,PUBLIC WORKS,PUBLIC WORKS,FY2026,6,344537.26,2026-06-11,https://townofmarblehead-ma-oe.spending.socrata.com/#!/year/2026
GENERAL GOVERNMENT,SELECT BOARD,UNDEFINED,CAPITAL,GENERAL GOVERNMENT,GENERAL GOVERNMENT,FY2026,6,311403.13,2026-06-11,https://townofmarblehead-ma-oe.spending.socrata.com/#!/year/2026
OTHER,WORKERS COMPENSATION,UNDEFINED,PROFESSIONAL SALARY,OTHER,OTHER,FY2026,6,251433.42,2026-06-11,https://townofmarblehead-ma-oe.spending.socrata.com/#!/year/2026
GENERAL GOVERNMENT,TREASURER/COLLECTOR,UNDEFINED,PROPERTY TAX,GENERAL GOVERNMENT,GENERAL GOVERNMENT,FY2026,6,233505.63,2026-06-11,https://townofmarblehead-ma-oe.spending.socrata.com/#!/year/2026
PUBLIC WORKS,SNOW REMOVAL,EXPENSES,SUPPLIES AND MATL,PUBLIC WORKS,PUBLIC WORKS,FY2026,6,227396.2,2026-06-11,https://townofmarblehead-ma-oe.spending.socrata.com/#!/year/2026
CULTURE & RECREATION,HARBOR,SALARIES,OTHER EXPENSE,CULTURE & RECREATION,CULTURE & RECREATION,FY2026,6,205382.65,2026-06-11,https://townofmarblehead-ma-oe.spending.socrata.com/#!/year/2026
EDUCATION,EDUCATION,ART 8 2024 CAPITAL IMPROVEMENT,CAPITAL,EDUCATION,EDUCATION,FY2026,6,189334.35,2026-06-11,https://townofmarblehead-ma-oe.spending.socrata.com/#!/year/2026
OTHER,WORKERS COMPENSATION,UNDEFINED,OTHER EXPENSE,OTHER,OTHER,FY2026,6,187500.1,2026-06-11,https://townofmarblehead-ma-oe.spending.socrata.com/#!/year/2026
EDUCATION,HIGH SCHOOL,UNDEFINED,SUPPLIES AND MATL,EDUCATION,EDUCATION,FY2026,6,181642.55,2026-06-11,https://townofmarblehead-ma-oe.spending.socrata.com/#!/year/2026
EDUCATION,HIGH SCHOOL,UNDEFINED,UNDEFINED,EDUCATION,EDUCATION,FY2026,6,178363.64,2026-06-11,https://townofmarblehead-ma-oe.spending.socrata.com/#!/year/2026
PUBLIC WORKS,SEWER,EXPENSES,CONTRACTED SERVICES,PUBLIC WORKS,PUBLIC WORKS,FY2026,6,176959.33,2026-06-11,https://townofmarblehead-ma-oe.spending.socrata.com/#!/year/2026
PUBLIC SAFETY,FIRE,EXPENSES,CONTRACTED SERVICES,PUBLIC SAFETY,PUBLIC SAFETY,FY2026,6,175275.1,2026-06-11,https://townofmarblehead-ma-oe.spending.socrata.com/#!/year/2026
PUBLIC WORKS,SEWER,A11 2024 SEWER CONSTRUCTION,CAPITAL,PUBLIC WORKS,PUBLIC WORKS,FY2026,6,171292.83,2026-06-11,https://townofmarblehead-ma-oe.spending.socrata.com/#!/year/2026
PUBLIC WORKS,LIGHT,EXPENSES,SUPPLIES AND MATL,PUBLIC WORKS,PUBLIC WORKS,FY2026,6,168102.96,2026-06-11,https://townofmarblehead-ma-oe.spending.socrata.com/#!/year/2026
CULTURE & RECREATION,ABBOT LIBRARY,EXPENSES,CONTRACTED SERVICES,CULTURE & RECREATION,CULTURE & RECREATION,FY2026,6,165861.36,2026-06-11,https://townofmarblehead-ma-oe.spending.socrata.com/#!/year/2026
CULTURE & RECREATION,PARKS & RECREATION,UNDEFINED,OTHER EXPENSE,CULTURE & RECREATION,CULTURE & RECREATION,FY2026,6,154224.51,2026-06-11,https://townofmarblehead-ma-oe.spending.socrata.com/#!/year/2026
CULTURE & RECREATION,HARBOR,EXPENSES,CONTRACTED SERVICES,CULTURE & RECREATION,CULTURE & RECREATION,FY2026,6,150862.94,2026-06-11,https://townofmarblehead-ma-oe.spending.socrata.com/#!/year/2026
PUBLIC WORKS,WATER,ART 11 2024 WATER CONSTRUCTION,CAPITAL,PUBLIC WORKS,PUBLIC WORKS,FY2026,6,138861.95,2026-06-11,https://townofmarblehead-ma-oe.spending.socrata.com/#!/year/2026
PUBLIC WORKS,SEWER,A15 2022 SEWER CONSTRUCTION,CAPITAL,PUBLIC WORKS,PUBLIC WORKS,FY2026,6,135841.98,2026-06-11,https://townofmarblehead-ma-oe.spending.socrata.com/#!/year/2026
CULTURE & RECREATION,ABBOT LIBRARY,EXPENSES,SUPPLIES AND MATL,CULTURE & RECREATION,CULTURE & RECREATION,FY2026,6,134996.99,2026-06-11,https://townofmarblehead-ma-oe.spending.socrata.com/#!/year/2026
GENERAL GOVERNMENT,PUBLIC BUILDINGS,EXPENSES,CONTRACTED SERVICES,GENERAL GOVERNMENT,GENERAL GOVERNMENT,FY2026,6,134775.45,2026-06-11,https://townofmarblehead-ma-oe.spending.socrata.com/#!/year/2026
PUBLIC WORKS,DRAINS,ART 14 DRAIN CONSTRUCTION,CONTRACTED SERVICES,PUBLIC WORKS,PUBLIC WORKS,FY2026,6,129347.53,2026-06-11,https://townofmarblehead-ma-oe.spending.socrata.com/#!/year/2026
EDUCATION,HIGH SCHOOL,UNDEFINED,CONTRACTED SERVICES,EDUCATION,EDUCATION,FY2026,6,122886.65,2026-06-11,https://townofmarblehead-ma-oe.spending.socrata.com/#!/year/2026
PUBLIC WORKS,LIGHT,EXPENSES,CAPITAL,PUBLIC WORKS,PUBLIC WORKS,FY2026,6,120841.22,2026-06-11,https://townofmarblehead-ma-oe.spending.socrata.com/#!/year/2026
PUBLIC WORKS,WATER,EXPENSES,CONTRACTED SERVICES,PUBLIC WORKS,PUBLIC WORKS,FY2026,6,118828.02,2026-06-11,https://townofmarblehead-ma-oe.spending.socrata.com/#!/year/2026
PUBLIC SAFETY,POLICE,EXPENSES,CONTRACTED SERVICES,PUBLIC SAFETY,PUBLIC SAFETY,FY2026,6,113662.4,2026-06-11,https://townofmarblehead-ma-oe.spending.socrata.com/#!/year/2026
PUBLIC SAFETY,FIRE,UNDEFINED,CAPITAL,PUBLIC SAFETY,PUBLIC SAFETY,FY2026,6,106153.78,2026-06-11,https://townofmarblehead-ma-oe.spending.socrata.com/#!/year/2026
CULTURE & RECREATION,HARBOR,HARBOR CAPITAL OUTLAYS,CONTRACTED SERVICES,CULTURE & RECREATION,CULTURE & RECREATION,FY2026,6,104876.46,2026-06-11,https://townofmarblehead-ma-oe.spending.socrata.com/#!/year/2026
PUBLIC WORKS,PUBLIC WORKS,EXPENSES,CONTRACTED SERVICES,PUBLIC WORKS,PUBLIC WORKS,FY2026,6,96657.23,2026-06-11,https://townofmarblehead-ma-oe.spending.socrata.com/#!/year/2026
GENERAL GOVERNMENT,FINANCE,ART 9 2023 PURCH OF EQUIPMENT,CAPITAL,GENERAL GOVERNMENT,GENERAL GOVERNMENT,FY2026,6,96375.0,2026-06-11,https://townofmarblehead-ma-oe.spending.socrata.com/#!/year/2026
PUBLIC WORKS,CEMETERY,"ATM25A42,43-CEM-CEMETERY IMPRO",CAPITAL,PUBLIC WORKS,PUBLIC WORKS,FY2026,6,95069.25,2026-06-11,https://townofmarblehead-ma-oe.spending.socrata.com/#!/year/2026
CULTURE & RECREATION,PARKS & RECREATION,EXPENSES,CONTRACTED SERVICES,CULTURE & RECREATION,CULTURE & RECREATION,FY2026,6,94501.6,2026-06-11,https://townofmarblehead-ma-oe.spending.socrata.com/#!/year/2026
PUBLIC WORKS,WATER,EXPENSES,SUPPLIES AND MATL,PUBLIC WORKS,PUBLIC WORKS,FY2026,6,93535.44,2026-06-11,https://townofmarblehead-ma-oe.spending.socrata.com/#!/year/2026
PUBLIC WORKS,SNOW REMOVAL,EXPENSES,CONTRACTED SERVICES,PUBLIC WORKS,PUBLIC WORKS,FY2026,6,92565.51,2026-06-11,https://townofmarblehead-ma-oe.spending.socrata.com/#!/year/2026
GENERAL GOVERNMENT,TOWN COUNSEL,EXPENSES,CONTRACTED SERVICES,GENERAL GOVERNMENT,GENERAL GOVERNMENT,FY2026,6,88762.39,2026-06-11,https://townofmarblehead-ma-oe.spending.socrata.com/#!/year/2026
PUBLIC SAFETY,POLICE,UNDEFINED,CONTRACTED SERVICES,PUBLIC SAFETY,PUBLIC SAFETY,FY2026,6,87309.63,2026-06-11,https://townofmarblehead-ma-oe.spending.socrata.com/#!/year/2026
PUBLIC WORKS,PUBLIC WORKS,STORMWATER CONSTRUCTION,CAPITAL,PUBLIC WORKS,PUBLIC WORKS,FY2026,6,84622.0,2026-06-11,https://townofmarblehead-ma-oe.spending.socrata.com/#!/year/2026
PUBLIC WORKS,PUBLIC WORKS,ATM25A6-DPW-F350 W PLOW,CAPITAL,PUBLIC WORKS,PUBLIC WORKS,FY2026,6,84265.3,2026-06-11,https://townofmarblehead-ma-oe.spending.socrata.com/#!/year/2026
GENERAL GOVERNMENT,TOWN CLERK,EXPENSES,OTHER EXPENSE,GENERAL GOVERNMENT,GENERAL GOVERNMENT,FY2026,6,80731.79,2026-06-11,https://townofmarblehead-ma-oe.spending.socrata.com/#!/year/2026
GENERAL GOVERNMENT,SELECT BOARD,EXPENSES,CONTRACTED SERVICES,GENERAL GOVERNMENT,GENERAL GOVERNMENT,FY2026,6,80015.84,2026-06-11,https://townofmarblehead-ma-oe.spending.socrata.com/#!/year/2026
GENERAL GOVERNMENT,ASSESSORS,EXPENSES,CONTRACTED SERVICES,GENERAL GOVERNMENT,GENERAL GOVERNMENT,FY2026,6,79027.67,2026-06-11,https://townofmarblehead-ma-oe.spending.socrata.com/#!/year/2026
GENERAL GOVERNMENT,SELECT BOARD,UNDEFINED,MISC RECURRING,GENERAL GOVERNMENT,GENERAL GOVERNMENT,FY2026,6,78156.13,2026-06-11,https://townofmarblehead-ma-oe.spending.socrata.com/#!/year/2026
EDUCATION,HIGH SCHOOL,UNDEFINED,OTHER SALARIES,EDUCATION,EDUCATION,FY2026,6,76642.94,2026-06-11,https://townofmarblehead-ma-oe.spending.socrata.com/#!/year/2026
EDUCATION,DISTRICTWIDE,UNDEFINED,CAPITAL,EDUCATION,EDUCATION,FY2026,6,75134.13,2026-06-11,https://townofmarblehead-ma-oe.spending.socrata.com/#!/year/2026
GENERAL GOVERNMENT,PUBLIC BUILDINGS,ART 11 2023 CAPITAL IMPROV,CONTRACTED SERVICES,GENERAL GOVERNMENT,GENERAL GOVERNMENT,FY2026,6,73150.0,2026-06-11,https://townofmarblehead-ma-oe.spending.socrata.com/#!/year/2026
HEALTH & HUMAN SERVICES,HEALTH,EXPENSES,CONTRACTED SERVICES,HEALTH & HUMAN SERVICES,HEALTH & HUMAN SERVICES,FY2026,6,71199.22,2026-06-11,https://townofmarblehead-ma-oe.spending.socrata.com/#!/year/2026
EDUCATION,EDUCATION,UNDEFINED,SUPPLIES AND MATL,EDUCATION,EDUCATION,FY2026,6,70998.85,2026-06-11,https://townofmarblehead-ma-oe.spending.socrata.com/#!/year/2026
CULTURE & RECREATION,PARKS & RECREATION,EXPENSES,SUPPLIES AND MATL,CULTURE & RECREATION,CULTURE & RECREATION,FY2026,6,70001.25,2026-06-11,https://townofmarblehead-ma-oe.spending.socrata.com/#!/year/2026
PUBLIC WORKS,PUBLIC WORKS,ATM25A7-DPW-INTERNATIONAL TRUC,CAPITAL,PUBLIC WORKS,PUBLIC WORKS,FY2026,6,67104.52,2026-06-11,https://townofmarblehead-ma-oe.spending.socrata.com/#!/year/2026
PUBLIC WORKS,PUBLIC WORKS,ART 7 2024 LEASE PURCHASE,CAPITAL,PUBLIC WORKS,PUBLIC WORKS,FY2026,6,67104.52,2026-06-11,https://townofmarblehead-ma-oe.spending.socrata.com/#!/year/2026
PUBLIC WORKS,SEWER,EXPENSES,SUPPLIES AND MATL,PUBLIC WORKS,PUBLIC WORKS,FY2026,6,67016.78,2026-06-11,https://townofmarblehead-ma-oe.spending.socrata.com/#!/year/2026
PUBLIC SAFETY,POLICE,SALARIES,PROFESSIONAL SALARY,PUBLIC SAFETY,PUBLIC SAFETY,FY2026,6,66299.34,2026-06-11,https://townofmarblehead-ma-oe.spending.socrata.com/#!/year/2026
GENERAL GOVERNMENT,PUBLIC BUILDINGS,ART 11 2022 CAPITAL IMPROV,CONTRACTED SERVICES,GENERAL GOVERNMENT,GENERAL GOVERNMENT,FY2026,6,65025.0,2026-06-11,https://townofmarblehead-ma-oe.spending.socrata.com/#!/year/2026
PUBLIC SAFETY,POLICE,EXPENSES,SUPPLIES AND MATL,PUBLIC SAFETY,PUBLIC SAFETY,FY2026,6,64731.03,2026-06-11,https://townofmarblehead-ma-oe.spending.socrata.com/#!/year/2026
PUBLIC WORKS,DRAINS,ART 14 DRAIN CONSTRUCTION,CAPITAL,PUBLIC WORKS,PUBLIC WORKS,FY2026,6,63957.46,2026-06-11,https://townofmarblehead-ma-oe.spending.socrata.com/#!/year/2026
PUBLIC WORKS,PUBLIC WORKS,EXPENSES,SUPPLIES AND MATL,PUBLIC WORKS,PUBLIC WORKS,FY2026,6,62862.79,2026-06-11,https://townofmarblehead-ma-oe.spending.socrata.com/#!/year/2026
EDUCATION,EDUCATION,ATM25A8-SCH-GLOVER PLAYGROUND,CAPITAL,EDUCATION,EDUCATION,FY2026,6,60000.0,2026-06-11,https://townofmarblehead-ma-oe.spending.socrata.com/#!/year/2026
CULTURE & RECREATION,PARKS & RECREATION,UNDEFINED,SUPPLIES AND MATL,CULTURE & RECREATION,CULTURE & RECREATION,FY2026,6,59265.31,2026-06-11,https://townofmarblehead-ma-oe.spending.socrata.com/#!/year/2026
EDUCATION,BROWN SCHOOL,UNDEFINED,SUPPLIES AND MATL,EDUCATION,EDUCATION,FY2026,6,58197.14,2026-06-11,https://townofmarblehead-ma-oe.spending.socrata.com/#!/year/2026
GENERAL GOVERNMENT,PUBLIC BUILDINGS,ATM25A6-PB-F-150 CREW CAB,CAPITAL,GENERAL GOVERNMENT,GENERAL GOVERNMENT,FY2026,6,57820.0,2026-06-11,https://townofmarblehead-ma-oe.spending.socrata.com/#!/year/2026
PUBLIC WORKS,WASTE COLLECTION,ATM25A6-WASTE-F-150 CREW CAB,CAPITAL,PUBLIC WORKS,PUBLIC WORKS,FY2026,6,57820.0,2026-06-11,https://townofmarblehead-ma-oe.spending.socrata.com/#!/year/2026
EDUCATION,HIGH SCHOOL,UNDEFINED,OTHER EXPENSE,EDUCATION,EDUCATION,FY2026,6,54902.26,2026-06-11,https://townofmarblehead-ma-oe.spending.socrata.com/#!/year/2026
PUBLIC WORKS,WASTE COLLECTION,EXPENSES,SUPPLIES AND MATL,PUBLIC WORKS,PUBLIC WORKS,FY2026,6,54694.61,2026-06-11,https://townofmarblehead-ma-oe.spending.socrata.com/#!/year/2026
EDUCATION,VILLAGE SCHOOL,UNDEFINED,SUPPLIES AND MATL,EDUCATION,EDUCATION,FY2026,6,54502.35,2026-06-11,https://townofmarblehead-ma-oe.spending.socrata.com/#!/year/2026
OTHER,OTHER GOVERNMENTAL,STREET LIGHTING,CONTRACTED SERVICES,OTHER,OTHER,FY2026,6,52735.86,2026-06-11,https://townofmarblehead-ma-oe.spending.socrata.com/#!/year/2026
EDUCATION,GLOVER SCHOOL,UNDEFINED,SUPPLIES AND MATL,EDUCATION,EDUCATION,FY2026,6,52119.53,2026-06-11,https://townofmarblehead-ma-oe.spending.socrata.com/#!/year/2026
PUBLIC WORKS,WASTE COLLECTION,LANDFILL MONITORING EXPENSE,CONTRACTED SERVICES,PUBLIC WORKS,PUBLIC WORKS,FY2026,6,51874.72,2026-06-11,https://townofmarblehead-ma-oe.spending.socrata.com/#!/year/2026
HEALTH & HUMAN SERVICES,COUNCIL ON AGING,UNDEFINED,CONTRACTED SERVICES,HEALTH & HUMAN SERVICES,HEALTH & HUMAN SERVICES,FY2026,6,48271.0,2026-06-11,https://townofmarblehead-ma-oe.spending.socrata.com/#!/year/2026
PUBLIC SAFETY,FIRE,EXPENSES,SUPPLIES AND MATL,PUBLIC SAFETY,PUBLIC SAFETY,FY2026,6,46180.84,2026-06-11,https://townofmarblehead-ma-oe.spending.socrata.com/#!/year/2026
PUBLIC SAFETY,POLICE,ATM25A7-POL-2 FORD HYBRIDS,CAPITAL,PUBLIC SAFETY,PUBLIC SAFETY,FY2026,6,45592.35,2026-06-11,https://townofmarblehead-ma-oe.spending.socrata.com/#!/year/2026
CULTURE & RECREATION,PARKS & RECREATION,UNDEFINED,PROFESSIONAL SALARY,CULTURE & RECREATION,CULTURE & RECREATION,FY2026,6,43728.02,2026-06-11,https://townofmarblehead-ma-oe.spending.socrata.com/#!/year/2026
PUBLIC SAFETY,BUILDING INSPECTION,EXPENSES,CONTRACTED SERVICES,PUBLIC SAFETY,PUBLIC SAFETY,FY2026,6,42661.98,2026-06-11,https://townofmarblehead-ma-oe.spending.socrata.com/#!/year/2026
PUBLIC WORKS,SEWER,A11 2024 SEWER CONSTRUCTION,CONTRACTED SERVICES,PUBLIC WORKS,PUBLIC WORKS,FY2026,6,42585.0,2026-06-11,https://townofmarblehead-ma-oe.spending.socrata.com/#!/year/2026
GENERAL GOVERNMENT,COMMUNITY DEVELOP AND PLANNING,UNDEFINED,CONTRACTED SERVICES,GENERAL GOVERNMENT,GENERAL GOVERNMENT,FY2026,6,42329.67,2026-06-11,https://townofmarblehead-ma-oe.spending.socrata.com/#!/year/2026
CULTURE & RECREATION,PARKS & RECREATION,UNDEFINED,CHRG SVC OTHER,CULTURE & RECREATION,CULTURE & RECREATION,FY2026,6,41945.0,2026-06-11,https://townofmarblehead-ma-oe.spending.socrata.com/#!/year/2026
PUBLIC SAFETY,FIRE,EXPENSES,PROFESSIONAL SALARY,PUBLIC SAFETY,PUBLIC SAFETY,FY2026,6,41791.9,2026-06-11,https://townofmarblehead-ma-oe.spending.socrata.com/#!/year/2026
PUBLIC SAFETY,POLICE,ATM25A6-POL-PORTABLE RADIOS,CAPITAL,PUBLIC SAFETY,PUBLIC SAFETY,FY2026,6,40545.64,2026-06-11,https://townofmarblehead-ma-oe.spending.socrata.com/#!/year/2026
CULTURE & RECREATION,PARKS & RECREATION,PARK FACILITY,CONTRACTED SERVICES,CULTURE & RECREATION,CULTURE & RECREATION,FY2026,6,40150.53,2026-06-11,https://townofmarblehead-ma-oe.spending.socrata.com/#!/year/2026
PUBLIC WORKS,PUBLIC WORKS,ATM25A7-DPW-BUCKET LIFT TRUCK,CAPITAL,PUBLIC WORKS,PUBLIC WORKS,FY2026,6,39262.94,2026-06-11,https://townofmarblehead-ma-oe.spending.socrata.com/#!/year/2026
EDUCATION,VILLAGE SCHOOL,UNDEFINED,UNDEFINED,EDUCATION,EDUCATION,FY2026,6,39040.31,2026-06-11,https://townofmarblehead-ma-oe.spending.socrata.com/#!/year/2026
CULTURE & RECREATION,PARKS & RECREATION,ATM25A7-P&R-WIDE AREA MOWER,CAPITAL,CULTURE & RECREATION,CULTURE & RECREATION,FY2026,6,38305.07,2026-06-11,https://townofmarblehead-ma-oe.spending.socrata.com/#!/year/2026
PUBLIC WORKS,DRAINS,A15 20 DRAIN CONSTRUCTION,CONTRACTED SERVICES,PUBLIC WORKS,PUBLIC WORKS,FY2026,6,38271.34,2026-06-11,https://townofmarblehead-ma-oe.spending.socrata.com/#!/year/2026
EDUCATION,MIDDLE SCHOOL,UNDEFINED,SUPPLIES AND MATL,EDUCATION,EDUCATION,FY2026,6,37212.94,2026-06-11,https://townofmarblehead-ma-oe.spending.socrata.com/#!/year/2026
GENERAL GOVERNMENT,FINANCE,EXPENSES,CAPITAL,GENERAL GOVERNMENT,GENERAL GOVERNMENT,FY2026,6,34778.61,2026-06-11,https://townofmarblehead-ma-oe.spending.socrata.com/#!/year/2026
HEALTH & HUMAN SERVICES,VETERANS SERVICES,VETERANS BENEFITS,OTHER EXPENSE,HEALTH & HUMAN SERVICES,HEALTH & HUMAN SERVICES,FY2026,6,34552.11,2026-06-11,https://townofmarblehead-ma-oe.spending.socrata.com/#!/year/2026
EDUCATION,EDUCATION,ATM25A7-SCH-7D VAN,CAPITAL,EDUCATION,EDUCATION,FY2026,6,34385.0,2026-06-11,https://townofmarblehead-ma-oe.spending.socrata.com/#!/year/2026
EDUCATION,EDUCATION,UNDEFINED,OTHER EXPENSE,EDUCATION,EDUCATION,FY2026,6,34164.21,2026-06-11,https://townofmarblehead-ma-oe.spending.socrata.com/#!/year/2026
GENERAL GOVERNMENT,TREASURER/COLLECTOR,UNDEFINED,MOTOR VEHICLE EXCISE,GENERAL GOVERNMENT,GENERAL GOVERNMENT,FY2026,6,33162.88,2026-06-11,https://townofmarblehead-ma-oe.spending.socrata.com/#!/year/2026
PUBLIC WORKS,PUBLIC WORKS,PW MAINTAIN STREETS & SIDEWALK,SUPPLIES AND MATL,PUBLIC WORKS,PUBLIC WORKS,FY2026,6,32867.6,2026-06-11,https://townofmarblehead-ma-oe.spending.socrata.com/#!/year/2026
EDUCATION,EDUCATION,ATM25A7-SCH-LARGE BUS,CAPITAL,EDUCATION,EDUCATION,FY2026,6,32206.92,2026-06-11,https://townofmarblehead-ma-oe.spending.socrata.com/#!/year/2026
CULTURE & RECREATION,ABBOT LIBRARY,UNDEFINED,SUPPLIES AND MATL,CULTURE & RECREATION,CULTURE & RECREATION,FY2026,6,31590.73,2026-06-11,https://townofmarblehead-ma-oe.spending.socrata.com/#!/year/2026
PUBLIC WORKS,WATER,EXPENSES,CAPITAL,PUBLIC WORKS,PUBLIC WORKS,FY2026,6,31538.88,2026-06-11,https://townofmarblehead-ma-oe.spending.socrata.com/#!/year/2026
CULTURE & RECREATION,ABBOT LIBRARY,UNDEFINED,CAPITAL,CULTURE & RECREATION,CULTURE & RECREATION,FY2026,6,30852.86,2026-06-11,https://townofmarblehead-ma-oe.spending.socrata.com/#!/year/2026
PUBLIC WORKS,WASTE COLLECTION,ATM25A7-WASTE-BACKHOE LEASE,CAPITAL,PUBLIC WORKS,PUBLIC WORKS,FY2026,6,29916.06,2026-06-11,https://townofmarblehead-ma-oe.spending.socrata.com/#!/year/2026
PUBLIC SAFETY,FIRE,UNDEFINED,OTHER EXPENSE,PUBLIC SAFETY,PUBLIC SAFETY,FY2026,6,28739.55,2026-06-11,https://townofmarblehead-ma-oe.spending.socrata.com/#!/year/2026
CULTURE & RECREATION,ABBOT LIBRARY,UNDEFINED,CONTRACTED SERVICES,CULTURE & RECREATION,CULTURE & RECREATION,FY2026,6,26265.05,2026-06-11,https://townofmarblehead-ma-oe.spending.socrata.com/#!/year/2026
PUBLIC WORKS,WASTE COLLECTION,ATM25A7-WASTE-JD LOADER,CAPITAL,PUBLIC WORKS,PUBLIC WORKS,FY2026,6,26078.91,2026-06-11,https://townofmarblehead-ma-oe.spending.socrata.com/#!/year/2026
EDUCATION,UNASSIGNED,UNDEFINED,PROFESSIONAL SALARY,EDUCATION,EDUCATION,FY2026,6,25400.56,2026-06-11,https://townofmarblehead-ma-oe.spending.socrata.com/#!/year/2026
PUBLIC WORKS,WATER,ART 15 2023 WATER CONSTRUCTION,CONTRACTED SERVICES,PUBLIC WORKS,PUBLIC WORKS,FY2026,6,25272.5,2026-06-11,https://townofmarblehead-ma-oe.spending.socrata.com/#!/year/2026
CULTURE & RECREATION,PARKS & RECREATION,ATM25A6-P&R-ELECTRIC MOWER,CAPITAL,CULTURE & RECREATION,CULTURE & RECREATION,FY2026,6,25094.0,2026-06-11,https://townofmarblehead-ma-oe.spending.socrata.com/#!/year/2026
PUBLIC WORKS,PUBLIC WORKS,ATM25A7-DPW-F550 TRUCK W PLOW,CAPITAL,PUBLIC WORKS,PUBLIC WORKS,FY2026,6,23952.67,2026-06-11,https://townofmarblehead-ma-oe.spending.socrata.com/#!/year/2026
PUBLIC SAFETY,POLICE,ATM25A7-POL-CRUISER,CAPITAL,PUBLIC SAFETY,PUBLIC SAFETY,FY2026,6,23759.97,2026-06-11,https://townofmarblehead-ma-oe.spending.socrata.com/#!/year/2026
HEALTH & HUMAN SERVICES,HEALTH,UNDEFINED,OTHER EXPENSE,HEALTH & HUMAN SERVICES,HEALTH & HUMAN SERVICES,FY2026,6,22190.2,2026-06-11,https://townofmarblehead-ma-oe.spending.socrata.com/#!/year/2026
GENERAL GOVERNMENT,CEMETERY,UNDEFINED,MISC RECURRING,GENERAL GOVERNMENT,GENERAL GOVERNMENT,FY2026,6,22178.9,2026-06-11,https://townofmarblehead-ma-oe.spending.socrata.com/#!/year/2026
PUBLIC SAFETY,POLICE,ATM25A7-POL-FORD INTERCEPTOR,CAPITAL,PUBLIC SAFETY,PUBLIC SAFETY,FY2026,6,21537.25,2026-06-11,https://townofmarblehead-ma-oe.spending.socrata.com/#!/year/2026
CULTURE & RECREATION,PARKS & RECREATION,ATM25A7-P&R-F-450 DUMP TRUCK,CAPITAL,CULTURE & RECREATION,CULTURE & RECREATION,FY2026,6,21158.74,2026-06-11,https://townofmarblehead-ma-oe.spending.socrata.com/#!/year/2026
CULTURE & RECREATION,HISTORICAL COMMISSION,UNDEFINED,CONTRACTED SERVICES,CULTURE & RECREATION,CULTURE & RECREATION,FY2026,6,19588.72,2026-06-11,https://townofmarblehead-ma-oe.spending.socrata.com/#!/year/2026
GENERAL GOVERNMENT,WASTE COLLECTION,UNDEFINED,CHRG SVC OTHER,GENERAL GOVERNMENT,GENERAL GOVERNMENT,FY2026,6,19440.55,2026-06-11,https://townofmarblehead-ma-oe.spending.socrata.com/#!/year/2026
PUBLIC SAFETY,POLICE,UNDEFINED,UNDEFINED,PUBLIC SAFETY,PUBLIC SAFETY,FY2026,6,19425.0,2026-06-11,https://townofmarblehead-ma-oe.spending.socrata.com/#!/year/2026
HEALTH & HUMAN SERVICES,COUNCIL ON AGING,UNDEFINED,SUPPLIES AND MATL,HEALTH & HUMAN SERVICES,HEALTH & HUMAN SERVICES,FY2026,6,18012.48,2026-06-11,https://townofmarblehead-ma-oe.spending.socrata.com/#!/year/2026
GENERAL GOVERNMENT,SELECT BOARD,UNDEFINED,OTHER EXPENSE,GENERAL GOVERNMENT,GENERAL GOVERNMENT,FY2026,6,16658.33,2026-06-11,https://townofmarblehead-ma-oe.spending.socrata.com/#!/year/2026
PUBLIC SAFETY,FIRE,EXPENSES,OTHER EXPENSE,PUBLIC SAFETY,PUBLIC SAFETY,FY2026,6,15545.61,2026-06-11,https://townofmarblehead-ma-oe.spending.socrata.com/#!/year/2026
PUBLIC SAFETY,POLICE,EXPENSES,OTHER EXPENSE,PUBLIC SAFETY,PUBLIC SAFETY,FY2026,6,14870.82,2026-06-11,https://townofmarblehead-ma-oe.spending.socrata.com/#!/year/2026
CULTURE & RECREATION,HARBOR,HARBOR CAPITAL OUTLAYS,CAPITAL,CULTURE & RECREATION,CULTURE & RECREATION,FY2026,6,14725.72,2026-06-11,https://townofmarblehead-ma-oe.spending.socrata.com/#!/year/2026
PUBLIC WORKS,PUBLIC WORKS,UNDEFINED,OTHER EXPENSE,PUBLIC WORKS,PUBLIC WORKS,FY2026,6,14695.0,2026-06-11,https://townofmarblehead-ma-oe.spending.socrata.com/#!/year/2026
GENERAL GOVERNMENT,ELECTION & REGISTRATION,EXPENSES,CONTRACTED SERVICES,GENERAL GOVERNMENT,GENERAL GOVERNMENT,FY2026,6,14432.51,2026-06-11,https://townofmarblehead-ma-oe.spending.socrata.com/#!/year/2026
PUBLIC SAFETY,POLICE,ATM25A8-POL-FLOOR REPLCE,CAPITAL,PUBLIC SAFETY,PUBLIC SAFETY,FY2026,6,14234.0,2026-06-11,https://townofmarblehead-ma-oe.spending.socrata.com/#!/year/2026
PUBLIC WORKS,SEWER,EXPENSES,CAPITAL,PUBLIC WORKS,PUBLIC WORKS,FY2026,6,14068.22,2026-06-11,https://townofmarblehead-ma-oe.spending.socrata.com/#!/year/2026
HEALTH & HUMAN SERVICES,COUNCIL ON AGING,UNDEFINED,OTHER EXPENSE,HEALTH & HUMAN SERVICES,HEALTH & HUMAN SERVICES,FY2026,6,13084.86,2026-06-11,https://townofmarblehead-ma-oe.spending.socrata.com/#!/year/2026
PUBLIC WORKS,CEMETERY,EXPENSES,CONTRACTED SERVICES,PUBLIC WORKS,PUBLIC WORKS,FY2026,6,13068.52,2026-06-11,https://townofmarblehead-ma-oe.spending.socrata.com/#!/year/2026
GENERAL GOVERNMENT,FINANCE,EXPENSES,OTHER EXPENSE,GENERAL GOVERNMENT,GENERAL GOVERNMENT,FY2026,6,12698.67,2026-06-11,https://townofmarblehead-ma-oe.spending.socrata.com/#!/year/2026
EDUCATION,VILLAGE SCHOOL,UNDEFINED,OTHER EXPENSE,EDUCATION,EDUCATION,FY2026,6,12036.5,2026-06-11,https://townofmarblehead-ma-oe.spending.socrata.com/#!/year/2026
GENERAL GOVERNMENT,PUBLIC BUILDINGS,ART 30 2024 CAPITAL TRANSFERS,CONTRACTED SERVICES,GENERAL GOVERNMENT,GENERAL GOVERNMENT,FY2026,6,10701.0,2026-06-11,https://townofmarblehead-ma-oe.spending.socrata.com/#!/year/2026
PUBLIC WORKS,CEMETERY,EXPENSES,SUPPLIES AND MATL,PUBLIC WORKS,PUBLIC WORKS,FY2026,6,10365.1,2026-06-11,https://townofmarblehead-ma-oe.spending.socrata.com/#!/year/2026
GENERAL GOVERNMENT,PUBLIC BUILDINGS,EXPENSES,SUPPLIES AND MATL,GENERAL GOVERNMENT,GENERAL GOVERNMENT,FY2026,6,10062.4,2026-06-11,https://townofmarblehead-ma-oe.spending.socrata.com/#!/year/2026
GENERAL GOVERNMENT,SELECT BOARD,EXPENSES,OTHER EXPENSE,GENERAL GOVERNMENT,GENERAL GOVERNMENT,FY2026,6,9922.83,2026-06-11,https://townofmarblehead-ma-oe.spending.socrata.com/#!/year/2026
EDUCATION,MIDDLE SCHOOL,UNDEFINED,OTHER EXPENSE,EDUCATION,EDUCATION,FY2026,6,9839.96,2026-06-11,https://townofmarblehead-ma-oe.spending.socrata.com/#!/year/2026
HEALTH & HUMAN SERVICES,COUNCIL ON AGING,EXPENSES,OTHER EXPENSE,HEALTH & HUMAN SERVICES,HEALTH & HUMAN SERVICES,FY2026,6,9645.67,2026-06-11,https://townofmarblehead-ma-oe.spending.socrata.com/#!/year/2026
CULTURE & RECREATION,ABBOT LIBRARY,UNDEFINED,OTHER EXPENSE,CULTURE & RECREATION,CULTURE & RECREATION,FY2026,6,9485.21,2026-06-11,https://townofmarblehead-ma-oe.spending.socrata.com/#!/year/2026
CULTURE & RECREATION,HARBOR,EXPENSES,OTHER EXPENSE,CULTURE & RECREATION,CULTURE & RECREATION,FY2026,6,9474.0,2026-06-11,https://townofmarblehead-ma-oe.spending.socrata.com/#!/year/2026
PUBLIC WORKS,WATER,UNDEFINED,CONTRACTED SERVICES,PUBLIC WORKS,PUBLIC WORKS,FY2026,6,9335.0,2026-06-11,https://townofmarblehead-ma-oe.spending.socrata.com/#!/year/2026
PUBLIC WORKS,TREE,UNDEFINED,CAPITAL,PUBLIC WORKS,PUBLIC WORKS,FY2026,6,9247.0,2026-06-11,https://townofmarblehead-ma-oe.spending.socrata.com/#!/year/2026
EDUCATION,MIDDLE SCHOOL,UNDEFINED,CONTRACTED SERVICES,EDUCATION,EDUCATION,FY2026,6,9182.42,2026-06-11,https://townofmarblehead-ma-oe.spending.socrata.com/#!/year/2026
GENERAL GOVERNMENT,SELECT BOARD,UNDEFINED,PROFESSIONAL SALARY,GENERAL GOVERNMENT,GENERAL GOVERNMENT,FY2026,6,9135.0,2026-06-11,https://townofmarblehead-ma-oe.spending.socrata.com/#!/year/2026
PUBLIC WORKS,WATER,EXPENSES,OTHER EXPENSE,PUBLIC WORKS,PUBLIC WORKS,FY2026,6,8924.67,2026-06-11,https://townofmarblehead-ma-oe.spending.socrata.com/#!/year/2026
CULTURE & RECREATION,HARBOR,EXPENSES,SUPPLIES AND MATL,CULTURE & RECREATION,CULTURE & RECREATION,FY2026,6,8706.13,2026-06-11,https://townofmarblehead-ma-oe.spending.socrata.com/#!/year/2026
GENERAL GOVERNMENT,HUMAN RESOURCES,EXPENSES,CONTRACTED SERVICES,GENERAL GOVERNMENT,GENERAL GOVERNMENT,FY2026,6,8525.0,2026-06-11,https://townofmarblehead-ma-oe.spending.socrata.com/#!/year/2026
HEALTH & HUMAN SERVICES,HEALTH,UNDEFINED,SUPPLIES AND MATL,HEALTH & HUMAN SERVICES,HEALTH & HUMAN SERVICES,FY2026,6,8390.31,2026-06-11,https://townofmarblehead-ma-oe.spending.socrata.com/#!/year/2026
PUBLIC WORKS,CEMETERY,ART 30 2024 CAPITAL TRANSFERS,CONTRACTED SERVICES,PUBLIC WORKS,PUBLIC WORKS,FY2026,6,8205.92,2026-06-11,https://townofmarblehead-ma-oe.spending.socrata.com/#!/year/2026
PUBLIC SAFETY,FIRE,SALARIES,PROFESSIONAL SALARY,PUBLIC SAFETY,PUBLIC SAFETY,FY2026,6,8100.0,2026-06-11,https://townofmarblehead-ma-oe.spending.socrata.com/#!/year/2026
PUBLIC WORKS,SEWER,EXPENSES,OTHER EXPENSE,PUBLIC WORKS,PUBLIC WORKS,FY2026,6,8029.06,2026-06-11,https://townofmarblehead-ma-oe.spending.socrata.com/#!/year/2026
GENERAL GOVERNMENT,PUBLIC BUILDINGS,ART 6 2024 PURCHASE OF EQUIP,CAPITAL,GENERAL GOVERNMENT,GENERAL GOVERNMENT,FY2026,6,7735.0,2026-06-11,https://townofmarblehead-ma-oe.spending.socrata.com/#!/year/2026
GENERAL GOVERNMENT,FINANCE,EXPENSES,SUPPLIES AND MATL,GENERAL GOVERNMENT,GENERAL GOVERNMENT,FY2026,6,7504.52,2026-06-11,https://townofmarblehead-ma-oe.spending.socrata.com/#!/year/2026
GENERAL GOVERNMENT,COMMUNITY DEVELOP AND PLANNING,EXPENSES,CONTRACTED SERVICES,GENERAL GOVERNMENT,GENERAL GOVERNMENT,FY2026,6,7256.4,2026-06-11,https://townofmarblehead-ma-oe.spending.socrata.com/#!/year/2026
EDUCATION,EDUCATION,UNDEFINED,RENTALS,EDUCATION,EDUCATION,FY2026,6,7210.0,2026-06-11,https://townofmarblehead-ma-oe.spending.socrata.com/#!/year/2026
CULTURE & RECREATION,ARTS COUNCIL,UNDEFINED,CONTRACTED SERVICES,CULTURE & RECREATION,CULTURE & RECREATION,FY2026,6,6668.0,2026-06-11,https://townofmarblehead-ma-oe.spending.socrata.com/#!/year/2026
PUBLIC WORKS,WATER,ART 11 2024 WATER CONSTRUCTION,PROFESSIONAL SALARY,PUBLIC WORKS,PUBLIC WORKS,FY2026,6,6565.56,2026-06-11,https://townofmarblehead-ma-oe.spending.socrata.com/#!/year/2026
PUBLIC WORKS,SEWER,A16 2023 SEWER CONSTRUCTION,CAPITAL,PUBLIC WORKS,PUBLIC WORKS,FY2026,6,6543.6,2026-06-11,https://townofmarblehead-ma-oe.spending.socrata.com/#!/year/2026
PUBLIC WORKS,PUBLIC WORKS,EXPENSES,OTHER EXPENSE,PUBLIC WORKS,PUBLIC WORKS,FY2026,6,6523.44,2026-06-11,https://townofmarblehead-ma-oe.spending.socrata.com/#!/year/2026
EDUCATION,GLOVER SCHOOL,UNDEFINED,UNDEFINED,EDUCATION,EDUCATION,FY2026,6,6115.0,2026-06-11,https://townofmarblehead-ma-oe.spending.socrata.com/#!/year/2026
GENERAL GOVERNMENT,FINANCE COMMITTEE,EXPENSES,SUPPLIES AND MATL,GENERAL GOVERNMENT,GENERAL GOVERNMENT,FY2026,6,6000.0,2026-06-11,https://townofmarblehead-ma-oe.spending.socrata.com/#!/year/2026
EDUCATION,VILLAGE SCHOOL,UNDEFINED,CONTRACTED SERVICES,EDUCATION,EDUCATION,FY2026,6,5771.0,2026-06-11,https://townofmarblehead-ma-oe.spending.socrata.com/#!/year/2026
GENERAL GOVERNMENT,SELECT BOARD,EXPENSES,SUPPLIES AND MATL,GENERAL GOVERNMENT,GENERAL GOVERNMENT,FY2026,6,5665.52,2026-06-11,https://townofmarblehead-ma-oe.spending.socrata.com/#!/year/2026
PUBLIC SAFETY,BUILDING INSPECTION,SALARIES,OTHER EXPENSE,PUBLIC SAFETY,PUBLIC SAFETY,FY2026,6,5520.0,2026-06-11,https://townofmarblehead-ma-oe.spending.socrata.com/#!/year/2026
OTHER,OTHER GOVERNMENTAL,TRAINING,PROFESSIONAL SALARY,OTHER,OTHER,FY2026,6,5411.25,2026-06-11,https://townofmarblehead-ma-oe.spending.socrata.com/#!/year/2026
PUBLIC WORKS,PUBLIC WORKS,PW MAINTAIN STREETS & SIDEWALK,OTHER EXPENSE,PUBLIC WORKS,PUBLIC WORKS,FY2026,6,5350.86,2026-06-11,https://townofmarblehead-ma-oe.spending.socrata.com/#!/year/2026
CULTURE & RECREATION,HISTORICAL COMMISSION,UNDEFINED,OTHER EXPENSE,CULTURE & RECREATION,CULTURE & RECREATION,FY2026,6,5319.27,2026-06-11,https://townofmarblehead-ma-oe.spending.socrata.com/#!/year/2026
GENERAL GOVERNMENT,TOWN CLERK,EXPENSES,CONTRACTED SERVICES,GENERAL GOVERNMENT,GENERAL GOVERNMENT,FY2026,6,5188.47,2026-06-11,https://townofmarblehead-ma-oe.spending.socrata.com/#!/year/2026
GENERAL GOVERNMENT,ELECTION & REGISTRATION,EXPENSES,SUPPLIES AND MATL,GENERAL GOVERNMENT,GENERAL GOVERNMENT,FY2026,6,5156.79,2026-06-11,https://townofmarblehead-ma-oe.spending.socrata.com/#!/year/2026
HEALTH & HUMAN SERVICES,COUNCIL ON AGING,EXPENSES,CONTRACTED SERVICES,HEALTH & HUMAN SERVICES,HEALTH & HUMAN SERVICES,FY2026,6,5154.72,2026-06-11,https://townofmarblehead-ma-oe.spending.socrata.com/#!/year/2026
GENERAL GOVERNMENT,PLANNING BOARD,EXPENSES,CONTRACTED SERVICES,GENERAL GOVERNMENT,GENERAL GOVERNMENT,FY2026,6,4967.53,2026-06-11,https://townofmarblehead-ma-oe.spending.socrata.com/#!/year/2026
PUBLIC SAFETY,POLICE,UNDEFINED,PROFESSIONAL SALARY,PUBLIC SAFETY,PUBLIC SAFETY,FY2026,6,4772.0,2026-06-11,https://townofmarblehead-ma-oe.spending.socrata.com/#!/year/2026
HEALTH & HUMAN SERVICES,HEALTH,EXPENSES,SUPPLIES AND MATL,HEALTH & HUMAN SERVICES,HEALTH & HUMAN SERVICES,FY2026,6,4618.49,2026-06-11,https://townofmarblehead-ma-oe.spending.socrata.com/#!/year/2026
CULTURE & RECREATION,PARKS & RECREATION,UNDEFINED,OFU,CULTURE & RECREATION,CULTURE & RECREATION,FY2026,6,4568.24,2026-06-11,https://townofmarblehead-ma-oe.spending.socrata.com/#!/year/2026
EDUCATION,GLOVER SCHOOL,UNDEFINED,OTHER EXPENSE,EDUCATION,EDUCATION,FY2026,6,3855.25,2026-06-11,https://townofmarblehead-ma-oe.spending.socrata.com/#!/year/2026
EDUCATION,VILLAGE SCHOOL,UNDEFINED,CAPITAL,EDUCATION,EDUCATION,FY2026,6,3741.37,2026-06-11,https://townofmarblehead-ma-oe.spending.socrata.com/#!/year/2026
PUBLIC SAFETY,BUILDING INSPECTION,EXPENSES,SUPPLIES AND MATL,PUBLIC SAFETY,PUBLIC SAFETY,FY2026,6,3626.15,2026-06-11,https://townofmarblehead-ma-oe.spending.socrata.com/#!/year/2026
GENERAL GOVERNMENT,ASSESSORS,EXPENSES,OTHER EXPENSE,GENERAL GOVERNMENT,GENERAL GOVERNMENT,FY2026,6,3576.27,2026-06-11,https://townofmarblehead-ma-oe.spending.socrata.com/#!/year/2026
PUBLIC SAFETY,FIRE,UNDEFINED,MISC RECURRING,PUBLIC SAFETY,PUBLIC SAFETY,FY2026,6,3553.69,2026-06-11,https://townofmarblehead-ma-oe.spending.socrata.com/#!/year/2026
EDUCATION,EDUCATION,UNDEFINED,CHRG SVC OTHER,EDUCATION,EDUCATION,FY2026,6,3401.67,2026-06-11,https://townofmarblehead-ma-oe.spending.socrata.com/#!/year/2026
EDUCATION,BROWN SCHOOL,UNDEFINED,UNDEFINED,EDUCATION,EDUCATION,FY2026,6,3239.0,2026-06-11,https://townofmarblehead-ma-oe.spending.socrata.com/#!/year/2026
PUBLIC WORKS,LIGHT,UNDEFINED,INVESTMENT INCOME,PUBLIC WORKS,PUBLIC WORKS,FY2026,6,3216.56,2026-06-11,https://townofmarblehead-ma-oe.spending.socrata.com/#!/year/2026
CULTURE & RECREATION,PARKS & RECREATION,EXPENSES,OTHER EXPENSE,CULTURE & RECREATION,CULTURE & RECREATION,FY2026,6,3035.7,2026-06-11,https://townofmarblehead-ma-oe.spending.socrata.com/#!/year/2026
PUBLIC SAFETY,BUILDING INSPECTION,EXPENSES,OTHER EXPENSE,PUBLIC SAFETY,PUBLIC SAFETY,FY2026,6,2832.9,2026-06-11,https://townofmarblehead-ma-oe.spending.socrata.com/#!/year/2026
EDUCATION,MIDDLE SCHOOL,UNDEFINED,UNDEFINED,EDUCATION,EDUCATION,FY2026,6,2695.0,2026-06-11,https://townofmarblehead-ma-oe.spending.socrata.com/#!/year/2026
EDUCATION,DISTRICTWIDE,UNDEFINED,OTHER SALARIES,EDUCATION,EDUCATION,FY2026,6,2688.13,2026-06-11,https://townofmarblehead-ma-oe.spending.socrata.com/#!/year/2026
HEALTH & HUMAN SERVICES,COUNCIL ON AGING,EXPENSES,SUPPLIES AND MATL,HEALTH & HUMAN SERVICES,HEALTH & HUMAN SERVICES,FY2026,6,2683.77,2026-06-11,https://townofmarblehead-ma-oe.spending.socrata.com/#!/year/2026
GENERAL GOVERNMENT,SELECT BOARD,SELECT BD EXP FY19,CONTRACTED SERVICES,GENERAL GOVERNMENT,GENERAL GOVERNMENT,FY2026,6,2541.0,2026-06-11,https://townofmarblehead-ma-oe.spending.socrata.com/#!/year/2026
PUBLIC WORKS,WATER,EXPENSES,GOVERNMENTAL,PUBLIC WORKS,PUBLIC WORKS,FY2026,6,2524.29,2026-06-11,https://townofmarblehead-ma-oe.spending.socrata.com/#!/year/2026
GENERAL GOVERNMENT,TOWN CLERK,EXPENSES,SUPPLIES AND MATL,GENERAL GOVERNMENT,GENERAL GOVERNMENT,FY2026,6,2354.97,2026-06-11,https://townofmarblehead-ma-oe.spending.socrata.com/#!/year/2026
HEALTH & HUMAN SERVICES,HEALTH,SALARIES,PROFESSIONAL SALARY,HEALTH & HUMAN SERVICES,HEALTH & HUMAN SERVICES,FY2026,6,2192.7,2026-06-11,https://townofmarblehead-ma-oe.spending.socrata.com/#!/year/2026
EDUCATION,OTHER GOVERNMENTAL,UNDEFINED,OTHER EXPENSE,EDUCATION,EDUCATION,FY2026,6,2170.0,2026-06-11,https://townofmarblehead-ma-oe.spending.socrata.com/#!/year/2026
GENERAL GOVERNMENT,COMMUNITY DEVELOP AND PLANNING,EXPENSES,SUPPLIES AND MATL,GENERAL GOVERNMENT,GENERAL GOVERNMENT,FY2026,6,2160.05,2026-06-11,https://townofmarblehead-ma-oe.spending.socrata.com/#!/year/2026
CULTURE & RECREATION,PARKS & RECREATION,PARK FACILITY,SUPPLIES AND MATL,CULTURE & RECREATION,CULTURE & RECREATION,FY2026,6,2155.07,2026-06-11,https://townofmarblehead-ma-oe.spending.socrata.com/#!/year/2026
EDUCATION,BROWN SCHOOL,UNDEFINED,OTHER EXPENSE,EDUCATION,EDUCATION,FY2026,6,2009.72,2026-06-11,https://townofmarblehead-ma-oe.spending.socrata.com/#!/year/2026
PUBLIC WORKS,CEMETERY,UNDEFINED,MISC RECURRING,PUBLIC WORKS,PUBLIC WORKS,FY2026,6,2000.0,2026-06-11,https://townofmarblehead-ma-oe.spending.socrata.com/#!/year/2026
PUBLIC WORKS,CEMETERY,UNDEFINED,CHRG SVC OTHER,PUBLIC WORKS,PUBLIC WORKS,FY2026,6,2000.0,2026-06-11,https://townofmarblehead-ma-oe.spending.socrata.com/#!/year/2026
PUBLIC WORKS,WATER,SALARIES,PROFESSIONAL SALARY,PUBLIC WORKS,PUBLIC WORKS,FY2026,6,1975.94,2026-06-11,https://townofmarblehead-ma-oe.spending.socrata.com/#!/year/2026
OTHER,OTHER GOVERNMENTAL,SALARY RESERVE,PROFESSIONAL SALARY,OTHER,OTHER,FY2026,6,1949.8,2026-06-11,https://townofmarblehead-ma-oe.spending.socrata.com/#!/year/2026
GENERAL GOVERNMENT,PUBLIC BUILDINGS,ART 8 2024 CAPITAL IMPROVEMENT,CAPITAL,GENERAL GOVERNMENT,GENERAL GOVERNMENT,FY2026,6,1900.0,2026-06-11,https://townofmarblehead-ma-oe.spending.socrata.com/#!/year/2026
PUBLIC WORKS,WATER,ART 14 2022 WATER CONSTRUCTION,CONTRACTED SERVICES,PUBLIC WORKS,PUBLIC WORKS,FY2026,6,1880.0,2026-06-11,https://townofmarblehead-ma-oe.spending.socrata.com/#!/year/2026
PUBLIC WORKS,WATER,ART 14 2022 WATER CONSTRUCTION,CAPITAL,PUBLIC WORKS,PUBLIC WORKS,FY2026,6,1770.2,2026-06-11,https://townofmarblehead-ma-oe.spending.socrata.com/#!/year/2026
PUBLIC WORKS,PUBLIC WORKS,UNDEFINED,PROFESSIONAL SALARY,PUBLIC WORKS,PUBLIC WORKS,FY2026,6,1750.88,2026-06-11,https://townofmarblehead-ma-oe.spending.socrata.com/#!/year/2026
GENERAL GOVERNMENT,ASSESSORS,EXPENSES,SUPPLIES AND MATL,GENERAL GOVERNMENT,GENERAL GOVERNMENT,FY2026,6,1530.95,2026-06-11,https://townofmarblehead-ma-oe.spending.socrata.com/#!/year/2026
PUBLIC WORKS,SEWER,EXPENSES,GOVERNMENTAL,PUBLIC WORKS,PUBLIC WORKS,FY2026,6,1497.46,2026-06-11,https://townofmarblehead-ma-oe.spending.socrata.com/#!/year/2026
CULTURE & RECREATION,PARKS & RECREATION,UNDEFINED,MISC RECURRING,CULTURE & RECREATION,CULTURE & RECREATION,FY2026,6,1386.84,2026-06-11,https://townofmarblehead-ma-oe.spending.socrata.com/#!/year/2026
PUBLIC SAFETY,FIRE,UNDEFINED,SUPPLIES AND MATL,PUBLIC SAFETY,PUBLIC SAFETY,FY2026,6,1368.68,2026-06-11,https://townofmarblehead-ma-oe.spending.socrata.com/#!/year/2026
PUBLIC SAFETY,POLICE,UNDEFINED,OTHER EXPENSE,PUBLIC SAFETY,PUBLIC SAFETY,FY2026,6,1365.7,2026-06-11,https://townofmarblehead-ma-oe.spending.socrata.com/#!/year/2026
PUBLIC WORKS,PUBLIC WORKS,PW MAINTAIN STREETS & SIDEWALK,CONTRACTED SERVICES,PUBLIC WORKS,PUBLIC WORKS,FY2026,6,1304.07,2026-06-11,https://townofmarblehead-ma-oe.spending.socrata.com/#!/year/2026
EDUCATION,UNASSIGNED,UNDEFINED,STATE GRANTS,EDUCATION,EDUCATION,FY2026,6,1253.0,2026-06-11,https://townofmarblehead-ma-oe.spending.socrata.com/#!/year/2026
PUBLIC WORKS,DRAINS,A15 20 DRAIN CONSTRUCTION,CAPITAL,PUBLIC WORKS,PUBLIC WORKS,FY2026,6,1231.74,2026-06-11,https://townofmarblehead-ma-oe.spending.socrata.com/#!/year/2026
PUBLIC SAFETY,BUILDING INSPECTION,EXPENSES,PROFESSIONAL SALARY,PUBLIC SAFETY,PUBLIC SAFETY,FY2026,6,1155.0,2026-06-11,https://townofmarblehead-ma-oe.spending.socrata.com/#!/year/2026
PUBLIC WORKS,WASTE COLLECTION,EXPENSES,OTHER EXPENSE,PUBLIC WORKS,PUBLIC WORKS,FY2026,6,1132.5,2026-06-11,https://townofmarblehead-ma-oe.spending.socrata.com/#!/year/2026
EDUCATION,EDUCATION,UNDEFINED,OTHER DEPT REVENUE,EDUCATION,EDUCATION,FY2026,6,1080.0,2026-06-11,https://townofmarblehead-ma-oe.spending.socrata.com/#!/year/2026
PUBLIC WORKS,SNOW REMOVAL,EXPENSES,OTHER EXPENSE,PUBLIC WORKS,PUBLIC WORKS,FY2026,6,1000.48,2026-06-11,https://townofmarblehead-ma-oe.spending.socrata.com/#!/year/2026
PUBLIC WORKS,LIGHT,SALARIES,PROFESSIONAL SALARY,PUBLIC WORKS,PUBLIC WORKS,FY2026,6,990.0,2026-06-11,https://townofmarblehead-ma-oe.spending.socrata.com/#!/year/2026
HEALTH & HUMAN SERVICES,VETERANS SERVICES,EXPENSES,CONTRACTED SERVICES,HEALTH & HUMAN SERVICES,HEALTH & HUMAN SERVICES,FY2026,6,503.86,2026-06-11,https://townofmarblehead-ma-oe.spending.socrata.com/#!/year/2026
PUBLIC WORKS,SEWER,A11 2024 SEWER CONSTRUCTION,PROFESSIONAL SALARY,PUBLIC WORKS,PUBLIC WORKS,FY2026,6,500.24,2026-06-11,https://townofmarblehead-ma-oe.spending.socrata.com/#!/year/2026
EDUCATION,EDUCATION,UNDEFINED,FEES,EDUCATION,EDUCATION,FY2026,6,500.0,2026-06-11,https://townofmarblehead-ma-oe.spending.socrata.com/#!/year/2026
GENERAL GOVERNMENT,ELECTION & REGISTRATION,SALARIES,PROFESSIONAL SALARY,GENERAL GOVERNMENT,GENERAL GOVERNMENT,FY2026,6,495.0,2026-06-11,https://townofmarblehead-ma-oe.spending.socrata.com/#!/year/2026
HEALTH & HUMAN SERVICES,VETERANS SERVICES,EXPENSES,SUPPLIES AND MATL,HEALTH & HUMAN SERVICES,HEALTH & HUMAN SERVICES,FY2026,6,488.2,2026-06-11,https://townofmarblehead-ma-oe.spending.socrata.com/#!/year/2026
GENERAL GOVERNMENT,FINANCE COMMITTEE,EXPENSES,OTHER EXPENSE,GENERAL GOVERNMENT,GENERAL GOVERNMENT,FY2026,6,442.0,2026-06-11,https://townofmarblehead-ma-oe.spending.socrata.com/#!/year/2026
HEALTH & HUMAN SERVICES,HEALTH,EXPENSES,OTHER EXPENSE,HEALTH & HUMAN SERVICES,HEALTH & HUMAN SERVICES,FY2026,6,406.9,2026-06-11,https://townofmarblehead-ma-oe.spending.socrata.com/#!/year/2026
HEALTH & HUMAN SERVICES,COUNCIL ON AGING,SALARIES,PROFESSIONAL SALARY,HEALTH & HUMAN SERVICES,HEALTH & HUMAN SERVICES,FY2026,6,350.0,2026-06-11,https://townofmarblehead-ma-oe.spending.socrata.com/#!/year/2026
GENERAL GOVERNMENT,SELECT BOARD,SELECT BD EXP FY18,CONTRACTED SERVICES,GENERAL GOVERNMENT,GENERAL GOVERNMENT,FY2026,6,336.0,2026-06-11,https://townofmarblehead-ma-oe.spending.socrata.com/#!/year/2026
CULTURE & RECREATION,HARBOR,UNDEFINED,LICENSES AND PERMITS,CULTURE & RECREATION,CULTURE & RECREATION,FY2026,6,315.0,2026-06-11,https://townofmarblehead-ma-oe.spending.socrata.com/#!/year/2026
HEALTH & HUMAN SERVICES,HEALTH,UNDEFINED,MISC RECURRING,HEALTH & HUMAN SERVICES,HEALTH & HUMAN SERVICES,FY2026,6,295.54,2026-06-11,https://townofmarblehead-ma-oe.spending.socrata.com/#!/year/2026
CULTURE & RECREATION,HARBOR,UNDEFINED,OTHER EXCISE,CULTURE & RECREATION,CULTURE & RECREATION,FY2026,6,250.18,2026-06-11,https://townofmarblehead-ma-oe.spending.socrata.com/#!/year/2026
HEALTH & HUMAN SERVICES,VETERANS SERVICES,EXPENSES,OTHER EXPENSE,HEALTH & HUMAN SERVICES,HEALTH & HUMAN SERVICES,FY2026,6,250.0,2026-06-11,https://townofmarblehead-ma-oe.spending.socrata.com/#!/year/2026
CULTURE & RECREATION,MEMORIAL & VETERANS DAY,EXPENSES,SUPPLIES AND MATL,CULTURE & RECREATION,CULTURE & RECREATION,FY2026,6,212.5,2026-06-11,https://townofmarblehead-ma-oe.spending.socrata.com/#!/year/2026
EDUCATION,BROWN SCHOOL,UNDEFINED,CONTRACTED SERVICES,EDUCATION,EDUCATION,FY2026,6,200.0,2026-06-11,https://townofmarblehead-ma-oe.spending.socrata.com/#!/year/2026
GENERAL GOVERNMENT,HUMAN RESOURCES,EXPENSES,OTHER EXPENSE,GENERAL GOVERNMENT,GENERAL GOVERNMENT,FY2026,6,197.2,2026-06-11,https://townofmarblehead-ma-oe.spending.socrata.com/#!/year/2026
PUBLIC WORKS,SEWER,SALARIES,PROFESSIONAL SALARY,PUBLIC WORKS,PUBLIC WORKS,FY2026,6,169.01,2026-06-11,https://townofmarblehead-ma-oe.spending.socrata.com/#!/year/2026
GENERAL GOVERNMENT,SELECT BOARD,UNDEFINED,SUPPLIES AND MATL,GENERAL GOVERNMENT,GENERAL GOVERNMENT,FY2026,6,165.34,2026-06-11,https://townofmarblehead-ma-oe.spending.socrata.com/#!/year/2026
EDUCATION,HIGH SCHOOL,UNDEFINED,CAPITAL,EDUCATION,EDUCATION,FY2026,6,156.55,2026-06-11,https://townofmarblehead-ma-oe.spending.socrata.com/#!/year/2026
EDUCATION,GLOVER SCHOOL,UNDEFINED,CONTRACTED SERVICES,EDUCATION,EDUCATION,FY2026,6,135.24,2026-06-11,https://townofmarblehead-ma-oe.spending.socrata.com/#!/year/2026
PUBLIC WORKS,ENGINEERING,EXPENSES,CONTRACTED SERVICES,PUBLIC WORKS,PUBLIC WORKS,FY2026,6,121.7,2026-06-11,https://townofmarblehead-ma-oe.spending.socrata.com/#!/year/2026
GENERAL GOVERNMENT,HUMAN RESOURCES,EXPENSES,SUPPLIES AND MATL,GENERAL GOVERNMENT,GENERAL GOVERNMENT,FY2026,6,120.78,2026-06-11,https://townofmarblehead-ma-oe.spending.socrata.com/#!/year/2026
EDUCATION,DISTRICTWIDE,UNDEFINED,CHRG SVC OTHER,EDUCATION,EDUCATION,FY2026,6,100.0,2026-06-11,https://townofmarblehead-ma-oe.spending.socrata.com/#!/year/2026
GENERAL GOVERNMENT,PUBLIC BUILDINGS,EXPENSES,OTHER EXPENSE,GENERAL GOVERNMENT,GENERAL GOVERNMENT,FY2026,6,81.9,2026-06-11,https://townofmarblehead-ma-oe.spending.socrata.com/#!/year/2026
PUBLIC WORKS,CEMETERY,EXPENSES,OTHER EXPENSE,PUBLIC WORKS,PUBLIC WORKS,FY2026,6,59.0,2026-06-11,https://townofmarblehead-ma-oe.spending.socrata.com/#!/year/2026
GENERAL GOVERNMENT,TREASURER/COLLECTOR,UNDEFINED,INVESTMENT INCOME,GENERAL GOVERNMENT,GENERAL GOVERNMENT,FY2026,6,47.78,2026-06-11,https://townofmarblehead-ma-oe.spending.socrata.com/#!/year/2026
CULTURE & RECREATION,HARBOR,UNDEFINED,MISC RECURRING,CULTURE & RECREATION,CULTURE & RECREATION,FY2026,6,45.0,2026-06-11,https://townofmarblehead-ma-oe.spending.socrata.com/#!/year/2026
PUBLIC WORKS,PUBLIC WORKS,ARTICLE WALLS & FENCES,CAPITAL,PUBLIC WORKS,PUBLIC WORKS,FY2026,6,42.31,2026-06-11,https://townofmarblehead-ma-oe.spending.socrata.com/#!/year/2026
GENERAL GOVERNMENT,CONSERVATION COMMISSION,UNDEFINED,CONTRACTED SERVICES,GENERAL GOVERNMENT,GENERAL GOVERNMENT,FY2026,6,41.71,2026-06-11,https://townofmarblehead-ma-oe.spending.socrata.com/#!/year/2026
PUBLIC WORKS,WASTE COLLECTION,SALARIES,PROFESSIONAL SALARY,PUBLIC WORKS,PUBLIC WORKS,FY2026,6,23.45,2026-06-11,https://townofmarblehead-ma-oe.spending.socrata.com/#!/year/2026
