org1,org2,org3,org4,org5,org6,branch,fiscal_year,depth,amount_usd,prior_secondary_usd,prior_tertiary_usd,snapshot_date,source_url
BUDGETED ANNUAL FUNDS,GENERAL FUND - TOWN,TREASURER/COLLECTOR,PROPERTY TAX,REAL ESTATE TAXES - 2026,REAL ESTATE TAXES - 2026,revenue,FY2026,6,83925154.0,62275546.5,83925154.0,2026-06-10,https://townofmarblehead-ma-ob.budget.socrata.com/#!/year/2026
BUDGETED ANNUAL FUNDS,GENERAL FUND - TOWN,TREASURER/COLLECTOR,STATE REV-CHERRY,CSI SCHOOL AID - CHAP 70,CSI SCHOOL AID - CHAP 70,revenue,FY2026,6,6814879.0,4670840.0,6814879.0,2026-06-10,https://townofmarblehead-ma-ob.budget.socrata.com/#!/year/2026
BUDGETED ANNUAL FUNDS,WATER ENTERPRISE OPERATING,WATER,CHRG SVC WATER,WATER USAGE CHARGES,WATER UTILITY USAGE CHARGES,revenue,FY2026,6,6463957.0,5688304.17,6463957.0,2026-06-10,https://townofmarblehead-ma-ob.budget.socrata.com/#!/year/2026
BUDGETED ANNUAL FUNDS,SEWER ENTERPRISE OPERATING,SEWER,CHRG SVC SEWER,SEWER USAGE CHARGES,SEWER UTILITY USAGE CHARGES,revenue,FY2026,6,5532269.0,5232147.4,5532269.0,2026-06-10,https://townofmarblehead-ma-ob.budget.socrata.com/#!/year/2026
BUDGETED ANNUAL FUNDS,GENERAL FUND - TOWN,TREASURER/COLLECTOR,MOTOR VEHICLE EXCISE,MOTOR VEHICLE EXCISE - 2026,MOTOR VEHICLE EXCISE - 2026,revenue,FY2026,6,3500000.0,6396.46,3500000.0,2026-06-10,https://townofmarblehead-ma-ob.budget.socrata.com/#!/year/2026
BUDGETED ANNUAL FUNDS,GENERAL FUND - TOWN,TREASURER/COLLECTOR,INVESTMENT INCOME,INVESTMENT INCOME,INVESTMENT INCOME,revenue,FY2026,6,1687468.0,565794.28,1687468.0,2026-06-10,https://townofmarblehead-ma-ob.budget.socrata.com/#!/year/2026
BUDGETED ANNUAL FUNDS,GENERAL FUND - TOWN,TREASURER/COLLECTOR,STATE REV-CHERRY,CSI UNRESTRICTED GENERAL GOVT,CSI UNRESTRICTED GENERAL GOVT,revenue,FY2026,6,1433009.0,945056.0,1433009.0,2026-06-10,https://townofmarblehead-ma-ob.budget.socrata.com/#!/year/2026
BUDGETED ANNUAL FUNDS,GENERAL FUND - TOWN,BUILDING INSPECTION,LICENSES AND PERMITS,BUILDING PERMIT,BI-BUILDING PERMIT,revenue,FY2026,6,1000000.0,622375.0,1000000.0,2026-06-10,https://townofmarblehead-ma-ob.budget.socrata.com/#!/year/2026
OTHER FUNDS,MWRA PROJECT LWSAP26-3021,WATER,OTHER AVAIL FUNDS,PRINCIPAL FROM SALE OF BONDS,PRINCIPAL FROM SALE OF BONDS,revenue,FY2026,6,1000000.0,0,1000000.0,2026-06-10,https://townofmarblehead-ma-ob.budget.socrata.com/#!/year/2026
BUDGETED ANNUAL FUNDS,GENERAL FUND - TOWN,TREASURER/COLLECTOR,PROPERTY TAX,PERSONAL PROPERTY TAXES - 2026,PERSONAL PROP TAXES - 2026,revenue,FY2026,6,857000.0,813910.34,857000.0,2026-06-10,https://townofmarblehead-ma-ob.budget.socrata.com/#!/year/2026
BUDGETED ANNUAL FUNDS,GENERAL FUND - TOWN,TREASURER/COLLECTOR,STATE REV-CHERRY,CSI CHARTER SCHOOL STATE AID,CSI CHARTER SCHOOL STATE AID,revenue,FY2026,6,501817.0,418911.0,501817.0,2026-06-10,https://townofmarblehead-ma-ob.budget.socrata.com/#!/year/2026
BUDGETED ANNUAL FUNDS,HARBOR ENTERPRISE OPERATING,HARBOR,LICENSES AND PERMITS,MOORING PERMIT,HM  -MOORING PERMIT,revenue,FY2026,6,437000.0,516258.1,437000.0,2026-06-10,https://townofmarblehead-ma-ob.budget.socrata.com/#!/year/2026
BUDGETED ANNUAL FUNDS,HARBOR ENTERPRISE OPERATING,HARBOR,MISC RECURRING,EXPENDITURE REIMB.,EXPENDITURE REIMBURSEMENTS,revenue,FY2026,6,372476.0,0,372476.0,2026-06-10,https://townofmarblehead-ma-ob.budget.socrata.com/#!/year/2026
BUDGETED ANNUAL FUNDS,GENERAL FUND - TOWN,TOWN ACCOUNTANT,TRANSFERS IN,TRANSFER FROM ELECTRIC FUND,TRANSFER FROM ELECTRIC FUND,revenue,FY2026,6,360000.0,368888.0,360000.0,2026-06-10,https://townofmarblehead-ma-ob.budget.socrata.com/#!/year/2026
OTHER FUNDS,WORKERS COMPENSATION FUND,WORKERS COMPENSATION,TRANSFERS IN,TRANSFER FROM GENERAL FUND,TRANSFER FROM GENERAL FUND,revenue,FY2026,6,360000.0,360000.0,360000.0,2026-06-10,https://townofmarblehead-ma-ob.budget.socrata.com/#!/year/2026
OTHER FUNDS,WATER LEAD SERVICE GRANT,WATER,STATE GRANTS,STATE REVENUE,STATE REVENUE,revenue,FY2026,6,356425.0,0,356425.0,2026-06-10,https://townofmarblehead-ma-ob.budget.socrata.com/#!/year/2026
BUDGETED ANNUAL FUNDS,GENERAL FUND - TOWN,WASTE COLLECTION,CHRG SVC OTHER,FACILITY STICKERS,TRANSFER STA-FACILITY STICKERS,revenue,FY2026,6,350000.0,-18940.55,350000.0,2026-06-10,https://townofmarblehead-ma-ob.budget.socrata.com/#!/year/2026
BUDGETED ANNUAL FUNDS,GENERAL FUND - TOWN,TREASURER/COLLECTOR,OTHER EXCISE,MEALS TAX,MEALS TAX,revenue,FY2026,6,300000.0,228464.69,300000.0,2026-06-10,https://townofmarblehead-ma-ob.budget.socrata.com/#!/year/2026
BUDGETED ANNUAL FUNDS,GENERAL FUND - TOWN,TREASURER/COLLECTOR,OTHER EXCISE,ROOMS TAX,ROOMS TAX,revenue,FY2026,6,300000.0,421543.41,300000.0,2026-06-10,https://townofmarblehead-ma-ob.budget.socrata.com/#!/year/2026
BUDGETED ANNUAL FUNDS,GENERAL FUND - TOWN,SELECT BOARD,RENTALS,PUBLIC BUILDINGS RENT,SEL-PUBLIC BLDGS RENT,revenue,FY2026,6,300000.0,210750.0,300000.0,2026-06-10,https://townofmarblehead-ma-ob.budget.socrata.com/#!/year/2026
OTHER FUNDS,OPEB TRUST FUND,OTHER GOVERNMENTAL,TRANSFERS IN,TRANSFER FROM GENERAL FUND,TRANSFER FROM GENERAL FUND,revenue,FY2026,6,250000.0,250000.0,0,2026-06-10,https://townofmarblehead-ma-ob.budget.socrata.com/#!/year/2026
BUDGETED ANNUAL FUNDS,GENERAL FUND - TOWN,TREASURER/COLLECTOR,PNLTY/INT ON TAX/EXC,PEN & INT - PROPERTY TAX,PEN & INT - PROPERTY TAX,revenue,FY2026,6,230000.0,196535.32,230000.0,2026-06-10,https://townofmarblehead-ma-ob.budget.socrata.com/#!/year/2026
BUDGETED ANNUAL FUNDS,GENERAL FUND - TOWN,TREASURER/COLLECTOR,MOTOR VEHICLE EXCISE,MOTOR VEHICLE EXCISE - 2025,MOTOR VEHICLE EXCISE - 2025,revenue,FY2026,6,200000.0,586476.04,200000.0,2026-06-10,https://townofmarblehead-ma-ob.budget.socrata.com/#!/year/2026
BUDGETED ANNUAL FUNDS,GENERAL FUND - TOWN,TOWN ACCOUNTANT,TRANSFERS IN,TRANSFER FROM TRUST & AGENCY,TRANSFER FROM TRUST & AGENCY,revenue,FY2026,6,180000.0,180000.0,9000.0,2026-06-10,https://townofmarblehead-ma-ob.budget.socrata.com/#!/year/2026
BUDGETED ANNUAL FUNDS,GENERAL FUND - TOWN,TOWN ACCOUNTANT,TRANSFERS IN,TRANSFER FROM HARBOR FUND,TRANSFER FROM HARBOR FUND,revenue,FY2026,6,172420.0,145008.0,172420.0,2026-06-10,https://townofmarblehead-ma-ob.budget.socrata.com/#!/year/2026
BUDGETED ANNUAL FUNDS,GENERAL FUND - TOWN,TREASURER/COLLECTOR,STATE REV-CHERRY,ABATE TO VETS/BLIND/SURVSPOUSE,ABATE TO VETS/BLIND/SURVSPOUSE,revenue,FY2026,6,151047.0,0,151047.0,2026-06-10,https://townofmarblehead-ma-ob.budget.socrata.com/#!/year/2026
BUDGETED ANNUAL FUNDS,GENERAL FUND - TOWN,PARKS & RECREATION,CHRG SVC OTHER,FLOAT STORAGE CHG,R&P-FLOAT STORAGE CHG,revenue,FY2026,6,150000.0,156109.98,150000.0,2026-06-10,https://townofmarblehead-ma-ob.budget.socrata.com/#!/year/2026
BUDGETED ANNUAL FUNDS,HARBOR ENTERPRISE OPERATING,HARBOR,CHRG SVC OTHER,BOAT STORAGE CHARGE,BOAT STORAGE CHARGE,revenue,FY2026,6,147719.0,92739.0,147719.0,2026-06-10,https://townofmarblehead-ma-ob.budget.socrata.com/#!/year/2026
BUDGETED ANNUAL FUNDS,GENERAL FUND - TOWN,TOWN ACCOUNTANT,TRANSFERS IN,TRANSFER FROM WATER FUND,TRANSFER FROM WATER FUND,revenue,FY2026,6,145448.0,145448.0,145448.0,2026-06-10,https://townofmarblehead-ma-ob.budget.socrata.com/#!/year/2026
BUDGETED ANNUAL FUNDS,GENERAL FUND - TOWN,TREASURER/COLLECTOR,PNLTY/INT ON TAX/EXC,PEN & INT - MV EXCISE TAX,PEN & INT - MV EXCISE TAX,revenue,FY2026,6,130000.0,53302.02,130000.0,2026-06-10,https://townofmarblehead-ma-ob.budget.socrata.com/#!/year/2026
BUDGETED ANNUAL FUNDS,HARBOR ENTERPRISE OPERATING,HARBOR,OTHER EXCISE,BOAT EXCISE,BOAT EXCISE,revenue,FY2026,6,130000.0,0,130000.0,2026-06-10,https://townofmarblehead-ma-ob.budget.socrata.com/#!/year/2026
OTHER FUNDS,JAIL DIVERSION GRANT (STATE),POLICE,STATE GRANTS,STATE REVENUE,STATE REVENUE-2026 GRANT,revenue,FY2026,6,121310.0,0,0,2026-06-10,https://townofmarblehead-ma-ob.budget.socrata.com/#!/year/2026
BUDGETED ANNUAL FUNDS,GENERAL FUND - TOWN,TOWN ACCOUNTANT,TRANSFERS IN,TRANSFER FROM SEWER FUND,TRANSFER FROM SEWER FUND,revenue,FY2026,6,119818.0,119818.0,119818.0,2026-06-10,https://townofmarblehead-ma-ob.budget.socrata.com/#!/year/2026
OTHER FUNDS,CP GRANT-COMPREHENSIVE PLAN,COMMUNITY DEVELOP AND PLANNING,STATE GRANTS,STATE REVENUE,STATE REVENUE,revenue,FY2026,6,119279.08,10720.92,119279.08,2026-06-10,https://townofmarblehead-ma-ob.budget.socrata.com/#!/year/2026
OTHER FUNDS,STATE 911 SUPPORT GRANT,POLICE,STATE GRANTS,STATE REVENUE,STATE REVENUE - 2026 GRANT,revenue,FY2026,6,114600.0,0,114600.0,2026-06-10,https://townofmarblehead-ma-ob.budget.socrata.com/#!/year/2026
BUDGETED ANNUAL FUNDS,HARBOR ENTERPRISE OPERATING,HARBOR,RENTALS,BOATYARD RENT,BOATYARD RENT,revenue,FY2026,6,98000.0,94460.5,98000.0,2026-06-10,https://townofmarblehead-ma-ob.budget.socrata.com/#!/year/2026
BUDGETED ANNUAL FUNDS,GENERAL FUND - TOWN,CEMETERY,CHRG SVC OTHER,CEMETERY BURIAL & MAINT CHG,CEMETERY BURIAL & MAINT CHG,revenue,FY2026,6,80000.0,52900.0,80000.0,2026-06-10,https://townofmarblehead-ma-ob.budget.socrata.com/#!/year/2026
BUDGETED ANNUAL FUNDS,GENERAL FUND - TOWN,WASTE COLLECTION,CHRG SVC OTHER,OTHER WASTE,TRANSFER STA-OTHER WASTE,revenue,FY2026,6,65000.0,630.85,65000.0,2026-06-10,https://townofmarblehead-ma-ob.budget.socrata.com/#!/year/2026
BUDGETED ANNUAL FUNDS,GENERAL FUND - TOWN,TREASURER/COLLECTOR,CHRG SVC OTHER,FACILITY STICKERS,T/C-FACILITY STICKERS,revenue,FY2026,6,60000.0,150.0,60000.0,2026-06-10,https://townofmarblehead-ma-ob.budget.socrata.com/#!/year/2026
BUDGETED ANNUAL FUNDS,HARBOR ENTERPRISE OPERATING,HARBOR,CHRG SVC OTHER,TUCKERS DOCKAGE CHARGE,TUCKERS DOCKAGE CHARGE,revenue,FY2026,6,60000.0,66308.78,60000.0,2026-06-10,https://townofmarblehead-ma-ob.budget.socrata.com/#!/year/2026
BUDGETED ANNUAL FUNDS,GENERAL FUND - TOWN,TREASURER/COLLECTOR,STATE REV-CHERRY,CSI VETERANS BENEFITS CH115 S6,CSI VETERANS BENEFITS CH115 S6,revenue,FY2026,6,58780.0,32799.0,58780.0,2026-06-10,https://townofmarblehead-ma-ob.budget.socrata.com/#!/year/2026
BUDGETED ANNUAL FUNDS,GENERAL FUND - TOWN,PARKS & RECREATION,CHRG SVC OTHER,PARKING CHGS (DAILY),R&P-PARKING CHGS (DAILY),revenue,FY2026,6,45000.0,44539.26,45000.0,2026-06-10,https://townofmarblehead-ma-ob.budget.socrata.com/#!/year/2026
BUDGETED ANNUAL FUNDS,GENERAL FUND - TOWN,TOWN CLERK,LICENSES AND PERMITS,DOG LICENSE,CLK-DOG LICENSE,revenue,FY2026,6,45000.0,54655.0,45000.0,2026-06-10,https://townofmarblehead-ma-ob.budget.socrata.com/#!/year/2026
BUDGETED ANNUAL FUNDS,GENERAL FUND - TOWN,PARKING CLERK,FINES AND FORFEITS,PARKNG FINES,PARKNG FINES,revenue,FY2026,6,44000.0,35966.0,44000.0,2026-06-10,https://townofmarblehead-ma-ob.budget.socrata.com/#!/year/2026
BUDGETED ANNUAL FUNDS,HARBOR ENTERPRISE OPERATING,HARBOR,MISC RECURRING,WAITING LIST CHARGE,WAITING LIST CHARGE,revenue,FY2026,6,43000.0,51918.0,43000.0,2026-06-10,https://townofmarblehead-ma-ob.budget.socrata.com/#!/year/2026
BUDGETED ANNUAL FUNDS,GENERAL FUND - TOWN,SELECT BOARD,RENTALS,PARK RENT,SEL-PARK RENT,revenue,FY2026,6,40000.0,28494.53,40000.0,2026-06-10,https://townofmarblehead-ma-ob.budget.socrata.com/#!/year/2026
BUDGETED ANNUAL FUNDS,GENERAL FUND - TOWN,PARKS & RECREATION,CHRG SVC OTHER,PRAM RACK CHG,R&P-PRAM RACK CHG,revenue,FY2026,6,40000.0,490.0,40000.0,2026-06-10,https://townofmarblehead-ma-ob.budget.socrata.com/#!/year/2026
BUDGETED ANNUAL FUNDS,GENERAL FUND - TOWN,FINANCE,MEDICAID REIMB,MEDICARE REIMBURSEMENT,MEDICARE REIMBURSEMENT,revenue,FY2026,6,40000.0,39435.08,40000.0,2026-06-10,https://townofmarblehead-ma-ob.budget.socrata.com/#!/year/2026
BUDGETED ANNUAL FUNDS,GENERAL FUND - TOWN,TOWN ACCOUNTANT,TRANSFERS IN,TRANSFER FROM SPEC REV FUND,TRANSFER FROM SPEC REV FUND,revenue,FY2026,6,38917.0,111990.75,0,2026-06-10,https://townofmarblehead-ma-ob.budget.socrata.com/#!/year/2026
OTHER FUNDS,111F INJURY LEAVE FUND,WORKERS COMPENSATION,TRANSFERS IN,TRANSFER FROM GENERAL FUND,TRANSFER FROM GENERAL FUND,revenue,FY2026,6,38000.0,38000.0,38000.0,2026-06-10,https://townofmarblehead-ma-ob.budget.socrata.com/#!/year/2026
OTHER FUNDS,STATE 911 TRAINING GRANT,POLICE,STATE GRANTS,STATE REVENUE,STATE REVENUE-2026 GRANT,revenue,FY2026,6,33695.48,0,33695.48,2026-06-10,https://townofmarblehead-ma-ob.budget.socrata.com/#!/year/2026
BUDGETED ANNUAL FUNDS,GENERAL FUND - TOWN,TREASURER/COLLECTOR,PNLTY/INT ON TAX/EXC,PEN & INT - TAX LIENS (TITLES),PEN & INT - TAX LIENS (TITLES),revenue,FY2026,6,30000.0,0,30000.0,2026-06-10,https://townofmarblehead-ma-ob.budget.socrata.com/#!/year/2026
BUDGETED ANNUAL FUNDS,GENERAL FUND - TOWN,WASTE COLLECTION,CHRG SVC OTHER,LANDSCAPE FEES,TRANSFER STA-LANDSCAPE FEES,revenue,FY2026,6,30000.0,0,30000.0,2026-06-10,https://townofmarblehead-ma-ob.budget.socrata.com/#!/year/2026
OTHER FUNDS,ROAD SAFETY GRANT,POLICE,FEDERAL GRANTS,FEDERAL REVENUE PASS THROUGH,FEDERAL REV - 2026 GRANT,revenue,FY2026,6,26669.0,0,26669.0,2026-06-10,https://townofmarblehead-ma-ob.budget.socrata.com/#!/year/2026
BUDGETED ANNUAL FUNDS,GENERAL FUND - TOWN,WASTE COLLECTION,OTHER DEPT REVENUE,SALE OF RECYCL MATERIAL,W/C-SALE OF RECYCL MATERIAL,revenue,FY2026,6,26000.0,13235.3,26000.0,2026-06-10,https://townofmarblehead-ma-ob.budget.socrata.com/#!/year/2026
BUDGETED ANNUAL FUNDS,HARBOR ENTERPRISE OPERATING,HARBOR,CHRG SVC OTHER,RING CHARGE,RING CHARGE,revenue,FY2026,6,22000.0,53246.0,22000.0,2026-06-10,https://townofmarblehead-ma-ob.budget.socrata.com/#!/year/2026
BUDGETED ANNUAL FUNDS,GENERAL FUND - TOWN,TREASURER/COLLECTOR,FEES,CERTIFICATES-TAX COLLECTOR,T/C-CERTIFICATES-TAX COLLECTOR,revenue,FY2026,6,20000.0,15875.0,20000.0,2026-06-10,https://townofmarblehead-ma-ob.budget.socrata.com/#!/year/2026
BUDGETED ANNUAL FUNDS,GENERAL FUND - TOWN,BUILDING INSPECTION,LICENSES AND PERMITS,GAS PERMIT,BI-GAS PERMIT,revenue,FY2026,6,20000.0,17400.0,20000.0,2026-06-10,https://townofmarblehead-ma-ob.budget.socrata.com/#!/year/2026
OTHER FUNDS,COA TRANSPORTATION GRANT,COUNCIL ON AGING,STATE GRANTS,STATE REVENUE,STATE REVENUE-2026 GRANT,revenue,FY2026,6,20000.0,0,0,2026-06-10,https://townofmarblehead-ma-ob.budget.socrata.com/#!/year/2026
BUDGETED ANNUAL FUNDS,GENERAL FUND - TOWN,SELECT BOARD,LICENSES AND PERMITS,LIQUOR LICENSE,SEL-LIQUOR LICENSE,revenue,FY2026,6,17000.0,56153.0,17000.0,2026-06-10,https://townofmarblehead-ma-ob.budget.socrata.com/#!/year/2026
BUDGETED ANNUAL FUNDS,GENERAL FUND - TOWN,WASTE COLLECTION,CHRG SVC OTHER,BRUSH FEES,TRANSFER STA-BRUSH FEES,revenue,FY2026,6,15000.0,0,15000.0,2026-06-10,https://townofmarblehead-ma-ob.budget.socrata.com/#!/year/2026
BUDGETED ANNUAL FUNDS,GENERAL FUND - TOWN,FIRE,LICENSES AND PERMITS,SMOKE DETECTOR PERMIT,FIRE-SMOKE DETECTOR PERMIT,revenue,FY2026,6,14000.0,7850.0,14000.0,2026-06-10,https://townofmarblehead-ma-ob.budget.socrata.com/#!/year/2026
BUDGETED ANNUAL FUNDS,HARBOR ENTERPRISE OPERATING,HARBOR,LICENSES AND PERMITS,FLOAT PERMIT,HM  -FLOAT PERMIT,revenue,FY2026,6,14000.0,26991.87,14000.0,2026-06-10,https://townofmarblehead-ma-ob.budget.socrata.com/#!/year/2026
BUDGETED ANNUAL FUNDS,HARBOR ENTERPRISE OPERATING,HARBOR,CHRG SVC OTHER,PHOTOCOPIES,PHOTOCOPIES - HARBOR,revenue,FY2026,6,13000.0,0,13000.0,2026-06-10,https://townofmarblehead-ma-ob.budget.socrata.com/#!/year/2026
BUDGETED ANNUAL FUNDS,HARBOR ENTERPRISE OPERATING,HARBOR,INVESTMENT INCOME,INVESTMENT INCOME,INVESTMENT INCOME,revenue,FY2026,6,13000.0,38897.59,13000.0,2026-06-10,https://townofmarblehead-ma-ob.budget.socrata.com/#!/year/2026
BUDGETED ANNUAL FUNDS,GENERAL FUND - TOWN,POLICE,FEES,DETAIL ADMIN FEE,POL-DETAIL ADMIN FEE,revenue,FY2026,6,11000.0,77501.25,11000.0,2026-06-10,https://townofmarblehead-ma-ob.budget.socrata.com/#!/year/2026
BUDGETED ANNUAL FUNDS,HARBOR ENTERPRISE OPERATING,HARBOR,FINES AND FORFEITS,HARBOR PERMIT PENALTY,HARBOR PERMIT PENALTY,revenue,FY2026,6,11000.0,6190.0,11000.0,2026-06-10,https://townofmarblehead-ma-ob.budget.socrata.com/#!/year/2026
OTHER FUNDS,HARBOR CAPITAL ARTICLES,HARBOR,STATE GRANTS,STATE REVENUE,HARBOR ACCESS GRANT-REVENUE,revenue,FY2026,6,11000.0,0,11000.0,2026-06-10,https://townofmarblehead-ma-ob.budget.socrata.com/#!/year/2026
BUDGETED ANNUAL FUNDS,GENERAL FUND - TOWN,TOWN CLERK,CHRG SVC OTHER,DEATH CERTIFICATES,CLRK-DEATH CERTIFICATES,revenue,FY2026,6,10000.0,7850.0,10000.0,2026-06-10,https://townofmarblehead-ma-ob.budget.socrata.com/#!/year/2026
BUDGETED ANNUAL FUNDS,GENERAL FUND - TOWN,POLICE,FINES AND FORFEITS,COURT FINES MV,POL-COURT FINES MV,revenue,FY2026,6,10000.0,3562.96,10000.0,2026-06-10,https://townofmarblehead-ma-ob.budget.socrata.com/#!/year/2026
BUDGETED ANNUAL FUNDS,GENERAL FUND - TOWN,HEALTH,LICENSES AND PERMITS,FOOD SERVICE LICENSE,HLTH-FOOD SERVICE LICENSE,revenue,FY2026,6,10000.0,13979.0,10000.0,2026-06-10,https://townofmarblehead-ma-ob.budget.socrata.com/#!/year/2026
BUDGETED ANNUAL FUNDS,GENERAL FUND - TOWN,BUILDING INSPECTION,LICENSES AND PERMITS,PLUMBING PERMIT,BI-PLUMBING PERMIT,revenue,FY2026,6,8000.0,10985.0,8000.0,2026-06-10,https://townofmarblehead-ma-ob.budget.socrata.com/#!/year/2026
BUDGETED ANNUAL FUNDS,GENERAL FUND - TOWN,BUILDING INSPECTION,LICENSES AND PERMITS,WIRE PERMIT,BI-WIRE PERMIT,revenue,FY2026,6,7000.0,12275.0,7000.0,2026-06-10,https://townofmarblehead-ma-ob.budget.socrata.com/#!/year/2026
BUDGETED ANNUAL FUNDS,GENERAL FUND - TOWN,TREASURER/COLLECTOR,PAY IN LIEU OF TAXES,PILOT - SEWALL BLDG,PILOT - SEWALL BLDG,revenue,FY2026,6,5000.0,11049.75,5000.0,2026-06-10,https://townofmarblehead-ma-ob.budget.socrata.com/#!/year/2026
BUDGETED ANNUAL FUNDS,GENERAL FUND - TOWN,TOWN CLERK,FINES AND FORFEITS,DOG LATE LICENSE FINES,CLK-DOG LATE LICENSE FINES,revenue,FY2026,6,5000.0,911.75,5000.0,2026-06-10,https://townofmarblehead-ma-ob.budget.socrata.com/#!/year/2026
BUDGETED ANNUAL FUNDS,GENERAL FUND - TOWN,TREASURER/COLLECTOR,PAY IN LIEU OF TAXES,PILOT - HOUSING,PILOT - HOUSING,revenue,FY2026,6,4000.0,0,4000.0,2026-06-10,https://townofmarblehead-ma-ob.budget.socrata.com/#!/year/2026
BUDGETED ANNUAL FUNDS,GENERAL FUND - TOWN,WASTE COLLECTION,OTHER DEPT REVENUE,SALE OF RECYCL CONTAINERS,W/C-SALE OF RECYCL CONTAINERS,revenue,FY2026,6,4000.0,0,4000.0,2026-06-10,https://townofmarblehead-ma-ob.budget.socrata.com/#!/year/2026
BUDGETED ANNUAL FUNDS,GENERAL FUND - TOWN,SELECT BOARD,FEES,BD OF APPEALS APPL FEE,SEL-BD OF APPEALS APPL FEE,revenue,FY2026,6,4000.0,2925.0,4000.0,2026-06-10,https://townofmarblehead-ma-ob.budget.socrata.com/#!/year/2026
BUDGETED ANNUAL FUNDS,GENERAL FUND - TOWN,TOWN CLERK,FEES,BUSINESS CERTIF FILING FEE,CLRK-BUSINESS CERT FILING FEE,revenue,FY2026,6,3000.0,2925.0,3000.0,2026-06-10,https://townofmarblehead-ma-ob.budget.socrata.com/#!/year/2026
BUDGETED ANNUAL FUNDS,GENERAL FUND - TOWN,POLICE,LICENSES AND PERMITS,LICENSE TO CARRY FIREARM,POL-LICENSE TO CARRY FIREARM,revenue,FY2026,6,3000.0,3625.0,3000.0,2026-06-10,https://townofmarblehead-ma-ob.budget.socrata.com/#!/year/2026
BUDGETED ANNUAL FUNDS,GENERAL FUND - TOWN,TOWN CLERK,LICENSES AND PERMITS,MARRIAGE INTENTIONS LIC.,CLK-MARRIAGE INTENTIONS LIC.,revenue,FY2026,6,2000.0,1440.0,2000.0,2026-06-10,https://townofmarblehead-ma-ob.budget.socrata.com/#!/year/2026
BUDGETED ANNUAL FUNDS,GENERAL FUND - TOWN,PLANNING BOARD,FEES,SITE PLAN REVIEW FEE,PLANNING-SITE PLAN REVIEW FEE,revenue,FY2026,6,2000.0,2370.0,2000.0,2026-06-10,https://townofmarblehead-ma-ob.budget.socrata.com/#!/year/2026
BUDGETED ANNUAL FUNDS,HARBOR ENTERPRISE OPERATING,HARBOR,FINES AND FORFEITS,HARBOR WAITING LIST LATE FEE,HARBOR WAITING LIST LATE FEE,revenue,FY2026,6,1400.0,0,1400.0,2026-06-10,https://townofmarblehead-ma-ob.budget.socrata.com/#!/year/2026
BUDGETED ANNUAL FUNDS,GENERAL FUND - TOWN,ABBOT LIBRARY,OTHER DEPT REVENUE,LOST BOOKS-MAGAZINES-RECORDS,LOST BOOKS-MAGAZINES-RECORDS,revenue,FY2026,6,1200.0,1008.2,1200.0,2026-06-10,https://townofmarblehead-ma-ob.budget.socrata.com/#!/year/2026
BUDGETED ANNUAL FUNDS,GENERAL FUND - TOWN,HEALTH,FINES AND FORFEITS,HEALTH VIOLATIONS,CLK-HEALTH VIOLATIONS,revenue,FY2026,6,1000.0,0,1000.0,2026-06-10,https://townofmarblehead-ma-ob.budget.socrata.com/#!/year/2026
