dor_code,municipality,fiscal_year,general_government,public_safety,education,public_works,human_services,culture_recreation,fixed_costs,intergov_assessments,other,debt_service,total_expenditures
010,Arlington,2025,"8,698,445","18,692,283","105,101,294","11,813,138","1,605,229","2,868,456","41,475,674","4,077,654",0,"19,929,471","214,261,644"
046,Brookline,2025,"14,591,582","43,497,816","146,446,110","15,080,716","2,793,578","8,665,288","89,415,746","7,959,725",0,"36,286,410","364,736,971"
065,Cohasset,2025,"3,828,490","7,169,908","25,719,459","4,229,505","677,947","971,818","11,187,454","422,232",0,"1,239,777","55,446,590"
082,Duxbury,2025,"4,809,321","11,108,792","44,220,697","4,423,143","910,795","3,729,969","18,952,889","667,206",0,"6,954,800","95,777,612"
100,Framingham,2025,"12,817,460","38,200,935","182,378,916","14,944,674","2,224,037","7,309,000","70,460,835","7,888,965","27,155","15,305,347","351,557,324"
131,Hingham,2025,"6,586,866","17,112,742","71,942,495","8,347,538","1,048,813","2,939,514","18,430,516","1,072,771","1,155,400","10,933,506","139,570,161"
155,Lexington,2025,"22,872,035","20,242,918","146,245,592","10,908,690","1,901,500","5,329,042","48,442,145","1,254,659","69,593","22,099,556","279,365,730"
168,Marblehead,2025,0,0,0,0,0,0,0,0,0,0,0
178,Melrose,2025,"5,181,550","13,424,916","44,643,358","9,377,581","1,953,877","2,104,720","24,048,460","5,203,717","779,681","8,952,102","115,669,962"
198,Natick,2025,"14,677,706","19,930,753","88,975,578","10,306,777","1,997,286","3,451,530","36,335,317","1,401,601","21,967","14,663,623","191,762,138"
199,Needham,2025,"13,121,220","23,609,570","107,941,852","10,749,630","2,987,409","3,560,672","44,211,650","1,605,706","949,042","24,514,652","233,251,403"
284,Stoneham,2025,"3,020,667","11,733,698","38,213,957","2,922,160","715,832","1,881,501","19,848,341","4,530,606","388,841","8,473,793","91,729,396"
291,Swampscott,2025,"3,344,562","8,902,231","32,761,014","1,428,059","566,557","885,984","14,710,661","1,702,289","563,409","7,503,311","72,368,077"
317,Wellesley,2025,"18,672,228","16,340,552","89,711,236","12,140,619","2,049,487","3,714,447","32,675,163","1,432,482","190,778","20,505,115","197,432,107"
344,Winchester,2025,"9,103,683","13,716,637","66,394,217","11,451,832","1,087,965","3,584,262","23,340,118","662,126","63,365","14,315,185","143,719,390"
010,Arlington,2024,"8,384,769","18,936,570","98,738,122","11,605,875","1,547,757","2,692,273","39,315,601","3,958,930",0,"23,737,977","208,917,874"
046,Brookline,2024,"13,587,487","41,470,109","140,247,931","13,663,245","2,627,566","8,273,220","80,309,607","7,529,086",0,"35,718,059","343,426,310"
065,Cohasset,2024,"3,588,415","6,902,988","23,611,602","4,099,206","685,151","983,265","10,954,641","479,640",0,"1,672,052","52,976,960"
082,Duxbury,2024,"5,505,164","11,321,280","43,008,465","4,556,682","895,400","3,919,676","16,633,508","558,001",0,"6,831,188","93,229,364"
100,Framingham,2024,"12,030,847","36,724,064","175,324,565","14,538,629","2,088,258","7,057,073","64,937,095","8,128,538","43,763","16,155,889","337,028,721"
131,Hingham,2024,"6,057,595","17,518,263","64,873,416","6,986,408","985,195","2,740,666","16,913,886","987,694","1,108,641","8,599,792","126,771,556"
155,Lexington,2024,"22,001,442","19,170,666","138,583,334","9,678,640","2,026,449","4,874,521","43,951,486","981,462","185,539","23,374,202","264,827,741"
168,Marblehead,2024,"3,311,081","10,913,557","45,816,392","6,040,577","847,938","2,212,627","18,519,860","1,832,947",0,"11,006,139","100,501,118"
178,Melrose,2024,"5,245,120","11,324,302","43,856,748","12,270,004","1,881,924","1,986,935","22,954,422","4,523,929","2,099,890","5,213,126","111,356,400"
198,Natick,2024,"14,239,615","19,178,790","84,694,338","10,214,181","1,921,254","3,990,402","34,021,157","1,376,799","18,819","15,724,178","185,379,533"
199,Needham,2024,"11,240,547","22,154,845","100,522,575","9,491,211","2,661,354","3,296,182","42,491,844","1,642,017","870,055","20,485,124","214,855,754"
284,Stoneham,2024,"3,549,443","10,719,291","36,050,187","2,808,428","742,063","1,702,405","18,378,820","4,004,841","271,208","8,620,334","86,847,020"
291,Swampscott,2024,"4,273,205","8,869,226","31,517,835","1,383,275","517,866","888,376","13,088,183","1,657,186","564,933","7,069,094","69,829,179"
317,Wellesley,2024,"16,440,924","15,738,836","89,921,786","11,526,289","1,917,677","3,496,001","30,407,126","1,407,314","133,339","19,140,672","190,129,964"
344,Winchester,2024,"9,138,598","14,032,280","64,744,510","11,438,902","923,718","2,402,443","21,661,909","675,242","29,485","13,504,423","138,551,510"
010,Arlington,2023,"7,349,152","17,522,620","91,353,298","9,719,068","1,671,007","4,419,762","36,675,742","3,823,337",0,"19,051,221","191,585,207"
046,Brookline,2023,"13,924,496","36,382,869","130,884,869","13,588,421","2,425,972","7,958,580","77,360,296","7,295,058",0,"35,445,846","325,266,407"
065,Cohasset,2023,"5,247,861","6,611,498","22,499,714","2,333,904","614,453","932,662","12,462,536","341,557",0,"2,726,904","53,771,089"
082,Duxbury,2023,"4,547,581","10,815,085","40,528,150","4,355,573","766,111","3,238,605","15,964,674","596,789",0,"7,124,179","87,936,747"
100,Framingham,2023,"11,486,736","33,887,620","163,529,809","13,358,450","1,849,526","6,671,298","63,743,946","8,578,452","54,724","14,145,001","317,305,562"
131,Hingham,2023,"6,077,534","17,271,981","63,015,255","5,822,600","887,753","2,627,064","16,967,575","1,062,691","19,214","5,372,579","119,124,246"
155,Lexington,2023,"20,077,834","18,311,899","127,066,811","9,136,390","1,882,267","4,804,983","41,645,233","1,003,631","259,837","23,363,388","247,552,273"
168,Marblehead,2023,"2,815,519","10,581,498","44,336,803","5,677,701","759,309","2,181,334","17,604,579","2,516,077",0,"10,106,619","96,579,439"
178,Melrose,2023,"4,908,876","11,782,589","39,494,198","10,919,984","1,866,274","1,863,247","22,813,568","4,425,901","1,369,859","5,069,313","104,513,809"
198,Natick,2023,"14,496,421","18,892,229","80,887,468","8,902,529","1,782,912","3,132,018","31,401,683","1,396,463","11,800","13,806,065","174,709,588"
199,Needham,2023,"10,179,315","21,069,993","95,549,915","8,555,318","2,422,085","3,227,900","40,382,532","1,555,971","802,155","23,692,944","207,438,128"
284,Stoneham,2023,"3,199,887","10,379,569","33,705,651","2,850,812","652,878","1,406,623","18,037,565","3,563,586","141,104","9,131,016","83,068,691"
291,Swampscott,2023,"4,661,325","8,305,046","30,812,071","1,307,883","639,831","836,128","12,515,658","1,762,062",499,"6,847,287","67,687,790"
317,Wellesley,2023,"15,633,350","14,901,529","82,260,312","10,778,758","1,650,367","3,395,363","28,534,864","1,330,131","162,354","22,508,372","181,155,400"
344,Winchester,2023,"9,062,140","14,123,299","60,339,391","9,383,380","894,821","2,291,116","20,619,559","720,639","36,500","11,589,102","129,059,947"
010,Arlington,2022,"6,882,379","17,611,043","87,033,450","9,388,963","1,660,785","4,355,679","35,863,807","3,618,539",0,"15,752,874","182,167,519"
046,Brookline,2022,"12,441,283","36,633,271","128,842,776","13,875,924","2,503,622","7,802,448","72,160,184","6,844,019",0,"34,262,603","315,366,130"
065,Cohasset,2022,"3,821,082","6,249,166","22,120,639","3,668,580","613,214","886,991","9,177,759","570,773",0,"1,864,257","48,972,461"
082,Duxbury,2022,"3,800,251","10,191,755","38,351,187","4,344,506","733,425","2,906,920","14,498,673","585,540","216,000","7,250,199","82,878,456"
100,Framingham,2022,"10,560,261","33,537,996","156,923,968","13,754,677","1,949,586","6,241,758","59,560,314","8,942,227","63,107","13,726,985","305,260,879"
131,Hingham,2022,"5,131,975","15,019,175","60,301,393","6,697,536","899,282","2,649,927","16,200,321","1,078,185",0,"5,557,840","113,535,634"
155,Lexington,2022,"19,986,676","17,095,650","123,766,584","8,356,000","1,536,011","4,518,893","15,528,257","1,048,843","551,748","27,240,811","219,629,473"
168,Marblehead,2022,"2,752,211","9,788,938","43,062,644","5,715,633","829,069","1,985,171","16,898,811","2,774,145",0,"12,681,651","96,488,273"
178,Melrose,2022,"4,249,170","10,873,575","37,410,838","10,697,187","1,721,590","1,653,689","21,272,173","4,174,541","1,592,467","5,149,219","98,794,449"
198,Natick,2022,"12,581,312","17,733,096","77,376,420","8,701,526","1,770,861","3,076,067","28,919,791","1,360,306","10,341","14,442,607","165,972,327"
199,Needham,2022,"9,638,958","19,492,750","91,247,476","8,114,665","2,263,580","2,959,474","38,342,644","1,572,207",0,"18,152,496","191,784,250"
284,Stoneham,2022,"3,184,949","9,767,567","32,657,020","2,745,514","601,547","1,449,090","17,125,482","3,241,456","50,169","2,881,813","73,704,607"
291,Swampscott,2022,"3,582,757","8,453,450","30,311,491","1,542,313","1,829,339","798,229","12,680,355","1,672,962","93,833","3,299,096","64,263,825"
317,Wellesley,2022,"14,084,343","13,609,803","80,679,989","9,373,266","1,695,146","3,219,097","27,236,568","1,286,137","15,164","17,416,858","168,616,371"
344,Winchester,2022,"8,275,677","12,132,536","59,199,871","9,756,641","883,018","2,135,626","19,988,584","695,208","41,000","11,973,479","125,081,640"
010,Arlington,2021,"7,144,202","16,458,621","81,004,989","9,505,229","1,586,915","3,997,511","33,942,911","3,513,160",0,"13,429,367","170,582,905"
046,Brookline,2021,"12,790,198","35,067,861","126,667,840","13,221,233","2,438,501","7,607,961","68,065,399","6,844,100",0,"25,056,165","297,759,258"
065,Cohasset,2021,"3,583,388","5,987,399","21,231,521","3,472,768","565,513","858,993","8,909,141","605,249",0,"2,056,875","47,270,847"
082,Duxbury,2021,"3,875,231","9,816,009","36,466,876","3,586,938","692,021","2,781,853","14,150,638","579,254",0,"8,491,367","80,440,187"
100,Framingham,2021,"11,101,640","30,292,561","152,403,876","13,643,262","1,988,143","5,699,714","56,422,601","8,549,307","53,992","13,241,707","293,396,803"
131,Hingham,2021,"5,266,407","13,319,256","57,149,966","5,815,934","844,139","1,865,789","15,167,617","1,035,944","6,500","7,918,163","108,389,715"
155,Lexington,2021,"18,269,953","16,512,149","117,327,461","8,482,363","1,689,414","4,133,653","12,341,163","990,747","202,589","27,783,469","207,732,961"
168,Marblehead,2021,"2,377,131","8,867,143","40,666,179","5,017,315","627,213","2,038,821","16,623,103","2,294,253",0,"7,757,889","86,269,047"
178,Melrose,2021,"4,016,298","10,307,732","36,993,157","9,435,544","1,582,994","1,635,552","20,190,428","4,146,976","998,033","5,890,716","95,197,430"
198,Natick,2021,"12,432,432","17,483,698","69,830,746","7,961,827","1,866,238","2,870,285","28,655,010","1,561,618",0,"15,005,514","157,667,368"
199,Needham,2021,"9,621,286","18,096,470","87,699,063","8,123,490","2,189,972","2,559,006","36,858,022","1,521,825","667,584","17,966,458","185,303,176"
284,Stoneham,2021,"2,817,349","8,890,923","31,314,044","2,647,509","632,705","1,315,977","15,972,552","2,489,091","55,893","4,154,276","70,290,319"
291,Swampscott,2021,"3,426,088","7,885,848","29,067,091","1,334,475","1,899,522","738,659","12,087,858","1,285,431","106,852","3,514,452","61,346,276"
317,Wellesley,2021,"14,752,738","13,468,597","77,673,186","9,785,213","1,606,826","3,008,144","26,945,930","1,316,042","199,138","15,970,941","164,726,755"
344,Winchester,2021,"7,494,043","11,577,690","57,002,418","9,294,473","815,269","1,937,913","19,118,065","605,962","32,155","12,666,100","120,544,088"
010,Arlington,2020,"6,763,382","16,522,057","79,690,122","9,317,012","1,312,818","3,925,259","32,052,230","3,378,962",0,"13,810,046","166,771,888"
046,Brookline,2020,"12,581,935","35,129,432","123,764,357","12,741,652","2,362,158","7,515,548","65,533,832","6,845,405",0,"17,976,346","284,450,665"
065,Cohasset,2020,"3,323,763","5,597,588","20,084,914","3,295,862","550,739","822,468","8,286,040","560,848",0,"2,343,088","44,865,310"
082,Duxbury,2020,"4,221,235","9,968,821","36,955,362","3,802,550","715,845","2,649,674","12,403,461","515,308",0,"8,501,172","79,733,428"
100,Framingham,2020,"11,383,571","30,578,794","147,847,794","13,633,748","2,098,696","6,191,879","53,217,615","8,063,175","86,841","14,489,884","287,591,997"
131,Hingham,2020,"5,119,764","14,248,908","54,983,136","5,096,683","856,217","2,043,007","14,121,637","969,877","6,838","7,867,091","105,313,158"
155,Lexington,2020,"17,734,627","15,947,122","111,849,631","7,757,450","1,398,727","3,957,618","36,317,593","937,092","790,173","26,009,189","222,699,222"
168,Marblehead,2020,"2,374,600","8,633,414","40,702,073","4,911,732","641,129","1,963,950","15,278,345","3,286,263",0,"6,946,380","84,737,886"
178,Melrose,2020,"3,992,651","10,060,744","35,694,055","9,155,220","1,517,175","1,678,582","19,078,746","3,750,166","1,377,547","13,483,332","99,788,218"
198,Natick,2020,"10,544,030","17,419,061","69,804,107","8,474,439","1,800,272","2,925,178","26,801,231","1,396,120",0,"15,406,062","154,570,500"
199,Needham,2020,"8,298,959","17,880,087","82,621,194","6,874,723","1,876,915","2,629,171","33,882,779","1,445,490","608,251","13,483,139","169,600,708"
284,Stoneham,2020,"2,590,120","8,699,790","31,288,218","2,087,562","674,042","1,294,872","16,640,874","2,295,733","53,106","4,142,533","69,766,850"
291,Swampscott,2020,"3,475,975","7,663,410","30,235,828","1,368,497","1,786,163","756,786","11,537,466","1,106,875","119,153","3,055,320","61,105,473"
317,Wellesley,2020,"13,474,753","12,638,970","76,120,275","9,754,547","1,444,631","2,970,169","25,967,839","1,263,722","343,741","15,772,700","159,751,347"
344,Winchester,2020,"7,341,108","10,238,406","53,407,207","7,906,975","758,222","2,417,588","18,179,565","590,892","28,500","12,647,079","113,515,542"
010,Arlington,2019,"6,136,498","16,260,516","65,792,139","9,077,803","1,218,442","3,894,551","30,053,881","3,272,899","33,028","16,582,686","152,322,443"
046,Brookline,2019,"12,444,751","34,584,040","116,389,275","13,321,964","2,318,926","7,353,301","61,594,549","6,656,579",0,"15,631,274","270,294,659"
065,Cohasset,2019,"3,461,746","5,508,610","19,657,381","3,325,697","540,671","751,559","8,555,408","527,772",0,"2,664,092","44,992,936"
082,Duxbury,2019,"4,556,597","9,580,149","35,809,182","3,791,468","742,145","2,717,821","12,599,004","502,414",0,"8,375,286","78,674,066"
100,Framingham,2019,"11,709,501","29,814,957","141,637,054","13,910,310","2,078,474","6,674,439","50,828,106","7,860,257","128,982","14,195,484","278,837,564"
131,Hingham,2019,"4,714,009","13,659,957","53,089,470","6,300,216","878,779","1,942,355","13,648,643","976,062","6,410","8,646,544","103,862,445"
155,Lexington,2019,"17,110,992","15,768,798","108,356,601","7,872,922","1,497,059","3,915,094","33,626,881","923,294","109,084","24,864,253","214,044,978"
168,Marblehead,2019,"2,399,378","8,683,264","39,860,882","5,084,798","666,454","2,059,878","15,162,537","2,995,396",0,"6,734,427","83,647,014"
178,Melrose,2019,"3,718,827","9,882,410","32,463,997","9,072,056","1,470,738","1,621,639","18,381,091","3,631,893","989,830","5,696,883","86,929,364"
198,Natick,2019,"12,100,299","17,625,855","67,522,977","7,273,669","1,884,459","3,033,627","25,053,777","1,507,563",0,"9,386,226","145,388,452"
199,Needham,2019,"8,315,446","17,071,454","78,619,687","5,486,429","1,747,253","2,485,696","33,836,747","1,389,486","556,798","9,996,903","159,505,899"
284,Stoneham,2019,"2,728,209","8,393,370","30,354,467","2,671,179","597,535","1,472,984","15,735,022","1,814,909","195,387","4,488,541","68,451,603"
291,Swampscott,2019,"3,391,766","8,005,306","29,446,235","1,439,155","1,631,529","760,649","11,069,158","874,031","77,410","3,307,292","60,002,531"
317,Wellesley,2019,"14,877,603","12,638,301","75,717,428","9,170,021","1,372,282","2,973,495","24,948,511","1,262,764","79,326","16,704,655","159,744,386"
344,Winchester,2019,"7,798,467","9,653,478","49,974,412","8,452,015","647,889","1,959,049","17,500,519","573,680","27,900","12,993,748","109,581,157"
010,Arlington,2018,"3,895,893","15,776,013","65,109,595","9,972,972","1,099,350","2,818,832","29,369,586","3,173,429","32,455","10,834,276","142,082,401"
046,Brookline,2018,"11,723,637","32,252,448","110,623,908","13,330,596","2,163,588","7,234,336","60,824,387","6,480,817",0,"12,577,453","257,211,170"
065,Cohasset,2018,"2,895,408","5,373,334","18,934,712","2,929,567","497,775","756,485","8,179,954","431,545",0,"3,084,342","43,083,122"
082,Duxbury,2018,"3,770,149","9,055,201","34,716,640","4,168,291","860,318","2,602,589","12,849,251","526,890","14,637","8,542,607","77,106,573"
100,Framingham,2018,"11,226,396","29,335,412","137,018,602","14,277,437","1,900,805","6,603,049","48,496,900","7,439,538","54,544","13,866,873","270,219,556"
131,Hingham,2018,"4,687,692","13,225,588","50,508,509","6,349,000","856,425","1,895,562","13,074,128","909,520","91,348","9,082,883","100,680,655"
155,Lexington,2018,"16,992,483","15,836,707","100,996,855","7,706,325","1,413,590","3,617,377","32,645,444","813,626","-12,657","20,334,965","200,344,715"
168,Marblehead,2018,"2,607,205","8,355,696","37,558,772","5,002,841","652,684","1,954,734","14,489,427","2,872,858",0,"7,156,767","80,650,984"
178,Melrose,2018,"3,842,020","9,716,051","30,376,222","9,342,940","1,488,517","1,631,784","18,133,779","3,498,222","973,942","5,525,305","84,528,782"
198,Natick,2018,"11,828,090","16,669,582","63,757,397","7,517,781","1,916,301","2,725,144","24,524,443","1,467,927",0,"10,242,228","140,648,893"
199,Needham,2018,"7,822,606","16,262,900","74,311,204","5,669,310","1,581,104","2,170,297","31,136,752","1,333,038","521,244","10,593,452","151,401,907"
284,Stoneham,2018,"2,346,342","8,181,008","29,149,124","2,456,348","599,467","1,328,409","15,429,835","1,528,894","75,100","4,487,738","65,582,265"
291,Swampscott,2018,"3,065,196","7,744,833","28,612,235","1,409,691","1,565,515","791,933","11,322,719","825,701","42,011","3,320,775","58,700,609"
317,Wellesley,2018,"13,083,057","12,162,882","73,313,366","9,687,499","1,327,301","2,934,890","24,636,416","1,239,256","143,786","16,775,220","155,303,673"
344,Winchester,2018,"6,835,305","9,886,779","48,268,284","8,455,060","629,696","1,907,025","19,056,060","552,349","30,250","12,401,211","108,022,019"
010,Arlington,2017,"5,360,907","15,800,268","63,705,295","8,346,513","978,872","3,489,773","26,031,499","3,118,634","235,279","9,248,828","136,315,868"
046,Brookline,2017,"11,619,881","32,523,188","106,968,328","12,311,822","2,202,722","7,165,225","56,010,566","6,423,591",0,"10,255,514","245,480,837"
065,Cohasset,2017,"3,029,723","5,013,937","18,200,849","2,887,769","507,367","730,276","7,440,095","401,673",0,"3,986,678","42,198,367"
082,Duxbury,2017,"3,374,271","8,435,845","33,962,973","3,503,076","633,538","2,293,168","15,011,730","500,571","439,989","8,651,368","76,806,529"
100,Framingham,2017,"10,869,368","28,506,451","130,695,481","13,022,840","1,782,097","6,426,336","46,156,382","7,222,871","85,740","13,259,066","258,026,632"
131,Hingham,2017,"4,487,623","13,220,784","48,446,275","5,836,910","892,103","2,939,482","13,416,435","892,397","8,655","9,400,967","99,541,631"
155,Lexington,2017,"16,584,803","13,748,600","96,338,172","7,612,352","1,340,167","3,626,219","31,106,214","850,915","635,384","15,168,663","187,011,489"
168,Marblehead,2017,"2,183,741","7,862,426","35,394,196","4,789,839","620,566","1,893,088","13,833,989","3,082,820",0,"6,823,406","76,484,071"
178,Melrose,2017,"3,617,288","9,659,485","29,426,847","9,187,104","1,456,907","1,507,272","17,753,256","3,384,580","1,466,395","5,519,046","82,978,180"
198,Natick,2017,"11,497,374","15,637,402","59,505,054","6,937,534","1,861,158","2,721,002","22,389,365","1,351,730",0,"10,071,148","131,971,767"
199,Needham,2017,"7,626,291","15,427,297","71,479,621","5,052,989","1,456,764","2,112,742","29,222,890","1,309,161","532,194","10,368,801","144,588,750"
284,Stoneham,2017,"2,488,551","7,682,309","28,021,544","2,094,158","564,323","1,323,091","14,735,928","1,501,525","220,676","4,554,046","63,186,151"
291,Swampscott,2017,"3,361,475","7,989,630","27,815,929","1,202,103","1,475,929","787,227","10,759,008","683,482",0,"4,322,646","58,397,429"
317,Wellesley,2017,"12,729,509","11,798,441","69,652,079","8,381,631","1,395,297","2,855,740","24,682,718","1,230,199","77,253","16,461,883","149,264,750"
344,Winchester,2017,"7,078,045","9,153,077","44,832,358","7,465,345","595,178","1,931,719","15,185,752","562,562","46,675","11,239,649","98,090,360"
010,Arlington,2016,"5,417,248","14,970,548","57,662,017","6,869,327","1,049,000","3,282,696","25,679,017","3,089,181","364,195","12,339,579","130,722,808"
046,Brookline,2016,"10,864,873","30,701,920","101,064,924","11,878,933","2,185,490","7,014,558","54,609,787","6,283,848",0,"9,276,014","233,880,347"
065,Cohasset,2016,"2,797,465","4,803,868","17,491,631","2,775,986","516,630","714,277","6,949,715","418,365",0,"3,917,254","40,385,191"
082,Duxbury,2016,"3,275,818","8,151,026","32,858,936","4,072,400","657,834","2,121,028","12,891,058","459,520",0,"8,813,562","73,301,182"
100,Framingham,2016,"16,820,737","28,082,338","125,261,258","11,977,759","1,506,006","6,460,125","47,283,095","6,570,346","67,829","10,857,196","254,886,689"
131,Hingham,2016,"4,317,441","12,672,064","46,758,607","5,995,086","875,799","1,781,707","12,854,735","858,212","4,990","9,918,041","96,036,682"
155,Lexington,2016,"15,970,789","13,763,526","89,489,746","7,425,244","1,320,071","3,442,953","29,326,347","850,735","565,460","14,768,454","176,923,325"
168,Marblehead,2016,"2,249,991","7,644,245","33,598,273","4,552,212","578,526","1,969,446","13,328,347","2,868,544",0,"5,972,324","72,761,908"
178,Melrose,2016,"3,475,749","8,511,316","28,964,675","8,103,710","1,395,173","1,463,467","17,261,930","3,339,624","639,572","5,431,360","78,586,576"
198,Natick,2016,"10,443,247","14,666,490","55,051,968","6,632,675","1,644,368","2,792,563","23,345,211","1,390,031",0,"10,019,680","125,986,233"
199,Needham,2016,"6,989,924","14,283,030","66,928,694","4,782,062","1,329,799","2,092,826","27,090,656","1,281,984","519,274","10,830,892","136,129,141"
284,Stoneham,2016,"2,346,348","7,487,523","27,301,582","2,137,056","480,733","1,569,686","13,777,707","1,501,874","36,716","4,657,919","61,297,144"
291,Swampscott,2016,"2,728,330","7,385,397","26,627,415","1,018,465","1,473,992","736,589","10,339,440","662,917",0,"4,389,945","55,362,490"
317,Wellesley,2016,"12,761,966","11,628,756","66,879,753","9,368,751","1,328,424","2,724,790","22,989,810","1,222,643","-12,798,630","30,388,260","146,494,523"
344,Winchester,2016,"7,103,261","8,731,899","43,034,654","6,900,795","579,301","1,772,028","14,855,761","599,850","74,718","6,792,410","90,444,677"
010,Arlington,2015,"5,292,440","14,931,323","54,716,006","8,638,516","1,084,361","3,310,662","25,029,650","3,077,899","266,126","8,263,599","124,610,582"
046,Brookline,2015,"10,437,557","30,219,418","91,894,719","13,519,758","2,138,615","6,868,458","50,885,262","6,221,857",0,"9,403,333","221,588,977"
065,Cohasset,2015,"2,537,597","4,850,606","17,135,786","2,757,732","534,692","685,126","5,624,738","1,015,079",0,"4,053,364","39,194,720"
082,Duxbury,2015,"3,076,912","7,936,871","32,320,635","3,536,394","623,595","2,391,315","10,585,104","485,681",183,"8,898,572","69,855,262"
100,Framingham,2015,"9,086,633","27,208,886","118,915,246","15,075,220","1,769,205","5,903,598","43,319,673","6,269,455","91,204","12,015,039","239,654,159"
131,Hingham,2015,"4,575,061","13,088,533","44,685,017","6,892,791","882,166","1,813,390","12,707,992","811,030","6,355","6,573,018","92,035,353"
155,Lexington,2015,"15,389,385","12,997,153","85,894,531","8,010,503","1,338,516","3,120,255","27,138,504","817,003","638,142","14,381,629","169,725,621"
168,Marblehead,2015,"2,318,534","7,361,518","32,291,312","4,902,531","635,343","1,821,283","12,750,466","2,705,864",0,"5,499,005","70,285,856"
178,Melrose,2015,"2,961,941","8,535,530","27,589,872","9,441,811","1,459,391","1,691,030","17,073,579","3,257,963","481,545","5,458,234","77,950,896"
198,Natick,2015,"10,582,610","14,629,596","53,351,577","6,591,855","1,562,012","2,950,239","22,330,631","1,450,370",0,"10,773,641","124,222,531"
199,Needham,2015,"6,864,655","14,484,456","64,010,884","5,332,070","1,216,465","2,000,058","21,781,806","1,272,800","518,790","11,098,940","128,580,924"
284,Stoneham,2015,"2,024,969","7,108,795","26,433,203","2,163,222","457,393","1,572,728","13,564,423","1,443,471","35,348","4,620,088","59,423,640"
291,Swampscott,2015,"2,503,497","7,352,281","25,075,381","1,377,418","1,724,115","504,818","9,726,547","560,469",0,"4,632,999","53,457,525"
317,Wellesley,2015,"11,977,316","11,043,388","64,596,428","8,908,518","1,171,987","2,686,929","22,689,521","1,172,460","-4,040,469","16,259,032","136,465,110"
344,Winchester,2015,"6,540,920","8,798,604","40,995,500","6,980,796","556,155","1,768,438","14,784,070","576,492","121,114","6,978,674","88,100,763"
010,Arlington,2014,"5,328,977","14,134,573","51,953,672","7,810,275","932,817","3,207,262","23,210,676","3,009,401","297,786","8,386,387","118,271,826"
046,Brookline,2014,"10,106,970","29,099,113","87,479,926","12,148,636","2,045,258","6,816,841","50,186,015","6,196,321",0,"9,304,648","213,383,728"
065,Cohasset,2014,"2,376,340","4,626,047","16,449,298","2,337,451","504,034","642,783","5,360,084","937,872",0,"4,275,197","37,509,106"
082,Duxbury,2014,"3,325,244","7,632,936","31,005,937","3,586,304","678,665","2,173,008","9,935,698","448,529",241,"9,096,294","67,882,856"
100,Framingham,2014,"8,528,780","25,940,977","110,656,195","11,810,376","1,509,427","5,921,965","49,903,168","5,446,199","54,160","10,865,085","230,636,332"
131,Hingham,2014,"4,079,886","11,345,132","41,600,328","5,806,908","892,874","1,600,385","12,335,345","159,467","5,141","6,874,711","84,700,177"
155,Lexington,2014,"14,922,807","12,166,122","81,142,967","7,581,925","1,365,885","3,189,115","26,810,873","795,309","70,398","12,272,910","160,318,311"
168,Marblehead,2014,"2,122,918","6,943,934","31,234,152","4,589,794","512,026","1,845,097","12,869,803","2,672,504",0,"4,742,971","67,533,199"
178,Melrose,2014,"2,930,345","7,710,711","27,125,716","8,103,103","1,456,347","1,647,168","17,164,696","3,096,151","256,034","5,130,399","74,620,670"
198,Natick,2014,"10,416,983","14,561,585","50,486,588","6,743,382","1,338,236","2,698,964","21,011,720","1,420,072",0,"10,777,144","119,454,674"
199,Needham,2014,"6,653,736","14,197,312","59,311,038","4,628,178","1,105,213","1,944,204","21,434,890","1,270,948",0,"10,579,550","121,125,069"
284,Stoneham,2014,"1,934,391","6,770,110","25,480,178","3,335,696","447,366","1,580,322","13,140,739","1,655,935","36,083","4,767,205","59,148,025"
291,Swampscott,2014,"2,217,569","6,969,798","25,591,358","1,192,583","1,425,293","681,616","9,357,268","550,919",0,"5,297,674","53,284,078"
317,Wellesley,2014,"11,385,957","10,818,790","60,116,705","8,395,507","1,150,725","2,670,307","20,841,498","1,139,836","16,632","12,579,137","129,115,094"
344,Winchester,2014,"6,388,750","8,211,383","39,750,513","6,967,056","539,104","1,679,775","14,932,091","512,225","128,949","7,209,394","86,319,240"
010,Arlington,2013,"4,771,865","14,170,676","48,772,560","8,126,357","865,275","2,919,686","22,303,483","3,060,174","276,981","10,020,266","115,287,323"
046,Brookline,2013,"9,818,063","28,793,603","83,991,890","11,529,565","2,101,592","6,679,258","45,542,506","6,105,553",0,"16,549,607","211,111,637"
065,Cohasset,2013,"2,279,034","4,565,270","16,073,711","2,157,427","475,274","651,656","5,143,966","922,630",0,"4,225,723","36,494,691"
082,Duxbury,2013,"2,953,116","7,693,657","30,289,680","3,173,543","670,534","1,844,291","9,544,919","296,362","278,709","2,073,154","58,817,965"
100,Framingham,2013,"7,570,892","25,584,403","106,021,644","11,288,922","1,396,876","5,569,691","48,005,902","4,984,094","51,991","10,243,301","220,717,716"
131,Hingham,2013,"3,623,528","11,344,402","39,728,604","4,850,157","843,469","1,565,212","12,268,536","784,666","4,490","6,981,668","81,994,732"
155,Lexington,2013,"14,208,416","12,269,743","75,279,869","7,221,925","1,222,066","2,953,076","27,453,683","799,342","1,804,574","10,018,813","153,231,507"
168,Marblehead,2013,"2,109,059","7,040,262","30,281,807","4,631,339","485,358","1,816,935","11,730,641","2,583,423","521,728","4,353,447","65,553,999"
178,Melrose,2013,"2,792,821","7,533,878","26,409,350","7,434,714","1,356,767","1,642,063","16,536,028","3,054,881","377,690","4,820,443","71,958,635"
198,Natick,2013,"8,965,163","13,683,930","48,241,142","6,727,185","1,302,001","2,796,168","20,165,446","1,421,445","392,276","10,051,299","113,746,055"
199,Needham,2013,"6,483,485","13,063,374","56,180,347","4,204,952","1,052,948","1,943,285","19,415,781","1,181,083","483,166","9,449,953","113,458,374"
284,Stoneham,2013,"1,801,299","6,516,897","24,528,692","3,314,853","428,151","1,569,336","12,659,865","1,370,648","36,357","3,779,146","56,005,244"
291,Swampscott,2013,"2,258,721","6,742,629","24,308,067","874,147","1,396,278","642,178","9,081,524","646,881",0,"5,738,551","51,688,976"
317,Wellesley,2013,"10,213,167","10,612,392","58,848,066","8,272,975","1,068,826","2,605,167","19,354,481","1,140,498","50,075","14,172,853","126,338,500"
344,Winchester,2013,"6,036,837","8,061,895","37,717,274","6,199,987","503,665","1,626,664","15,086,554","500,413","90,942","7,572,235","83,396,466"
010,Arlington,2012,"4,389,912","12,908,870","43,468,118","6,814,644","826,937","3,015,580","18,112,477","2,762,765","252,609","14,135,408","106,687,320"
046,Brookline,2012,"9,589,942","28,551,429","80,636,512","10,630,118","1,973,567","6,151,817","54,074,007","5,654,190",0,"15,662,064","212,923,646"
065,Cohasset,2012,"2,089,159","4,331,815","15,636,004","2,022,752","420,659","623,058","4,893,304","973,754",0,"4,620,177","35,610,682"
082,Duxbury,2012,"2,648,347","7,061,579","29,354,681","3,344,924","548,274","1,828,515","10,027,848","327,562",552,"2,202,145","57,344,427"
100,Framingham,2012,"6,837,715","23,702,953","100,371,561","9,685,443","1,458,096","5,439,706","49,253,661","4,319,065","7,759","10,615,992","211,691,951"
131,Hingham,2012,"3,500,666","10,278,836","37,702,299","4,624,381","794,632","1,449,174","12,456,625","754,085","5,230","7,137,370","78,703,298"
155,Lexington,2012,"13,657,341","11,727,776","72,551,646","7,150,804","697,615","2,949,132","23,774,839","736,561","522,474","10,150,339","143,918,527"
168,Marblehead,2012,"2,061,252","6,633,136","28,963,305","4,427,491","477,466","1,833,557","13,464,224","2,365,570",0,"4,311,102","64,537,103"
178,Melrose,2012,"2,632,763","7,467,746","28,889,353","3,987,466","1,332,078","1,897,235","16,061,261","3,014,292","436,017","10,517,796","76,236,007"
198,Natick,2012,"5,908,763","13,093,660","48,066,069","5,812,557","1,159,489","2,647,848","19,528,391","1,242,987","320,499","11,014,088","108,794,351"
199,Needham,2012,"5,956,515","12,602,939","53,498,663","3,435,900","1,015,873","1,876,061","19,096,157","1,165,155","456,268","9,854,977","108,958,508"
284,Stoneham,2012,"1,733,333","6,309,145","23,980,789","2,935,398","400,326","1,576,420","12,443,864","1,234,237","31,706","8,639,078","59,284,296"
291,Swampscott,2012,"1,847,046","6,656,890","23,914,150","850,004","1,377,041","647,651","8,147,814","750,825",0,"6,045,708","50,237,129"
317,Wellesley,2012,"7,082,919","10,498,982","59,521,414","8,007,538","1,027,586","2,753,187","17,310,322","1,087,753","59,164","14,002,022","121,350,887"
344,Winchester,2012,"6,589,046","7,719,051","35,736,226","5,575,568","461,535","1,583,024","14,693,379","483,275","84,717","7,580,966","80,506,787"
010,Arlington,2011,"4,593,929","12,626,775","39,615,647","7,532,151","775,381","2,660,261","26,984,019","2,725,122","307,318","7,692,829","105,513,432"
046,Brookline,2011,"9,347,954","28,030,700","77,435,614","11,997,166","1,992,869","5,863,962","37,512,887","5,576,032",0,"9,491,021","187,248,205"
065,Cohasset,2011,"1,569,481","4,515,570","15,101,024","2,259,108","369,655","579,840","4,339,606","988,613","246,791","3,821,059","33,790,747"
082,Duxbury,2011,"2,496,978","6,900,923","28,201,618","3,249,296","512,649","1,874,324","13,319,975","273,473","1,202","2,298,814","59,129,252"
100,Framingham,2011,"7,012,138","23,315,860","97,181,336","12,286,316","1,177,391","5,195,095","49,911,336","3,730,333","33,338","8,723,809","208,566,952"
131,Hingham,2011,"3,797,477","10,164,747","35,910,119","5,062,331","721,300","1,476,093","11,586,452","756,829","5,240","7,324,764","76,805,352"
155,Lexington,2011,"14,071,361","11,235,786","69,138,341","7,808,637","640,183","2,804,924","24,227,789","717,893","86,448","10,517,964","141,249,326"
168,Marblehead,2011,"1,990,959","6,607,624","28,690,495","4,823,876","465,864","1,764,220","12,710,665","2,188,061",0,"4,369,950","63,611,714"
178,Melrose,2011,"2,488,432","7,416,551","27,015,396","4,235,978","1,083,331","1,820,700","15,471,873","2,968,994","471,250","5,222,712","68,195,217"
198,Natick,2011,"6,483,464","12,988,089","46,133,940","6,630,593","1,018,263","2,394,042","19,675,362","1,325,588","86,515","6,610,653","103,346,509"
199,Needham,2011,"5,838,543","12,413,578","52,031,065","4,985,086","987,076","1,876,253","18,086,530","1,113,123","459,232","10,998,286","108,788,772"
284,Stoneham,2011,"1,765,460","6,111,581","22,967,486","3,478,569","369,932","1,471,959","12,319,832","1,228,787","37,935","4,377,753","54,129,294"
291,Swampscott,2011,"1,958,180","6,252,380","23,113,814","1,059,744","1,368,102","607,045","7,654,204","723,393",0,"6,059,771","48,796,633"
317,Wellesley,2011,"5,244,650","10,446,863","57,221,086","9,553,587","1,036,107","2,715,679","15,594,652","1,054,466","38,786","13,179,371","116,085,247"
344,Winchester,2011,"7,294,037","8,186,057","34,950,782","5,778,327","447,808","1,581,755","14,159,730","461,160","20,071","6,745,413","79,625,140"
010,Arlington,2010,"4,322,547","13,275,289","41,084,134","7,754,611","795,095","2,785,668","27,205,229","2,671,798","368,378","7,670,000","107,932,749"
046,Brookline,2010,"9,531,358","27,080,345","74,506,548","10,509,904","1,840,552","5,961,909","39,478,782","5,559,230",0,"11,886,156","186,354,784"
065,Cohasset,2010,"1,519,073","4,142,563","14,738,331","2,134,407","328,729","614,238","4,160,747","934,950","332,265","3,834,948","32,740,251"
082,Duxbury,2010,"2,416,342","6,504,661","28,040,595","2,872,974","497,594","1,810,489","11,433,071","251,332","2,450","2,349,402","56,178,910"
100,Framingham,2010,"6,910,230","23,341,728","95,033,096","11,225,532","1,101,439","5,213,929","46,964,600","3,487,214","1,189","8,723,176","202,002,133"
131,Hingham,2010,"3,162,273","10,060,956","36,155,333","4,535,358","792,391","1,422,320","9,687,674","766,657","9,697","7,780,775","74,373,434"
155,Lexington,2010,"12,701,831","11,067,336","65,905,578","7,280,093","576,097","2,837,746","23,225,042","724,556","53,407","10,186,811","134,558,497"
168,Marblehead,2010,"2,138,883","6,260,487","27,653,414","4,780,023","451,194","1,800,857","12,645,742","1,719,351",0,"4,421,956","61,871,907"
178,Melrose,2010,"2,377,902","7,189,449","27,397,933","3,553,959","995,931","1,771,525","13,933,059","2,804,774","387,286","5,468,195","65,880,013"
198,Natick,2010,"5,667,380","11,877,874","44,040,949","6,918,597","847,414","2,481,525","20,316,359","1,362,563","32,154","6,725,074","100,269,889"
199,Needham,2010,"5,671,993","12,437,989","49,595,622","4,267,110","977,738","1,843,760","17,250,107","1,077,939","428,806","9,052,943","102,604,007"
284,Stoneham,2010,"1,791,832","6,099,383","22,647,360","2,996,792","274,946","1,642,949","11,200,928","1,147,110","122,001","4,572,974","52,496,275"
291,Swampscott,2010,"1,779,615","6,099,938","22,749,330","869,227","1,406,922","590,055","7,238,505","995,786",0,"6,052,291","47,781,669"
317,Wellesley,2010,"7,988,888","10,115,126","53,345,134","7,330,610","939,832","2,641,948","14,632,704","1,051,076","-33,220","10,838,934","108,851,032"
344,Winchester,2010,"3,659,803","7,496,774","31,923,410","7,736,890","453,052","1,544,268","12,239,661","463,872","1,070,529","9,646,007","76,234,266"
010,Arlington,2009,"5,084,724","12,943,193","40,126,629","7,402,343","724,504","2,982,539","25,628,917","2,645,607","460,038","7,449,712","105,448,206"
046,Brookline,2009,"12,366,076","28,141,128","73,794,431","13,670,118","1,950,819","6,951,910","35,997,394","5,493,891",0,"12,290,160","190,655,927"
065,Cohasset,2009,"1,519,100","3,981,961","14,390,546","2,459,239","329,017","629,377","3,929,804","1,308,125","17,894","4,017,130","32,582,193"
082,Duxbury,2009,"2,358,109","6,600,588","26,486,898","3,122,804","501,902","1,975,524","11,237,145","259,473",505,"3,250,970","55,793,918"
100,Framingham,2009,"7,588,935","24,239,723","92,834,325","11,924,258","1,148,754","5,076,887","44,845,463","3,351,308","8,602","8,456,511","199,474,766"
131,Hingham,2009,"3,148,690","10,415,556","35,129,776","5,682,324","816,439","1,632,852","7,253,610","2,732,683","11,769","5,120,576","71,944,275"
155,Lexington,2009,"12,686,695","10,566,330","64,500,794","8,145,496","685,849","2,711,738","22,890,888","679,078",0,"9,459,023","132,325,891"
168,Marblehead,2009,"1,971,047","6,307,110","26,856,849","4,393,350","458,590","1,978,904","12,746,799","1,457,485",0,"4,249,372","60,419,506"
178,Melrose,2009,"2,720,185","7,343,224","27,733,341","4,575,932","766,317","1,718,116","18,366,632","2,822,153","437,953","4,441,394","70,925,247"
198,Natick,2009,"4,662,853","12,575,484","44,033,301","7,488,948","1,033,155","2,425,782","17,461,208","1,476,900",0,"6,818,921","97,976,552"
199,Needham,2009,"5,537,778","11,868,653","47,723,747","4,872,726","938,291","1,805,156","16,367,737","1,055,982","454,735","8,355,323","98,980,128"
284,Stoneham,2009,"1,936,422","6,370,978","22,182,903","3,151,507","281,065","1,713,072","10,438,320","2,128,491","35,980","4,762,072","53,000,810"
291,Swampscott,2009,"1,879,281","6,000,039","21,629,024","1,172,098","1,319,241","593,357","7,569,316","975,144",0,"6,124,762","47,262,262"
317,Wellesley,2009,"7,213,507","10,223,167","50,108,110","7,500,452","932,845","2,590,092","14,037,839","1,018,870","6,421","9,372,866","103,004,169"
344,Winchester,2009,"7,715,715","7,911,227","31,457,588","8,034,528","176,957","1,513,341","10,784,393","450,095",0,"6,633,250","74,677,094"
010,Arlington,2008,"4,561,264","11,953,110","40,199,933","7,560,056","671,263","2,787,743","25,191,564","2,622,634","638,270","18,594,386","114,780,223"
046,Brookline,2008,"11,203,008","26,915,155","68,709,239","12,454,642","1,819,321","7,264,628","34,761,771","5,410,405","4,354,324","13,824,443","186,716,936"
065,Cohasset,2008,"1,544,206","3,961,604","13,877,311","2,256,841","318,367","632,596","3,832,343","1,298,537",498,"4,659,982","32,382,285"
082,Duxbury,2008,"2,510,198","6,120,862","26,068,307","2,975,797","469,551","1,937,419","13,974,368","251,748","2,435","4,743,122","59,053,807"
100,Framingham,2008,"7,210,428","22,850,758","91,169,144","12,857,820","1,029,852","5,087,002","41,905,109","3,549,205",0,"8,018,241","193,677,559"
131,Hingham,2008,"3,176,662","9,913,955","33,842,231","4,965,769","753,745","1,660,400","7,402,520","2,677,907","9,842","4,829,886","69,232,917"
155,Lexington,2008,"5,069,020","10,351,721","66,779,597","7,353,701","731,546","2,728,948","23,020,817","686,756","4,088","8,207,917","124,934,111"
168,Marblehead,2008,"2,087,710","6,056,970","25,916,862","3,941,811","428,665","1,660,200","14,051,616","1,340,304",0,"4,239,169","59,723,307"
178,Melrose,2008,"2,495,783","7,816,256","26,707,876","3,866,377","657,786","1,629,226","18,852,627","2,895,401","466,107","3,273,137","68,660,576"
198,Natick,2008,"6,774,080","11,722,777","42,099,486","6,431,598","1,073,191","2,396,948","17,904,645",0,0,"12,211,328","100,614,053"
199,Needham,2008,"4,677,280","11,575,419","45,403,457","4,404,013","853,475","1,757,408","15,401,604","1,044,511","497,627","7,272,655","92,887,449"
284,Stoneham,2008,"1,859,914","5,960,637","21,715,132","3,149,473","333,486","1,679,031","11,319,823","2,045,264","36,065","4,883,680","52,982,505"
291,Swampscott,2008,"1,773,718","5,854,727","21,580,152","1,066,946","1,307,624","580,922","7,462,800","845,641",0,"6,580,748","47,053,278"
317,Wellesley,2008,"3,890,343","9,546,962","48,993,299","7,791,803","828,845","2,964,713","14,014,361","1,009,686","-156,449","8,068,646","96,952,209"
344,Winchester,2008,"7,836,693","7,598,484","29,715,307","7,659,117","171,446","1,521,246","11,041,488","459,950",0,"5,952,687","71,956,418"
010,Arlington,2007,"4,474,152","11,937,613","38,913,833","5,966,447","734,029","2,849,107","24,160,576","2,579,291","450,947","7,550,826","99,616,821"
046,Brookline,2007,"12,219,549","27,115,817","65,126,712","12,908,584","1,838,460","7,020,520","32,545,112","5,375,086","108,164","14,268,142","178,526,146"
065,Cohasset,2007,"1,428,629","3,907,010","13,045,764","2,090,384","312,703","612,465","3,405,034","1,272,727","190,477","4,490,936","30,756,129"
082,Duxbury,2007,"2,103,002","5,852,798","24,913,695","2,802,753","432,864","1,899,257","11,314,166","244,762","16,850","3,492,599","53,072,746"
100,Framingham,2007,"7,257,828","22,015,542","87,701,826","10,167,899","1,039,554","4,379,147","38,945,246","3,315,267",0,"8,054,951","182,877,260"
131,Hingham,2007,"3,430,683","9,512,341","31,724,189","4,083,384","714,862","1,560,396","7,121,021","2,611,818","85,428","4,884,213","65,728,335"
155,Lexington,2007,"4,379,886","9,663,226","63,436,428","6,320,487","753,950","2,686,728","20,284,780","673,599","50,251","9,183,414","117,432,749"
168,Marblehead,2007,"2,124,327","6,099,945","24,436,434","3,869,218","410,020","1,638,765","14,404,346","2,156,712",0,"4,858,479","59,998,246"
178,Melrose,2007,"2,356,390","6,661,523","23,230,013","3,833,930","637,976","1,561,990","17,196,663","2,426,524","214,431","3,126,948","61,246,388"
198,Natick,2007,"5,550,736","11,560,422","39,340,301","5,623,808","938,469","2,307,027","16,487,310","1,492,961","312,980","6,867,254","90,481,268"
199,Needham,2007,"4,131,142","11,008,960","43,683,160","3,629,437","823,556","1,680,891","14,321,017","1,020,628","612,221","7,165,726","88,076,738"
284,Stoneham,2007,"1,713,647","6,088,007","20,669,149","2,716,913","362,332","1,605,946","10,462,273","2,029,781","71,814","4,954,437","50,674,299"
291,Swampscott,2007,"2,027,528","5,715,685","21,241,382","814,158","1,186,575","621,115","7,567,477","524,783",0,"5,544,023","45,242,726"
317,Wellesley,2007,"3,636,559","9,291,185","47,786,037","6,858,880","755,759","3,642,509","12,548,366","993,897","5,844","8,510,042","94,029,078"
344,Winchester,2007,"5,209,246","7,509,901","28,583,741","5,901,014","409,523","1,463,963","10,836,604","1,950,657",0,"6,487,527","68,352,176"
010,Arlington,2006,"4,508,146","11,642,555","36,370,688","5,530,533","661,047","2,730,235","29,317,087","2,505,816","317,639","7,404,506","100,988,252"
046,Brookline,2006,"10,787,649","26,195,248","62,851,151","13,221,815","1,765,849","7,220,217","29,290,151","5,084,477",0,"13,831,466","170,248,023"
065,Cohasset,2006,"1,289,569","3,896,673","12,484,711","1,939,307","294,415","569,237","3,305,487","1,077,581",0,"4,685,250","29,542,230"
082,Duxbury,2006,"2,339,106","5,650,558","25,154,031","2,917,422","416,172","1,416,402","10,643,005","283,910","39,134","2,862,664","51,722,404"
100,Framingham,2006,"7,046,709","20,844,780","83,015,231","9,468,477","897,105","4,049,276","37,106,498","3,460,047",0,"9,554,402","175,442,525"
131,Hingham,2006,"2,570,709","9,250,342","30,574,162","4,124,837","637,710","1,435,703","6,335,594","2,193,591","79,141","4,943,534","62,145,323"
155,Lexington,2006,"3,876,707","9,364,572","71,732,234","6,399,656","564,512","2,511,497","22,692,396","643,387","5,020,325","8,460,610","131,265,896"
168,Marblehead,2006,"1,880,828","5,522,514","22,975,453","3,773,074","389,558","1,507,409","20,423,702","2,217,767",0,"5,179,934","63,870,239"
178,Melrose,2006,"2,122,339","6,752,946","22,546,832","3,205,795","563,402","1,478,406","13,278,359","2,025,456","208,797","2,397,443","54,579,775"
198,Natick,2006,"5,565,458","11,042,221","37,983,142","5,974,270","865,221","2,270,323","14,667,815","4,599,251","428,259","7,547,438","90,943,398"
199,Needham,2006,"3,879,888","10,692,826","41,702,443","3,695,869","827,496","1,520,103","13,452,961","964,759","1,684,047","7,277,648","85,698,040"
284,Stoneham,2006,"1,703,033","6,985,545","22,303,159","2,889,837","345,583","1,816,886","6,397,123","1,691,238","33,618","4,952,215","49,118,237"
291,Swampscott,2006,"1,686,434","5,442,414","20,153,694","806,848","1,192,601","613,208","7,078,864","521,258",0,"3,431,337","40,926,658"
317,Wellesley,2006,"3,719,406","8,928,856","44,242,399","7,336,512","784,197","3,370,380","11,087,967","932,492","57,992","6,458,444","86,918,645"
344,Winchester,2006,"4,870,000","7,347,117","26,099,276","5,499,428","391,203","1,362,132","9,875,122","430,048",0,"5,333,515","61,207,841"
010,Arlington,2005,"4,535,729","11,417,277","34,020,638","8,638,856","606,699","2,564,961","27,973,856","2,651,177","361,039","12,037,452","104,807,684"
046,Brookline,2005,"12,211,085","25,373,371","60,438,282","13,742,331","1,652,626","6,481,806","30,467,373","5,352,984",0,"13,247,416","168,967,274"
065,Cohasset,2005,"1,569,137","3,750,806","12,124,984","2,024,223","291,071","534,151","3,056,062","859,928",0,"4,352,578","28,562,940"
082,Duxbury,2005,"1,959,418","4,889,172","23,117,229","3,488,124","344,538","1,345,905","9,027,674","327,869","293,390","2,562,899","47,356,218"
100,Framingham,2005,"6,205,959","20,033,257","80,626,155","9,396,152","858,941","3,791,017","56,810,396","3,598,304",0,"9,744,957","191,065,138"
131,Hingham,2005,"2,393,878","8,419,126","28,553,969","4,478,848","591,316","1,401,695","6,337,104","1,926,044","76,991","4,939,294","59,118,265"
155,Lexington,2005,"3,557,060","8,990,490","67,157,374","6,133,683","539,078","2,430,490","17,711,839","679,137","4,552,528","10,796,150","122,547,829"
168,Marblehead,2005,"1,717,563","5,576,447","21,573,648","3,849,500","357,473","1,417,680","17,473,815","2,094,128",0,"5,050,423","59,110,677"
178,Melrose,2005,"2,107,707","7,491,446","22,671,787","3,752,905","457,582","1,320,456","12,312,647","1,999,085","84,145","1,703,254","53,901,014"
198,Natick,2005,"5,223,351","10,820,596","36,809,046","4,812,136","850,231","2,060,057","12,811,991","4,524,318","346,826","7,391,411","85,649,963"
199,Needham,2005,"4,010,712","10,211,325","38,562,947","4,178,380","847,053","1,442,533","13,085,224","965,727","74,316","5,199,621","78,577,838"
284,Stoneham,2005,"1,874,879","6,770,392","21,237,111","2,904,719","386,433","1,616,400","6,067,965","1,516,865","35,448","5,027,573","47,437,785"
291,Swampscott,2005,"1,705,442","5,263,649","19,337,088","1,052,709","1,208,835","594,236","6,144,800","470,329",0,"2,867,626","38,644,714"
317,Wellesley,2005,"3,911,479","8,606,097","41,469,878","7,483,967","772,329","3,341,138","9,382,858","989,645",0,"5,428,940","81,386,331"
344,Winchester,2005,"6,847,796","6,892,433","25,429,528","3,918,584","362,620","1,315,128","9,270,485","1,850,491",0,"3,980,796","59,867,861"
010,Arlington,2004,"4,102,800","10,860,568","31,291,015","8,078,642","526,931","2,431,480","25,020,879","2,756,005","345,010","6,117,791","91,531,121"
046,Brookline,2004,"9,504,527","24,174,066","57,061,675","12,309,271","1,632,867","6,397,662","42,123,160","5,460,231","316,455","21,184,295","180,164,209"
065,Cohasset,2004,"1,697,458","3,692,846","11,597,031","1,730,491","267,342","527,592","2,780,930","761,146","160,997","3,639,050","26,854,883"
082,Duxbury,2004,"1,830,959","4,804,584","23,303,615","3,254,325","365,165","1,368,139","8,383,457",0,"268,000","2,640,687","46,218,931"
100,Framingham,2004,"5,903,924","19,276,567","78,497,361","8,384,337","867,603","3,441,453","30,693,873","3,319,346",0,"9,611,682","159,996,146"
131,Hingham,2004,"2,162,242","7,763,526","26,800,657","3,886,592","594,117","1,308,900","5,707,555","1,656,636","82,701","5,308,299","55,271,225"
155,Lexington,2004,"3,520,393","7,900,309","63,709,815","5,449,883","472,490","2,295,651","16,163,641","726,143","4,264,924","8,315,678","112,818,927"
168,Marblehead,2004,"1,734,463","5,610,149","22,013,717","3,818,668","360,638","1,442,631","15,468,354","1,714,756",0,"4,287,093","56,450,469"
178,Melrose,2004,"2,106,032","6,781,391","21,806,164","3,569,783","481,669","1,617,609","11,433,446","1,761,703",0,"1,851,335","51,409,132"
198,Natick,2004,"5,067,720","10,413,280","34,531,577","4,352,069","910,297","1,922,711","12,149,547","4,414,381","321,099","6,684,957","80,767,638"
199,Needham,2004,"7,419,356","9,463,535","33,353,795","3,476,777","806,106","2,183,311","10,787,640","1,338,580","4,012,603","4,343,543","77,185,246"
284,Stoneham,2004,"2,005,476","7,028,257","22,352,866","2,803,998","457,856","1,661,728","4,832,126","1,325,144","34,524","5,166,064","47,668,039"
291,Swampscott,2004,"1,916,495","5,123,582","17,442,776","979,792","1,137,781","570,864","5,672,045","518,898",0,"2,645,293","36,007,526"
317,Wellesley,2004,"3,382,560","8,524,845","38,447,695","6,983,966","761,321","3,043,215","8,566,882","1,041,780",0,"4,371,932","75,124,196"
344,Winchester,2004,"7,342,927","6,519,991","25,177,025","3,482,875","353,303","1,304,808","8,536,467","1,912,282",0,"4,007,127","58,636,805"
010,Arlington,2003,"4,073,156","10,728,194","30,540,705","7,511,053","557,499","2,442,939","23,788,719","2,860,897","342,714","6,552,440","89,398,316"
046,Brookline,2003,"9,882,987","24,109,258","55,850,462","11,486,577","1,623,973","6,254,181","37,678,671","5,638,706","311,225","23,336,870","176,172,910"
065,Cohasset,2003,"1,487,490","3,580,577","10,900,747","1,616,011","245,398","500,110","2,560,375","901,636",0,"4,120,434","25,912,778"
082,Duxbury,2003,"1,906,149","4,769,511","22,685,455","3,286,425","364,011","1,456,342","7,796,095",0,0,"2,135,655","44,399,643"
100,Framingham,2003,"6,646,594","19,509,302","77,874,590","8,272,888","885,906","3,634,545","27,027,495","2,786,174",0,"9,011,213","155,648,707"
131,Hingham,2003,"2,196,472","7,629,843","26,160,057","4,216,983","596,245","1,286,571","5,238,117","1,521,000","145,651","5,318,104","54,309,043"
155,Lexington,2003,"3,895,494","8,923,232","62,709,090","6,855,432","611,777","2,537,961","18,136,118","770,026","4,708,465","4,520,919","113,668,514"
168,Marblehead,2003,"1,709,685","5,691,847","20,518,773","3,457,617","377,966","1,502,737","13,913,217","1,824,080",0,"3,395,629","52,391,551"
178,Melrose,2003,"2,563,571","7,004,360","22,872,492","3,815,485","516,088","1,452,134","10,344,444","1,668,605","3,094","2,312,130","52,552,403"
198,Natick,2003,"5,115,250","10,149,034","33,223,138","4,679,557","896,637","1,900,694","12,023,972","4,411,295",0,"9,211,707","81,611,284"
199,Needham,2003,"7,043,913","9,442,216","32,086,932","3,448,393","784,224","2,218,827","10,020,361","1,458,267","312,753","4,046,458","70,862,344"
284,Stoneham,2003,"1,905,232","7,003,114","21,663,194","3,031,002","444,521","1,666,733","4,617,893","1,205,011","225,012","4,123,858","45,885,570"
291,Swampscott,2003,"2,595,040","5,019,778","17,443,567","969,226","1,229,628","581,084","4,811,585","546,976","268,452","1,532,361","34,997,697"
317,Wellesley,2003,"3,404,882","8,373,368","38,663,667","5,843,188","774,741","4,006,186","8,049,270","1,000,627","3,670","4,201,510","74,321,109"
344,Winchester,2003,"7,059,799","6,310,048","23,845,968","4,524,892","349,814","1,326,295","7,702,639","1,734,967",0,"5,501,237","58,355,659"
010,Arlington,2002,"4,227,992","11,120,332","35,357,607","7,399,803","533,933","2,448,795","22,113,491","2,997,909","322,544","6,318,013","92,840,419"
046,Brookline,2002,"9,764,404","22,439,016","53,610,841","11,305,264","1,588,584","7,002,298","25,054,923","5,741,060",0,"12,752,495","149,258,885"
065,Cohasset,2002,"1,813,523","3,304,437","10,378,287","1,385,061","258,542","449,951","2,213,246","680,110","134,670","2,892,641","23,510,468"
082,Duxbury,2002,"1,853,307","4,698,439","21,799,117","3,259,570","258,012","1,403,890","6,248,798","398,380",0,"1,681,779","41,601,292"
100,Framingham,2002,"6,192,053","18,987,505","74,581,880","7,831,507","974,543","3,503,284","25,161,592","1,776,042",0,"9,041,873","148,050,279"
131,Hingham,2002,"2,260,801","7,536,126","25,190,010","3,811,479","559,293","1,093,544","4,760,246","1,363,833","129,785","4,159,925","50,865,042"
155,Lexington,2002,"3,648,278","8,437,655","58,954,338","5,714,463","592,917","2,394,317","14,218,442","829,578","3,950,244","5,490,150","104,230,382"
168,Marblehead,2002,"1,728,420","5,506,872","20,072,934","3,762,692","360,903","1,408,507","14,557,139","596,520","237,142","3,459,707","51,690,836"
178,Melrose,2002,"2,505,341","7,596,911","22,432,922","4,161,048","435,874","2,556,671","8,969,167",0,"73,913","1,928,645","50,660,492"
198,Natick,2002,"5,990,888","10,233,999","32,864,363","7,727,582","872,496","1,989,515","10,764,870","4,323,703","59,872","8,078,539","82,905,827"
199,Needham,2002,"6,597,596","9,288,256","30,051,451","3,069,052","749,126","2,146,310","9,495,801","1,458,035",0,"5,389,290","68,244,917"
284,Stoneham,2002,"1,973,788","6,750,808","20,627,504","3,150,835","470,819","1,688,597","4,751,689","994,169","162,123","3,600,914","44,171,246"
291,Swampscott,2002,"2,131,255","4,994,479","16,263,164","2,993,484","1,146,234","545,838","4,416,364","584,306",0,"2,652,102","35,727,226"
317,Wellesley,2002,"3,062,516","8,348,825","36,408,386","5,241,920","749,030","3,826,134","6,449,628","1,021,764","5,520","4,194,683","69,308,406"
344,Winchester,2002,"5,801,674","6,000,343","24,209,277","5,331,517","361,953","1,349,314","7,514,626","3,299,631","1,000","4,411,308","58,280,643"
