meeting_year,article_number,title,source_doc,source_location,extraction_method
2016,1,Articles in Numerical Order,2016_FinCom_Report.pdf,github.com/agbaber/marblehead release source-archive-v1,"pdftotext -layout, first ARTICLE-header occurrence per article number"
2016,2,Reports of Town Officers and Committees,2016_FinCom_Report.pdf,github.com/agbaber/marblehead release source-archive-v1,"pdftotext -layout, first ARTICLE-header occurrence per article number"
2016,3,Assume Liability,2016_FinCom_Report.pdf,github.com/agbaber/marblehead release source-archive-v1,"pdftotext -layout, first ARTICLE-header occurrence per article number"
2016,4,Accept Trust Property,2016_FinCom_Report.pdf,github.com/agbaber/marblehead release source-archive-v1,"pdftotext -layout, first ARTICLE-header occurrence per article number"
2016,5,Lease Town Property,2016_FinCom_Report.pdf,github.com/agbaber/marblehead release source-archive-v1,"pdftotext -layout, first ARTICLE-header occurrence per article number"
2016,6,Unpaid Accounts,2016_FinCom_Report.pdf,github.com/agbaber/marblehead release source-archive-v1,"pdftotext -layout, first ARTICLE-header occurrence per article number"
2016,7,Revolving Funds,2016_FinCom_Report.pdf,github.com/agbaber/marblehead release source-archive-v1,"pdftotext -layout, first ARTICLE-header occurrence per article number"
2016,8,Purchase of Equipment of Several Departments,2016_FinCom_Report.pdf,github.com/agbaber/marblehead release source-archive-v1,"pdftotext -layout, first ARTICLE-header occurrence per article number"
2016,9,Capital Improvements for Public Buildings,2016_FinCom_Report.pdf,github.com/agbaber/marblehead release source-archive-v1,"pdftotext -layout, first ARTICLE-header occurrence per article number"
2016,10,Walls and Fences,2016_FinCom_Report.pdf,github.com/agbaber/marblehead release source-archive-v1,"pdftotext -layout, first ARTICLE-header occurrence per article number"
2016,11,"Ocean Avenue Sidewalk, Seawall and Rip Rap Repair",2016_FinCom_Report.pdf,github.com/agbaber/marblehead release source-archive-v1,"pdftotext -layout, first ARTICLE-header occurrence per article number"
2016,12,Amend General Bylaws to Reduce Quorum at Town Meeting,2016_FinCom_Report.pdf,github.com/agbaber/marblehead release source-archive-v1,"pdftotext -layout, first ARTICLE-header occurrence per article number"
2016,13,Landfill Regulatory Compliance Activities,2016_FinCom_Report.pdf,github.com/agbaber/marblehead release source-archive-v1,"pdftotext -layout, first ARTICLE-header occurrence per article number"
2016,14,Water Department Construction,2016_FinCom_Report.pdf,github.com/agbaber/marblehead release source-archive-v1,"pdftotext -layout, first ARTICLE-header occurrence per article number"
2016,15,Sewer Department Construction,2016_FinCom_Report.pdf,github.com/agbaber/marblehead release source-archive-v1,"pdftotext -layout, first ARTICLE-header occurrence per article number"
2016,16,Storm Drainage Construction,2016_FinCom_Report.pdf,github.com/agbaber/marblehead release source-archive-v1,"pdftotext -layout, first ARTICLE-header occurrence per article number"
2016,17,Water and Sewer Commission Claims,2016_FinCom_Report.pdf,github.com/agbaber/marblehead release source-archive-v1,"pdftotext -layout, first ARTICLE-header occurrence per article number"
2016,18,Financial Assistance for Conservation,2016_FinCom_Report.pdf,github.com/agbaber/marblehead release source-archive-v1,"pdftotext -layout, first ARTICLE-header occurrence per article number"
2016,19,Ratification of Salary By-Law,2016_FinCom_Report.pdf,github.com/agbaber/marblehead release source-archive-v1,"pdftotext -layout, first ARTICLE-header occurrence per article number"
2016,20,Proposed Reclassification and Pay Schedule (Administrative),2016_FinCom_Report.pdf,github.com/agbaber/marblehead release source-archive-v1,"pdftotext -layout, first ARTICLE-header occurrence per article number"
2016,21,Proposed Pay Schedule and Reclassification (Traffic Supervisors),2016_FinCom_Report.pdf,github.com/agbaber/marblehead release source-archive-v1,"pdftotext -layout, first ARTICLE-header occurrence per article number"
2016,22,Proposed Reclassification and Pay Schedule (Seasonal and Temporary,2016_FinCom_Report.pdf,github.com/agbaber/marblehead release source-archive-v1,"pdftotext -layout, first ARTICLE-header occurrence per article number"
2016,23,Compensation - Town Officers,2016_FinCom_Report.pdf,github.com/agbaber/marblehead release source-archive-v1,"pdftotext -layout, first ARTICLE-header occurrence per article number"
2016,24,Essex North Shore Agricultural and Technical School District,2016_FinCom_Report.pdf,github.com/agbaber/marblehead release source-archive-v1,"pdftotext -layout, first ARTICLE-header occurrence per article number"
2016,25,Allocation of Bond Premium to Debt Excluded Project Costs,2016_FinCom_Report.pdf,github.com/agbaber/marblehead release source-archive-v1,"pdftotext -layout, first ARTICLE-header occurrence per article number"
2016,26,Available Funds Appropriate to Reduce Tax Rate,2016_FinCom_Report.pdf,github.com/agbaber/marblehead release source-archive-v1,"pdftotext -layout, first ARTICLE-header occurrence per article number"
2016,27,Expenses of Several Departments,2016_FinCom_Report.pdf,github.com/agbaber/marblehead release source-archive-v1,"pdftotext -layout, first ARTICLE-header occurrence per article number"
2016,28,Supplemental Expenses of Several Departments,2016_FinCom_Report.pdf,github.com/agbaber/marblehead release source-archive-v1,"pdftotext -layout, first ARTICLE-header occurrence per article number"
2016,29,"Acceptance of MGL Chapter 31 Section 58A, Police and Fire Maximum Age",2016_FinCom_Report.pdf,github.com/agbaber/marblehead release source-archive-v1,"pdftotext -layout, first ARTICLE-header occurrence per article number"
2016,30,Amend Historic Districts Commission Special Act,2016_FinCom_Report.pdf,github.com/agbaber/marblehead release source-archive-v1,"pdftotext -layout, first ARTICLE-header occurrence per article number"
2016,31,Abandon Portion of Public Way,2016_FinCom_Report.pdf,github.com/agbaber/marblehead release source-archive-v1,"pdftotext -layout, first ARTICLE-header occurrence per article number"
2016,32,Sell Town Property,2016_FinCom_Report.pdf,github.com/agbaber/marblehead release source-archive-v1,"pdftotext -layout, first ARTICLE-header occurrence per article number"
2016,33,Purchase of Pumper Truck for Fire Department,2016_FinCom_Report.pdf,github.com/agbaber/marblehead release source-archive-v1,"pdftotext -layout, first ARTICLE-header occurrence per article number"
2016,34,Gerry School Feasibility Study,2016_FinCom_Report.pdf,github.com/agbaber/marblehead release source-archive-v1,"pdftotext -layout, first ARTICLE-header occurrence per article number"
2016,35,Expenses for Holiday Decorations,2016_FinCom_Report.pdf,github.com/agbaber/marblehead release source-archive-v1,"pdftotext -layout, first ARTICLE-header occurrence per article number"
2019,1,Articles in Numerical Order,2019_FinCom_Report.pdf,github.com/agbaber/marblehead release source-archive-v1,"pdftotext -layout, first ARTICLE-header occurrence per article number"
2019,2,Reports of Town Officers and Committees,2019_FinCom_Report.pdf,github.com/agbaber/marblehead release source-archive-v1,"pdftotext -layout, first ARTICLE-header occurrence per article number"
2019,3,Assume Liability,2019_FinCom_Report.pdf,github.com/agbaber/marblehead release source-archive-v1,"pdftotext -layout, first ARTICLE-header occurrence per article number"
2019,4,Accept Trust Property,2019_FinCom_Report.pdf,github.com/agbaber/marblehead release source-archive-v1,"pdftotext -layout, first ARTICLE-header occurrence per article number"
2019,5,Lease Town Property,2019_FinCom_Report.pdf,github.com/agbaber/marblehead release source-archive-v1,"pdftotext -layout, first ARTICLE-header occurrence per article number"
2019,6,Contracts in Excess of Three Years,2019_FinCom_Report.pdf,github.com/agbaber/marblehead release source-archive-v1,"pdftotext -layout, first ARTICLE-header occurrence per article number"
2019,7,Amend Recreation and Parks Revolving Fund,2019_FinCom_Report.pdf,github.com/agbaber/marblehead release source-archive-v1,"pdftotext -layout, first ARTICLE-header occurrence per article number"
2019,8,Departmental Revolving Funds,2019_FinCom_Report.pdf,github.com/agbaber/marblehead release source-archive-v1,"pdftotext -layout, first ARTICLE-header occurrence per article number"
2019,9,Purchase and Planting of Trees,2019_FinCom_Report.pdf,github.com/agbaber/marblehead release source-archive-v1,"pdftotext -layout, first ARTICLE-header occurrence per article number"
2019,10,Purchase of Equipment of Several Departments,2019_FinCom_Report.pdf,github.com/agbaber/marblehead release source-archive-v1,"pdftotext -layout, first ARTICLE-header occurrence per article number"
2019,11,Capital Improvements for Public Buildings,2019_FinCom_Report.pdf,github.com/agbaber/marblehead release source-archive-v1,"pdftotext -layout, first ARTICLE-header occurrence per article number"
2019,12,Walls and Fences,2019_FinCom_Report.pdf,github.com/agbaber/marblehead release source-archive-v1,"pdftotext -layout, first ARTICLE-header occurrence per article number"
2019,13,Water Department Construction,2019_FinCom_Report.pdf,github.com/agbaber/marblehead release source-archive-v1,"pdftotext -layout, first ARTICLE-header occurrence per article number"
2019,14,Sewer Department Construction,2019_FinCom_Report.pdf,github.com/agbaber/marblehead release source-archive-v1,"pdftotext -layout, first ARTICLE-header occurrence per article number"
2019,15,Water and Sewer Commission Claims,2019_FinCom_Report.pdf,github.com/agbaber/marblehead release source-archive-v1,"pdftotext -layout, first ARTICLE-header occurrence per article number"
2019,16,Storm Drainage Construction,2019_FinCom_Report.pdf,github.com/agbaber/marblehead release source-archive-v1,"pdftotext -layout, first ARTICLE-header occurrence per article number"
2019,17,"Amend General Bylaw, Building Fees",2019_FinCom_Report.pdf,github.com/agbaber/marblehead release source-archive-v1,"pdftotext -layout, first ARTICLE-header occurrence per article number"
2019,18,Amend Fee for Demand for Payment of Taxes,2019_FinCom_Report.pdf,github.com/agbaber/marblehead release source-archive-v1,"pdftotext -layout, first ARTICLE-header occurrence per article number"
2019,19,Indigenous Peoples’ Day,2019_FinCom_Report.pdf,github.com/agbaber/marblehead release source-archive-v1,"pdftotext -layout, first ARTICLE-header occurrence per article number"
2019,20,Essex North Shore Agricultural and Technical School District,2019_FinCom_Report.pdf,github.com/agbaber/marblehead release source-archive-v1,"pdftotext -layout, first ARTICLE-header occurrence per article number"
2019,21,Available Funds Appropri ate to Reduce Tax Rate,2019_FinCom_Report.pdf,github.com/agbaber/marblehead release source-archive-v1,"pdftotext -layout, first ARTICLE-header occurrence per article number"
2019,22,Unpaid Accounts,2019_FinCom_Report.pdf,github.com/agbaber/marblehead release source-archive-v1,"pdftotext -layout, first ARTICLE-header occurrence per article number"
2019,23,Transfer funds to the Special Education Stabilization Account,2019_FinCom_Report.pdf,github.com/agbaber/marblehead release source-archive-v1,"pdftotext -layout, first ARTICLE-header occurrence per article number"
2019,24,Medicaid Reimbursement Money,2019_FinCom_Report.pdf,github.com/agbaber/marblehead release source-archive-v1,"pdftotext -layout, first ARTICLE-header occurrence per article number"
2019,25,Expenses of Several Departments,2019_FinCom_Report.pdf,github.com/agbaber/marblehead release source-archive-v1,"pdftotext -layout, first ARTICLE-header occurrence per article number"
2019,26,"Zoning Bylaw Recodification, Technical Corrections",2019_FinCom_Report.pdf,github.com/agbaber/marblehead release source-archive-v1,"pdftotext -layout, first ARTICLE-header occurrence per article number"
2019,27,Zoning Bylaw Amendment and Revisions – Definitions,2019_FinCom_Report.pdf,github.com/agbaber/marblehead release source-archive-v1,"pdftotext -layout, first ARTICLE-header occurrence per article number"
2019,28,Zoning Bylaw Amendment and Revisions,2019_FinCom_Report.pdf,github.com/agbaber/marblehead release source-archive-v1,"pdftotext -layout, first ARTICLE-header occurrence per article number"
2019,29,Zoning Bylaw Amendment and Revisions – Sheds,2019_FinCom_Report.pdf,github.com/agbaber/marblehead release source-archive-v1,"pdftotext -layout, first ARTICLE-header occurrence per article number"
2019,30,Zoning Bylaw Amendment to Classification of Retail,2019_FinCom_Report.pdf,github.com/agbaber/marblehead release source-archive-v1,"pdftotext -layout, first ARTICLE-header occurrence per article number"
2019,31,Zoning Bylaw Amendment and Revisions –Parking Space Dimensions,2019_FinCom_Report.pdf,github.com/agbaber/marblehead release source-archive-v1,"pdftotext -layout, first ARTICLE-header occurrence per article number"
2019,32,Marijuana Tax,2019_FinCom_Report.pdf,github.com/agbaber/marblehead release source-archive-v1,"pdftotext -layout, first ARTICLE-header occurrence per article number"
2019,33,Marijuana Retailers – General Bylaw,2019_FinCom_Report.pdf,github.com/agbaber/marblehead release source-archive-v1,"pdftotext -layout, first ARTICLE-header occurrence per article number"
2019,34,Amend General Bylaw License and Permits,2019_FinCom_Report.pdf,github.com/agbaber/marblehead release source-archive-v1,"pdftotext -layout, first ARTICLE-header occurrence per article number"
2019,35,"Amend General Bylaw, Stormwater",2019_FinCom_Report.pdf,github.com/agbaber/marblehead release source-archive-v1,"pdftotext -layout, first ARTICLE-header occurrence per article number"
2019,36,"MWRA Local Water System Assistance Program, Interest Free Loan, Water",2019_FinCom_Report.pdf,github.com/agbaber/marblehead release source-archive-v1,"pdftotext -layout, first ARTICLE-header occurrence per article number"
2019,37,Ban use of gas-powered Leaf Blowers,2019_FinCom_Report.pdf,github.com/agbaber/marblehead release source-archive-v1,"pdftotext -layout, first ARTICLE-header occurrence per article number"
2019,38,Annual Election of Town Officers,2019_FinCom_Report.pdf,github.com/agbaber/marblehead release source-archive-v1,"pdftotext -layout, first ARTICLE-header occurrence per article number"
2019,39,Extension of Elected Terms to Town Officials,2019_FinCom_Report.pdf,github.com/agbaber/marblehead release source-archive-v1,"pdftotext -layout, first ARTICLE-header occurrence per article number"
2019,40,Affordable Housing /Tax Title Foreclosures,2019_FinCom_Report.pdf,github.com/agbaber/marblehead release source-archive-v1,"pdftotext -layout, first ARTICLE-header occurrence per article number"
2019,41,Release Funds from Transportation Network,2019_FinCom_Report.pdf,github.com/agbaber/marblehead release source-archive-v1,"pdftotext -layout, first ARTICLE-header occurrence per article number"
2019,42,Financial Assistance for Conservation,2019_FinCom_Report.pdf,github.com/agbaber/marblehead release source-archive-v1,"pdftotext -layout, first ARTICLE-header occurrence per article number"
2019,43,Proposed Reclassification and Pay Schedule (Administrative),2019_FinCom_Report.pdf,github.com/agbaber/marblehead release source-archive-v1,"pdftotext -layout, first ARTICLE-header occurrence per article number"
2019,44,Proposed Pay Schedule and Reclassification (Traffic Supervisors),2019_FinCom_Report.pdf,github.com/agbaber/marblehead release source-archive-v1,"pdftotext -layout, first ARTICLE-header occurrence per article number"
2019,45,Proposed Reclassification and Pay Schedule (Seasonal and Temporary,2019_FinCom_Report.pdf,github.com/agbaber/marblehead release source-archive-v1,"pdftotext -layout, first ARTICLE-header occurrence per article number"
2019,46,Compensation - Town Officers,2019_FinCom_Report.pdf,github.com/agbaber/marblehead release source-archive-v1,"pdftotext -layout, first ARTICLE-header occurrence per article number"
2019,47,Ratification of Salary Bylaw,2019_FinCom_Report.pdf,github.com/agbaber/marblehead release source-archive-v1,"pdftotext -layout, first ARTICLE-header occurrence per article number"
2019,48,Overnight Parking Ban,2019_FinCom_Report.pdf,github.com/agbaber/marblehead release source-archive-v1,"pdftotext -layout, first ARTICLE-header occurrence per article number"
2019,49,Sharing of Administrative Functions,2019_FinCom_Report.pdf,github.com/agbaber/marblehead release source-archive-v1,"pdftotext -layout, first ARTICLE-header occurrence per article number"
2019,50,Repairs to Fort Sewall,2019_FinCom_Report.pdf,github.com/agbaber/marblehead release source-archive-v1,"pdftotext -layout, first ARTICLE-header occurrence per article number"
2019,51,Construct a New School,2019_FinCom_Report.pdf,github.com/agbaber/marblehead release source-archive-v1,"pdftotext -layout, first ARTICLE-header occurrence per article number"
2019,52,Discontinue and Change of Use - Portion of Baldwin Road,2019_FinCom_Report.pdf,github.com/agbaber/marblehead release source-archive-v1,"pdftotext -layout, first ARTICLE-header occurrence per article number"
2019,53,Gerry School Reuse,2019_FinCom_Report.pdf,github.com/agbaber/marblehead release source-archive-v1,"pdftotext -layout, first ARTICLE-header occurrence per article number"
2019,54,Supplemental Appropriation for the Schools,2019_FinCom_Report.pdf,github.com/agbaber/marblehead release source-archive-v1,"pdftotext -layout, first ARTICLE-header occurrence per article number"
2019,55,Supplemental Expenses of Several Departments,2019_FinCom_Report.pdf,github.com/agbaber/marblehead release source-archive-v1,"pdftotext -layout, first ARTICLE-header occurrence per article number"
2021,1,Articles in Numerical Order,2021_FinCom_Report.pdf,github.com/agbaber/marblehead release source-archive-v1,"pdftotext -layout, first ARTICLE-header occurrence per article number"
2021,2,Reports of Town Officers and Committees,2021_FinCom_Report.pdf,github.com/agbaber/marblehead release source-archive-v1,"pdftotext -layout, first ARTICLE-header occurrence per article number"
2021,3,Assume Liability,2021_FinCom_Report.pdf,github.com/agbaber/marblehead release source-archive-v1,"pdftotext -layout, first ARTICLE-header occurrence per article number"
2021,4,Accept Trust Property,2021_FinCom_Report.pdf,github.com/agbaber/marblehead release source-archive-v1,"pdftotext -layout, first ARTICLE-header occurrence per article number"
2021,5,Lease Town Property,2021_FinCom_Report.pdf,github.com/agbaber/marblehead release source-archive-v1,"pdftotext -layout, first ARTICLE-header occurrence per article number"
2021,6,Contracts in Excess of Three Years,2021_FinCom_Report.pdf,github.com/agbaber/marblehead release source-archive-v1,"pdftotext -layout, first ARTICLE-header occurrence per article number"
2021,7,Departmental Revolving Funds,2021_FinCom_Report.pdf,github.com/agbaber/marblehead release source-archive-v1,"pdftotext -layout, first ARTICLE-header occurrence per article number"
2021,8,Purchase of Equipment of Several Departments,2021_FinCom_Report.pdf,github.com/agbaber/marblehead release source-archive-v1,"pdftotext -layout, first ARTICLE-header occurrence per article number"
2021,9,Lease Purchase,2021_FinCom_Report.pdf,github.com/agbaber/marblehead release source-archive-v1,"pdftotext -layout, first ARTICLE-header occurrence per article number"
2021,10,Capital Improvements for Public Buildings,2021_FinCom_Report.pdf,github.com/agbaber/marblehead release source-archive-v1,"pdftotext -layout, first ARTICLE-header occurrence per article number"
2021,11,Walls and Fences,2021_FinCom_Report.pdf,github.com/agbaber/marblehead release source-archive-v1,"pdftotext -layout, first ARTICLE-header occurrence per article number"
2021,12,Water Department Construction,2021_FinCom_Report.pdf,github.com/agbaber/marblehead release source-archive-v1,"pdftotext -layout, first ARTICLE-header occurrence per article number"
2021,13,Sewer Department Construction,2021_FinCom_Report.pdf,github.com/agbaber/marblehead release source-archive-v1,"pdftotext -layout, first ARTICLE-header occurrence per article number"
2021,14,Water and Sewer Commission Claims,2021_FinCom_Report.pdf,github.com/agbaber/marblehead release source-archive-v1,"pdftotext -layout, first ARTICLE-header occurrence per article number"
2021,15,Storm Drainage Construction,2021_FinCom_Report.pdf,github.com/agbaber/marblehead release source-archive-v1,"pdftotext -layout, first ARTICLE-header occurrence per article number"
2021,16,Essex North Shore Agricultural and Technical School District,2021_FinCom_Report.pdf,github.com/agbaber/marblehead release source-archive-v1,"pdftotext -layout, first ARTICLE-header occurrence per article number"
2021,17,Available Funds Appropriate to Reduce Tax Rate,2021_FinCom_Report.pdf,github.com/agbaber/marblehead release source-archive-v1,"pdftotext -layout, first ARTICLE-header occurrence per article number"
2021,18,Unpaid Accounts,2021_FinCom_Report.pdf,github.com/agbaber/marblehead release source-archive-v1,"pdftotext -layout, first ARTICLE-header occurrence per article number"
2021,19,Transfer Funds to the Special Education Stabilization Account,2021_FinCom_Report.pdf,github.com/agbaber/marblehead release source-archive-v1,"pdftotext -layout, first ARTICLE-header occurrence per article number"
2021,20,Collective Bargaining (Fire),2021_FinCom_Report.pdf,github.com/agbaber/marblehead release source-archive-v1,"pdftotext -layout, first ARTICLE-header occurrence per article number"
2021,21,Collective Bargaining (Police),2021_FinCom_Report.pdf,github.com/agbaber/marblehead release source-archive-v1,"pdftotext -layout, first ARTICLE-header occurrence per article number"
2021,22,Collective Bargaining (IUE/CWA – Local 1776),2021_FinCom_Report.pdf,github.com/agbaber/marblehead release source-archive-v1,"pdftotext -layout, first ARTICLE-header occurrence per article number"
2021,23,Expenses of Several Departments,2021_FinCom_Report.pdf,github.com/agbaber/marblehead release source-archive-v1,"pdftotext -layout, first ARTICLE-header occurrence per article number"
2021,24,Financial Assistance for Conservation,2021_FinCom_Report.pdf,github.com/agbaber/marblehead release source-archive-v1,"pdftotext -layout, first ARTICLE-header occurrence per article number"
2021,25,Proposed Reclassification and Pay Schedule (Administrative),2021_FinCom_Report.pdf,github.com/agbaber/marblehead release source-archive-v1,"pdftotext -layout, first ARTICLE-header occurrence per article number"
2021,26,Proposed Pay Schedule and Reclassification (Traffic Supervisors),2021_FinCom_Report.pdf,github.com/agbaber/marblehead release source-archive-v1,"pdftotext -layout, first ARTICLE-header occurrence per article number"
2021,27,Proposed Reclassification and Pay Schedule (Seasonal and Temporary Personnel),2021_FinCom_Report.pdf,github.com/agbaber/marblehead release source-archive-v1,"pdftotext -layout, first ARTICLE-header occurrence per article number"
2021,28,Compensation - Town Officers,2021_FinCom_Report.pdf,github.com/agbaber/marblehead release source-archive-v1,"pdftotext -layout, first ARTICLE-header occurrence per article number"
2021,29,Ratification of Salary Bylaw,2021_FinCom_Report.pdf,github.com/agbaber/marblehead release source-archive-v1,"pdftotext -layout, first ARTICLE-header occurrence per article number"
2021,30,Affordable Housing /Tax Title Foreclosures,2021_FinCom_Report.pdf,github.com/agbaber/marblehead release source-archive-v1,"pdftotext -layout, first ARTICLE-header occurrence per article number"
2021,31,Release Funds from Transportation Network To see if the Town will vote to appropriate or,2021_FinCom_Report.pdf,github.com/agbaber/marblehead release source-archive-v1,"pdftotext -layout, first ARTICLE-header occurrence per article number"
2021,32,Pumper Truck,2021_FinCom_Report.pdf,github.com/agbaber/marblehead release source-archive-v1,"pdftotext -layout, first ARTICLE-header occurrence per article number"
2021,33,Demolition by Neglect,2021_FinCom_Report.pdf,github.com/agbaber/marblehead release source-archive-v1,"pdftotext -layout, first ARTICLE-header occurrence per article number"
2021,34,Amend the Bylaws of the Old and Historic District Commission Chapter 110 Old and Historic,2021_FinCom_Report.pdf,github.com/agbaber/marblehead release source-archive-v1,"pdftotext -layout, first ARTICLE-header occurrence per article number"
2021,35,Abbot Public Library,2021_FinCom_Report.pdf,github.com/agbaber/marblehead release source-archive-v1,"pdftotext -layout, first ARTICLE-header occurrence per article number"
2021,36,Joseph Brown Conservation Area,2021_FinCom_Report.pdf,github.com/agbaber/marblehead release source-archive-v1,"pdftotext -layout, first ARTICLE-header occurrence per article number"
2021,37,Transparency & Accountability,2021_FinCom_Report.pdf,github.com/agbaber/marblehead release source-archive-v1,"pdftotext -layout, first ARTICLE-header occurrence per article number"
2021,38,Peace and Good Order,2021_FinCom_Report.pdf,github.com/agbaber/marblehead release source-archive-v1,"pdftotext -layout, first ARTICLE-header occurrence per article number"
2021,39,Board of Selectmen,2021_FinCom_Report.pdf,github.com/agbaber/marblehead release source-archive-v1,"pdftotext -layout, first ARTICLE-header occurrence per article number"
2021,40,Diversity,2021_FinCom_Report.pdf,github.com/agbaber/marblehead release source-archive-v1,"pdftotext -layout, first ARTICLE-header occurrence per article number"
2021,41,Common Sense Sidewalk Snow Removal Bylaw,2021_FinCom_Report.pdf,github.com/agbaber/marblehead release source-archive-v1,"pdftotext -layout, first ARTICLE-header occurrence per article number"
2021,42,3 Year Staggered Term for Selectmen,2021_FinCom_Report.pdf,github.com/agbaber/marblehead release source-archive-v1,"pdftotext -layout, first ARTICLE-header occurrence per article number"
2021,43,"MWRA Local Water System Assistance Program, Interest Free Loan, Water Distribution",2021_FinCom_Report.pdf,github.com/agbaber/marblehead release source-archive-v1,"pdftotext -layout, first ARTICLE-header occurrence per article number"
2021,44,Compensation,2021_FinCom_Report.pdf,github.com/agbaber/marblehead release source-archive-v1,"pdftotext -layout, first ARTICLE-header occurrence per article number"
2021,45,Transfer of Property,2021_FinCom_Report.pdf,github.com/agbaber/marblehead release source-archive-v1,"pdftotext -layout, first ARTICLE-header occurrence per article number"
2021,46,"Amend General Bylaw, Stormwater",2021_FinCom_Report.pdf,github.com/agbaber/marblehead release source-archive-v1,"pdftotext -layout, first ARTICLE-header occurrence per article number"
2021,47,Use of Gas Powered Leaf Blowers,2021_FinCom_Report.pdf,github.com/agbaber/marblehead release source-archive-v1,"pdftotext -layout, first ARTICLE-header occurrence per article number"
2021,48,Supplemental Appropriation for the Schools,2021_FinCom_Report.pdf,github.com/agbaber/marblehead release source-archive-v1,"pdftotext -layout, first ARTICLE-header occurrence per article number"
2021,49,Supplemental Expenses of Several Departments,2021_FinCom_Report.pdf,github.com/agbaber/marblehead release source-archive-v1,"pdftotext -layout, first ARTICLE-header occurrence per article number"
2022,1,Articles in Numerical Order,2022_FinCom_Report.pdf,github.com/agbaber/marblehead release source-archive-v1,"pdftotext -layout, first ARTICLE-header occurrence per article number"
2022,2,Reports of Town Officers and Committees,2022_FinCom_Report.pdf,github.com/agbaber/marblehead release source-archive-v1,"pdftotext -layout, first ARTICLE-header occurrence per article number"
2022,3,Assume Liability,2022_FinCom_Report.pdf,github.com/agbaber/marblehead release source-archive-v1,"pdftotext -layout, first ARTICLE-header occurrence per article number"
2022,4,Accept Trust Property,2022_FinCom_Report.pdf,github.com/agbaber/marblehead release source-archive-v1,"pdftotext -layout, first ARTICLE-header occurrence per article number"
2022,5,Lease Town Property,2022_FinCom_Report.pdf,github.com/agbaber/marblehead release source-archive-v1,"pdftotext -layout, first ARTICLE-header occurrence per article number"
2022,6,Unpaid Accounts,2022_FinCom_Report.pdf,github.com/agbaber/marblehead release source-archive-v1,"pdftotext -layout, first ARTICLE-header occurrence per article number"
2022,7,Contracts in Excess of Three Years,2022_FinCom_Report.pdf,github.com/agbaber/marblehead release source-archive-v1,"pdftotext -layout, first ARTICLE-header occurrence per article number"
2022,8,Departmental Revolving Funds,2022_FinCom_Report.pdf,github.com/agbaber/marblehead release source-archive-v1,"pdftotext -layout, first ARTICLE-header occurrence per article number"
2022,9,Purchase of Equipment of Several Departments,2022_FinCom_Report.pdf,github.com/agbaber/marblehead release source-archive-v1,"pdftotext -layout, first ARTICLE-header occurrence per article number"
2022,10,Lease Purchase,2022_FinCom_Report.pdf,github.com/agbaber/marblehead release source-archive-v1,"pdftotext -layout, first ARTICLE-header occurrence per article number"
2022,11,Capital Improvements for Public Buildings,2022_FinCom_Report.pdf,github.com/agbaber/marblehead release source-archive-v1,"pdftotext -layout, first ARTICLE-header occurrence per article number"
2022,12,Walls and Fences,2022_FinCom_Report.pdf,github.com/agbaber/marblehead release source-archive-v1,"pdftotext -layout, first ARTICLE-header occurrence per article number"
2022,13,Storm Drainage Construction,2022_FinCom_Report.pdf,github.com/agbaber/marblehead release source-archive-v1,"pdftotext -layout, first ARTICLE-header occurrence per article number"
2022,14,Water Department Construction,2022_FinCom_Report.pdf,github.com/agbaber/marblehead release source-archive-v1,"pdftotext -layout, first ARTICLE-header occurrence per article number"
2022,15,Sewer Department Construction,2022_FinCom_Report.pdf,github.com/agbaber/marblehead release source-archive-v1,"pdftotext -layout, first ARTICLE-header occurrence per article number"
2022,16,Water and Sewer Commission Claims,2022_FinCom_Report.pdf,github.com/agbaber/marblehead release source-archive-v1,"pdftotext -layout, first ARTICLE-header occurrence per article number"
2022,17,Collective Bargaining (Fire),2022_FinCom_Report.pdf,github.com/agbaber/marblehead release source-archive-v1,"pdftotext -layout, first ARTICLE-header occurrence per article number"
2022,18,Collective Bargaining (Police),2022_FinCom_Report.pdf,github.com/agbaber/marblehead release source-archive-v1,"pdftotext -layout, first ARTICLE-header occurrence per article number"
2022,19,Collective Bargaining (IUE/CWA – Local 1776),2022_FinCom_Report.pdf,github.com/agbaber/marblehead release source-archive-v1,"pdftotext -layout, first ARTICLE-header occurrence per article number"
2022,20,Proposed Reclassification and Pay Schedule (Administrative),2022_FinCom_Report.pdf,github.com/agbaber/marblehead release source-archive-v1,"pdftotext -layout, first ARTICLE-header occurrence per article number"
2022,21,Proposed Pay Schedule and Reclassification (Traffic Supervisors),2022_FinCom_Report.pdf,github.com/agbaber/marblehead release source-archive-v1,"pdftotext -layout, first ARTICLE-header occurrence per article number"
2022,22,Proposed Reclassification and Pay Schedule (Seasonal and Temporary,2022_FinCom_Report.pdf,github.com/agbaber/marblehead release source-archive-v1,"pdftotext -layout, first ARTICLE-header occurrence per article number"
2022,23,Compensation - Town Officers,2022_FinCom_Report.pdf,github.com/agbaber/marblehead release source-archive-v1,"pdftotext -layout, first ARTICLE-header occurrence per article number"
2022,24,Ratification of Salary Bylaw,2022_FinCom_Report.pdf,github.com/agbaber/marblehead release source-archive-v1,"pdftotext -layout, first ARTICLE-header occurrence per article number"
2022,25,Financial Assistance for Conservation,2022_FinCom_Report.pdf,github.com/agbaber/marblehead release source-archive-v1,"pdftotext -layout, first ARTICLE-header occurrence per article number"
2022,26,Essex North Shore Agricultural and Technical School District,2022_FinCom_Report.pdf,github.com/agbaber/marblehead release source-archive-v1,"pdftotext -layout, first ARTICLE-header occurrence per article number"
2022,27,Transfer Funds to the Special Education Stabilization Account,2022_FinCom_Report.pdf,github.com/agbaber/marblehead release source-archive-v1,"pdftotext -layout, first ARTICLE-header occurrence per article number"
2022,28,Release Funds from Transportation Network,2022_FinCom_Report.pdf,github.com/agbaber/marblehead release source-archive-v1,"pdftotext -layout, first ARTICLE-header occurrence per article number"
2022,29,Available Funds Appropriate to Reduce Tax Rate,2022_FinCom_Report.pdf,github.com/agbaber/marblehead release source-archive-v1,"pdftotext -layout, first ARTICLE-header occurrence per article number"
2022,30,Expenses of Several Departments,2022_FinCom_Report.pdf,github.com/agbaber/marblehead release source-archive-v1,"pdftotext -layout, first ARTICLE-header occurrence per article number"
2022,31,Summer Break from gas powered leaf blowers,2022_FinCom_Report.pdf,github.com/agbaber/marblehead release source-archive-v1,"pdftotext -layout, first ARTICLE-header occurrence per article number"
2022,32,Land Acknowledgement,2022_FinCom_Report.pdf,github.com/agbaber/marblehead release source-archive-v1,"pdftotext -layout, first ARTICLE-header occurrence per article number"
2022,33,Allocation of Land for Off-Road Bike Park,2022_FinCom_Report.pdf,github.com/agbaber/marblehead release source-archive-v1,"pdftotext -layout, first ARTICLE-header occurrence per article number"
2022,34,Mooring Fees in Marblehead Waters,2022_FinCom_Report.pdf,github.com/agbaber/marblehead release source-archive-v1,"pdftotext -layout, first ARTICLE-header occurrence per article number"
2022,35,Adoption of Diversity Statement,2022_FinCom_Report.pdf,github.com/agbaber/marblehead release source-archive-v1,"pdftotext -layout, first ARTICLE-header occurrence per article number"
2022,36,Procedures of Operation and Organizational Structures Instructions,2022_FinCom_Report.pdf,github.com/agbaber/marblehead release source-archive-v1,"pdftotext -layout, first ARTICLE-header occurrence per article number"
2022,37,Work Associated with New Transfer Station Building,2022_FinCom_Report.pdf,github.com/agbaber/marblehead release source-archive-v1,"pdftotext -layout, first ARTICLE-header occurrence per article number"
2022,38,Work Associated with Existing Transfer Station Building,2022_FinCom_Report.pdf,github.com/agbaber/marblehead release source-archive-v1,"pdftotext -layout, first ARTICLE-header occurrence per article number"
2022,39,Order of Candidates Names on Ballot,2022_FinCom_Report.pdf,github.com/agbaber/marblehead release source-archive-v1,"pdftotext -layout, first ARTICLE-header occurrence per article number"
2022,40,Change name of Board of Selectmen to Select Board in General Bylaws,2022_FinCom_Report.pdf,github.com/agbaber/marblehead release source-archive-v1,"pdftotext -layout, first ARTICLE-header occurrence per article number"
2022,41,Change name to of Board of Selectmen to Select Board in Zoning Bylaws,2022_FinCom_Report.pdf,github.com/agbaber/marblehead release source-archive-v1,"pdftotext -layout, first ARTICLE-header occurrence per article number"
2022,42,Replace pronouns and nomenclature throughout our bylaws to gender-neutral,2022_FinCom_Report.pdf,github.com/agbaber/marblehead release source-archive-v1,"pdftotext -layout, first ARTICLE-header occurrence per article number"
2022,43,Replace pronouns and nomenclature in Zoning Bylaws to gender-neutral terms,2022_FinCom_Report.pdf,github.com/agbaber/marblehead release source-archive-v1,"pdftotext -layout, first ARTICLE-header occurrence per article number"
2022,44,Open Meeting Law Compliance,2022_FinCom_Report.pdf,github.com/agbaber/marblehead release source-archive-v1,"pdftotext -layout, first ARTICLE-header occurrence per article number"
2022,45,Utility Easement Lucretia and Joseph Brown School,2022_FinCom_Report.pdf,github.com/agbaber/marblehead release source-archive-v1,"pdftotext -layout, first ARTICLE-header occurrence per article number"
2022,46,Supplemental Appropriation for the Schools,2022_FinCom_Report.pdf,github.com/agbaber/marblehead release source-archive-v1,"pdftotext -layout, first ARTICLE-header occurrence per article number"
2022,47,Supplemental Expenses of Several Departments,2022_FinCom_Report.pdf,github.com/agbaber/marblehead release source-archive-v1,"pdftotext -layout, first ARTICLE-header occurrence per article number"
2022,48,School Capital Needs,2022_FinCom_Report.pdf,github.com/agbaber/marblehead release source-archive-v1,"pdftotext -layout, first ARTICLE-header occurrence per article number"
2023,1,Articles in Numerical Order,2023_FinCom_Report.pdf,github.com/agbaber/marblehead release source-archive-v1,"pdftotext -layout, first ARTICLE-header occurrence per article number"
2023,2,Reports of Town Officers and Committees,2023_FinCom_Report.pdf,github.com/agbaber/marblehead release source-archive-v1,"pdftotext -layout, first ARTICLE-header occurrence per article number"
2023,3,Assume Liability,2023_FinCom_Report.pdf,github.com/agbaber/marblehead release source-archive-v1,"pdftotext -layout, first ARTICLE-header occurrence per article number"
2023,4,Accept Trust Property,2023_FinCom_Report.pdf,github.com/agbaber/marblehead release source-archive-v1,"pdftotext -layout, first ARTICLE-header occurrence per article number"
2023,5,Lease Town Property,2023_FinCom_Report.pdf,github.com/agbaber/marblehead release source-archive-v1,"pdftotext -layout, first ARTICLE-header occurrence per article number"
2023,6,Unpaid Accounts,2023_FinCom_Report.pdf,github.com/agbaber/marblehead release source-archive-v1,"pdftotext -layout, first ARTICLE-header occurrence per article number"
2023,7,Contracts in Excess of Three Years,2023_FinCom_Report.pdf,github.com/agbaber/marblehead release source-archive-v1,"pdftotext -layout, first ARTICLE-header occurrence per article number"
2023,8,Departmental Revolving Funds,2023_FinCom_Report.pdf,github.com/agbaber/marblehead release source-archive-v1,"pdftotext -layout, first ARTICLE-header occurrence per article number"
2023,9,Purchase of Equipment of Several Departments,2023_FinCom_Report.pdf,github.com/agbaber/marblehead release source-archive-v1,"pdftotext -layout, first ARTICLE-header occurrence per article number"
2023,10,Lease Purchase,2023_FinCom_Report.pdf,github.com/agbaber/marblehead release source-archive-v1,"pdftotext -layout, first ARTICLE-header occurrence per article number"
2023,11,Capital Improvements for Public Buildings,2023_FinCom_Report.pdf,github.com/agbaber/marblehead release source-archive-v1,"pdftotext -layout, first ARTICLE-header occurrence per article number"
2023,12,School Capital Needs,2023_FinCom_Report.pdf,github.com/agbaber/marblehead release source-archive-v1,"pdftotext -layout, first ARTICLE-header occurrence per article number"
2023,13,Walls and Fences,2023_FinCom_Report.pdf,github.com/agbaber/marblehead release source-archive-v1,"pdftotext -layout, first ARTICLE-header occurrence per article number"
2023,14,Storm Drainage Construction,2023_FinCom_Report.pdf,github.com/agbaber/marblehead release source-archive-v1,"pdftotext -layout, first ARTICLE-header occurrence per article number"
2023,15,Water Department Construction,2023_FinCom_Report.pdf,github.com/agbaber/marblehead release source-archive-v1,"pdftotext -layout, first ARTICLE-header occurrence per article number"
2023,16,Sewer Department Construction,2023_FinCom_Report.pdf,github.com/agbaber/marblehead release source-archive-v1,"pdftotext -layout, first ARTICLE-header occurrence per article number"
2023,17,"MWRA Local Water System Assistance Program, Interest Free Loan, Water Distribution Improvements",2023_FinCom_Report.pdf,github.com/agbaber/marblehead release source-archive-v1,"pdftotext -layout, first ARTICLE-header occurrence per article number"
2023,18,Water and Sewer Commission Claims,2023_FinCom_Report.pdf,github.com/agbaber/marblehead release source-archive-v1,"pdftotext -layout, first ARTICLE-header occurrence per article number"
2023,19,Proposed Reclassification and Pay Schedule (Administrative),2023_FinCom_Report.pdf,github.com/agbaber/marblehead release source-archive-v1,"pdftotext -layout, first ARTICLE-header occurrence per article number"
2023,20,Proposed Pay Schedule and Reclassification (Traffic Supervisors),2023_FinCom_Report.pdf,github.com/agbaber/marblehead release source-archive-v1,"pdftotext -layout, first ARTICLE-header occurrence per article number"
2023,21,Proposed Reclassification and Pay Schedule (Seasonal and Temporary Personnel),2023_FinCom_Report.pdf,github.com/agbaber/marblehead release source-archive-v1,"pdftotext -layout, first ARTICLE-header occurrence per article number"
2023,22,Compensation - Town Officers,2023_FinCom_Report.pdf,github.com/agbaber/marblehead release source-archive-v1,"pdftotext -layout, first ARTICLE-header occurrence per article number"
2023,23,Ratification of Salary Bylaw,2023_FinCom_Report.pdf,github.com/agbaber/marblehead release source-archive-v1,"pdftotext -layout, first ARTICLE-header occurrence per article number"
2023,24,Amend General Bylaws for New Human Resources Department,2023_FinCom_Report.pdf,github.com/agbaber/marblehead release source-archive-v1,"pdftotext -layout, first ARTICLE-header occurrence per article number"
2023,25,Financial Assistance for Conservation,2023_FinCom_Report.pdf,github.com/agbaber/marblehead release source-archive-v1,"pdftotext -layout, first ARTICLE-header occurrence per article number"
2023,26,Essex North Shore Agricultural and Technical School District,2023_FinCom_Report.pdf,github.com/agbaber/marblehead release source-archive-v1,"pdftotext -layout, first ARTICLE-header occurrence per article number"
2023,27,Transfer Funds to the Special Education Stabilization Account,2023_FinCom_Report.pdf,github.com/agbaber/marblehead release source-archive-v1,"pdftotext -layout, first ARTICLE-header occurrence per article number"
2023,28,Release Funds from Transportation Network To see if the Town will vote to appropriate or transfer from the,2023_FinCom_Report.pdf,github.com/agbaber/marblehead release source-archive-v1,"pdftotext -layout, first ARTICLE-header occurrence per article number"
2023,29,Available Funds Appropriate to Reduce Tax Rate,2023_FinCom_Report.pdf,github.com/agbaber/marblehead release source-archive-v1,"pdftotext -layout, first ARTICLE-header occurrence per article number"
2023,30,Expenses of Several Departments,2023_FinCom_Report.pdf,github.com/agbaber/marblehead release source-archive-v1,"pdftotext -layout, first ARTICLE-header occurrence per article number"
2023,31,Supplemental Appropriation and Expenses of Several Departments,2023_FinCom_Report.pdf,github.com/agbaber/marblehead release source-archive-v1,"pdftotext -layout, first ARTICLE-header occurrence per article number"
2023,32,Supplemental Appropriation and Expenses for the Schools,2023_FinCom_Report.pdf,github.com/agbaber/marblehead release source-archive-v1,"pdftotext -layout, first ARTICLE-header occurrence per article number"
2023,33,Retirement Board Increase Base Amount,2023_FinCom_Report.pdf,github.com/agbaber/marblehead release source-archive-v1,"pdftotext -layout, first ARTICLE-header occurrence per article number"
2023,34,"Administrative Benefit Amendment 18,625.00 18,625.00",2023_FinCom_Report.pdf,github.com/agbaber/marblehead release source-archive-v1,"pdftotext -layout, first ARTICLE-header occurrence per article number"
2023,35,Amend General Bylaws: Physical Examinations,2023_FinCom_Report.pdf,github.com/agbaber/marblehead release source-archive-v1,"pdftotext -layout, first ARTICLE-header occurrence per article number"
2023,36,Amend General Bylaws: Allow the Use of Electronic Counting Devices,2023_FinCom_Report.pdf,github.com/agbaber/marblehead release source-archive-v1,"pdftotext -layout, first ARTICLE-header occurrence per article number"
2023,37,Accept G.L. c. 41 §110A Saturday Closure/Legal Holiday Town Clerk’s Office,2023_FinCom_Report.pdf,github.com/agbaber/marblehead release source-archive-v1,"pdftotext -layout, first ARTICLE-header occurrence per article number"
2023,38,Amend the Date of the Annual Town Election of Town Officers To see if the town will vote to Amend Town,2023_FinCom_Report.pdf,github.com/agbaber/marblehead release source-archive-v1,"pdftotext -layout, first ARTICLE-header occurrence per article number"
2023,39,Zoning Amendment - Accessory Dwelling Units,2023_FinCom_Report.pdf,github.com/agbaber/marblehead release source-archive-v1,"pdftotext -layout, first ARTICLE-header occurrence per article number"
2023,40,Franklin Street Fire Station Renovations,2023_FinCom_Report.pdf,github.com/agbaber/marblehead release source-archive-v1,"pdftotext -layout, first ARTICLE-header occurrence per article number"
2023,41,Department of Public Works,2023_FinCom_Report.pdf,github.com/agbaber/marblehead release source-archive-v1,"pdftotext -layout, first ARTICLE-header occurrence per article number"
2023,42,Public Shade Trees; Protection,2023_FinCom_Report.pdf,github.com/agbaber/marblehead release source-archive-v1,"pdftotext -layout, first ARTICLE-header occurrence per article number"
2023,43,Adopt G.L. c. 59 sec. 5 Clause twenty second H – local Veterans benefits,2023_FinCom_Report.pdf,github.com/agbaber/marblehead release source-archive-v1,"pdftotext -layout, first ARTICLE-header occurrence per article number"
2023,44,Change Select Board Terms to 3 Years,2023_FinCom_Report.pdf,github.com/agbaber/marblehead release source-archive-v1,"pdftotext -layout, first ARTICLE-header occurrence per article number"
2023,45,Article 45 Enhancements to the Comprehensive Annual Financial Review,2023_FinCom_Report.pdf,github.com/agbaber/marblehead release source-archive-v1,"pdftotext -layout, first ARTICLE-header occurrence per article number"
2023,46,100% carbon-free energy in Old and Historic Districts,2023_FinCom_Report.pdf,github.com/agbaber/marblehead release source-archive-v1,"pdftotext -layout, first ARTICLE-header occurrence per article number"
2023,47,Amend General Bylaws – Use of Gas-Powered Leaf Blowers,2023_FinCom_Report.pdf,github.com/agbaber/marblehead release source-archive-v1,"pdftotext -layout, first ARTICLE-header occurrence per article number"
2023,48,"Amend Chapter 119, Peace and Good Order Articles VII, Gas Power Leaf Blowers, Enforcement",2023_FinCom_Report.pdf,github.com/agbaber/marblehead release source-archive-v1,"pdftotext -layout, first ARTICLE-header occurrence per article number"
2023,49,Creation of a Traffic Advisory Committee,2023_FinCom_Report.pdf,github.com/agbaber/marblehead release source-archive-v1,"pdftotext -layout, first ARTICLE-header occurrence per article number"
2023,50,Amend Town Bylaws Relative to New Subdivisions,2023_FinCom_Report.pdf,github.com/agbaber/marblehead release source-archive-v1,"pdftotext -layout, first ARTICLE-header occurrence per article number"
2023,51,Amend Town Bylaws Relative to Require Certain Boards/Committees to Record and Post Meeting Minutes,2023_FinCom_Report.pdf,github.com/agbaber/marblehead release source-archive-v1,"pdftotext -layout, first ARTICLE-header occurrence per article number"
2023,52,Amend Town Bylaws Relative to 940 CMR 29.10 of Open Meeting Law,2023_FinCom_Report.pdf,github.com/agbaber/marblehead release source-archive-v1,"pdftotext -layout, first ARTICLE-header occurrence per article number"
2023,53,"Acceptance of MGL Chapter 53 Section 9A, Nomination Papers",2023_FinCom_Report.pdf,github.com/agbaber/marblehead release source-archive-v1,"pdftotext -layout, first ARTICLE-header occurrence per article number"
2023,54,Standard Operating Procedures Manual,2023_FinCom_Report.pdf,github.com/agbaber/marblehead release source-archive-v1,"pdftotext -layout, first ARTICLE-header occurrence per article number"
2025,1,Articles in Numerical Order,2025_FinCom_Report.pdf,github.com/agbaber/marblehead release source-archive-v1,"pdftotext -layout, first ARTICLE-header occurrence per article number"
2025,2,Reports of Town Officers and Committees,2025_FinCom_Report.pdf,github.com/agbaber/marblehead release source-archive-v1,"pdftotext -layout, first ARTICLE-header occurrence per article number"
2025,3,Consent Articles,2025_FinCom_Report.pdf,github.com/agbaber/marblehead release source-archive-v1,"pdftotext -layout, first ARTICLE-header occurrence per article number"
2025,4,Unpaid Accounts,2025_FinCom_Report.pdf,github.com/agbaber/marblehead release source-archive-v1,"pdftotext -layout, first ARTICLE-header occurrence per article number"
2025,5,Departmental Revolving Funds,2025_FinCom_Report.pdf,github.com/agbaber/marblehead release source-archive-v1,"pdftotext -layout, first ARTICLE-header occurrence per article number"
2025,6,Purchase of Equipment of Several Departments,2025_FinCom_Report.pdf,github.com/agbaber/marblehead release source-archive-v1,"pdftotext -layout, first ARTICLE-header occurrence per article number"
2025,7,Lease Purchase,2025_FinCom_Report.pdf,github.com/agbaber/marblehead release source-archive-v1,"pdftotext -layout, first ARTICLE-header occurrence per article number"
2025,8,Capital Improvements for Public Buildings,2025_FinCom_Report.pdf,github.com/agbaber/marblehead release source-archive-v1,"pdftotext -layout, first ARTICLE-header occurrence per article number"
2025,9,Walls and Fences,2025_FinCom_Report.pdf,github.com/agbaber/marblehead release source-archive-v1,"pdftotext -layout, first ARTICLE-header occurrence per article number"
2025,10,Storm Sewer Construction,2025_FinCom_Report.pdf,github.com/agbaber/marblehead release source-archive-v1,"pdftotext -layout, first ARTICLE-header occurrence per article number"
2025,11,"Consent Articles, Water and Sewer",2025_FinCom_Report.pdf,github.com/agbaber/marblehead release source-archive-v1,"pdftotext -layout, first ARTICLE-header occurrence per article number"
2025,12,Proposed Reclassification and Pay Schedule (Administrative),2025_FinCom_Report.pdf,github.com/agbaber/marblehead release source-archive-v1,"pdftotext -layout, first ARTICLE-header occurrence per article number"
2025,13,Proposed Pay Schedule and Reclassification (Traffic Supervisors),2025_FinCom_Report.pdf,github.com/agbaber/marblehead release source-archive-v1,"pdftotext -layout, first ARTICLE-header occurrence per article number"
2025,14,Proposed Reclassification and Pay Schedule (Seasonal and Temporary Personnel),2025_FinCom_Report.pdf,github.com/agbaber/marblehead release source-archive-v1,"pdftotext -layout, first ARTICLE-header occurrence per article number"
2025,15,Compensation - Town Officers,2025_FinCom_Report.pdf,github.com/agbaber/marblehead release source-archive-v1,"pdftotext -layout, first ARTICLE-header occurrence per article number"
2025,16,Ratification of Salary Bylaw,2025_FinCom_Report.pdf,github.com/agbaber/marblehead release source-archive-v1,"pdftotext -layout, first ARTICLE-header occurrence per article number"
2025,17,Essex North Shore Agricultural and Technical School District,2025_FinCom_Report.pdf,github.com/agbaber/marblehead release source-archive-v1,"pdftotext -layout, first ARTICLE-header occurrence per article number"
2025,18,Transfer Funds to the Special Education Stabilization Account,2025_FinCom_Report.pdf,github.com/agbaber/marblehead release source-archive-v1,"pdftotext -layout, first ARTICLE-header occurrence per article number"
2025,19,Available Funds Appropriate to Reduce Tax Rate,2025_FinCom_Report.pdf,github.com/agbaber/marblehead release source-archive-v1,"pdftotext -layout, first ARTICLE-header occurrence per article number"
2025,20,Collective Bargaining (Police),2025_FinCom_Report.pdf,github.com/agbaber/marblehead release source-archive-v1,"pdftotext -layout, first ARTICLE-header occurrence per article number"
2025,21,Collective Bargaining (IUE/CWA- Local 1776),2025_FinCom_Report.pdf,github.com/agbaber/marblehead release source-archive-v1,"pdftotext -layout, first ARTICLE-header occurrence per article number"
2025,22,CPI Increase For Qualified Seniors,2025_FinCom_Report.pdf,github.com/agbaber/marblehead release source-archive-v1,"pdftotext -layout, first ARTICLE-header occurrence per article number"
2025,23,Senior Tax Work Off Program,2025_FinCom_Report.pdf,github.com/agbaber/marblehead release source-archive-v1,"pdftotext -layout, first ARTICLE-header occurrence per article number"
2025,24,Adopt Local Meals Tax,2025_FinCom_Report.pdf,github.com/agbaber/marblehead release source-archive-v1,"pdftotext -layout, first ARTICLE-header occurrence per article number"
2025,25,Adopt Local Room Tax,2025_FinCom_Report.pdf,github.com/agbaber/marblehead release source-archive-v1,"pdftotext -layout, first ARTICLE-header occurrence per article number"
2025,26,General Fund Operating Budget departmental salaries,2025_FinCom_Report.pdf,github.com/agbaber/marblehead release source-archive-v1,"pdftotext -layout, first ARTICLE-header occurrence per article number"
2025,27,Supplemental Appropriation and Expenses of Several Departments,2025_FinCom_Report.pdf,github.com/agbaber/marblehead release source-archive-v1,"pdftotext -layout, first ARTICLE-header occurrence per article number"
2025,28,Supplemental Appropriation and Expenses for the Schools,2025_FinCom_Report.pdf,github.com/agbaber/marblehead release source-archive-v1,"pdftotext -layout, first ARTICLE-header occurrence per article number"
2025,29,Debt Exclusion Premium,2025_FinCom_Report.pdf,github.com/agbaber/marblehead release source-archive-v1,"pdftotext -layout, first ARTICLE-header occurrence per article number"
2025,30,Capital Transfers,2025_FinCom_Report.pdf,github.com/agbaber/marblehead release source-archive-v1,"pdftotext -layout, first ARTICLE-header occurrence per article number"
2025,31,Amend Bylaw to Increase Building Construction Permit Fees,2025_FinCom_Report.pdf,github.com/agbaber/marblehead release source-archive-v1,"pdftotext -layout, first ARTICLE-header occurrence per article number"
2025,32,Amend Bylaw to Increase Electrical Installations Permit Fees,2025_FinCom_Report.pdf,github.com/agbaber/marblehead release source-archive-v1,"pdftotext -layout, first ARTICLE-header occurrence per article number"
2025,33,To Amend Town Bylaw 13-10 Licensing and Registration of Dogs,2025_FinCom_Report.pdf,github.com/agbaber/marblehead release source-archive-v1,"pdftotext -layout, first ARTICLE-header occurrence per article number"
2025,34,Community Development and Planning Department,2025_FinCom_Report.pdf,github.com/agbaber/marblehead release source-archive-v1,"pdftotext -layout, first ARTICLE-header occurrence per article number"
2025,35,Assessing Department Under Chief Financial Officer,2025_FinCom_Report.pdf,github.com/agbaber/marblehead release source-archive-v1,"pdftotext -layout, first ARTICLE-header occurrence per article number"
2025,36,To see if the Town will vote to amend the Zoning Bylaw and map to adopt an 3A MULTI FAMILY OVERLAY DISTRICT,2025_FinCom_Report.pdf,github.com/agbaber/marblehead release source-archive-v1,"pdftotext -layout, first ARTICLE-header occurrence per article number"
2025,37,Board of Health – Increase membership/Home Rule Petition,2025_FinCom_Report.pdf,github.com/agbaber/marblehead release source-archive-v1,"pdftotext -layout, first ARTICLE-header occurrence per article number"
2025,38,Approve MGL 41b Change Assessors from Elected to Appointed Positions,2025_FinCom_Report.pdf,github.com/agbaber/marblehead release source-archive-v1,"pdftotext -layout, first ARTICLE-header occurrence per article number"
2025,39,"Amend Bylaw, Capital Planning Committee, Membership",2025_FinCom_Report.pdf,github.com/agbaber/marblehead release source-archive-v1,"pdftotext -layout, first ARTICLE-header occurrence per article number"
2025,40,"Amend Article, Ballot order and time of Random drawing of names for the Annual",2025_FinCom_Report.pdf,github.com/agbaber/marblehead release source-archive-v1,"pdftotext -layout, first ARTICLE-header occurrence per article number"
2025,41,Easement Fishing Point Lane / 297 Ocean Ave,2025_FinCom_Report.pdf,github.com/agbaber/marblehead release source-archive-v1,"pdftotext -layout, first ARTICLE-header occurrence per article number"
2025,42,Amend Transfer Station Fees,2025_FinCom_Report.pdf,github.com/agbaber/marblehead release source-archive-v1,"pdftotext -layout, first ARTICLE-header occurrence per article number"
2025,43,Amend General Bylaws Chapter 75-1 Leaf Blowers,2025_FinCom_Report.pdf,github.com/agbaber/marblehead release source-archive-v1,"pdftotext -layout, first ARTICLE-header occurrence per article number"
2025,44,"Amend General Bylaws Chapter 75-2, Leaf Blowers",2025_FinCom_Report.pdf,github.com/agbaber/marblehead release source-archive-v1,"pdftotext -layout, first ARTICLE-header occurrence per article number"
2025,45,Amend General Bylaws Chapter 75-3 Leaf Blowers,2025_FinCom_Report.pdf,github.com/agbaber/marblehead release source-archive-v1,"pdftotext -layout, first ARTICLE-header occurrence per article number"
2025,46,Amend Bylaws §174-6(C) and §174-11 and §174-13,2025_FinCom_Report.pdf,github.com/agbaber/marblehead release source-archive-v1,"pdftotext -layout, first ARTICLE-header occurrence per article number"
2025,47,"Amend Bylaws, Traffic Safety Advisory Committee",2025_FinCom_Report.pdf,github.com/agbaber/marblehead release source-archive-v1,"pdftotext -layout, first ARTICLE-header occurrence per article number"
2025,48,Improve Road Safety Indicators,2025_FinCom_Report.pdf,github.com/agbaber/marblehead release source-archive-v1,"pdftotext -layout, first ARTICLE-header occurrence per article number"
2025,49,"Bylaw Select Board Terms, rescind",2025_FinCom_Report.pdf,github.com/agbaber/marblehead release source-archive-v1,"pdftotext -layout, first ARTICLE-header occurrence per article number"
2025,50,"Amend Bylaw, Recall provision for Elected Official(s)",2025_FinCom_Report.pdf,github.com/agbaber/marblehead release source-archive-v1,"pdftotext -layout, first ARTICLE-header occurrence per article number"
2025,51,"Amend General Bylaws, State Street Restrooms",2025_FinCom_Report.pdf,github.com/agbaber/marblehead release source-archive-v1,"pdftotext -layout, first ARTICLE-header occurrence per article number"
2025,52,Appropriate funds for Website Design and Development,2025_FinCom_Report.pdf,github.com/agbaber/marblehead release source-archive-v1,"pdftotext -layout, first ARTICLE-header occurrence per article number"
2025,53,"Amend Zoning Bylaw, shed size",2025_FinCom_Report.pdf,github.com/agbaber/marblehead release source-archive-v1,"pdftotext -layout, first ARTICLE-header occurrence per article number"
2025,200,-43,2025_FinCom_Report.pdf,github.com/agbaber/marblehead release source-archive-v1,"pdftotext -layout, first ARTICLE-header occurrence per article number"
2026,1,Articles in Numerical Order,2026_FinCom_Report.pdf,github.com/agbaber/marblehead release source-archive-v1,"pdftotext -layout, first ARTICLE-header occurrence per article number"
2026,2,Reports of Town Officers and Committees,2026_FinCom_Report.pdf,github.com/agbaber/marblehead release source-archive-v1,"pdftotext -layout, first ARTICLE-header occurrence per article number"
2026,3,Consent Articles,2026_FinCom_Report.pdf,github.com/agbaber/marblehead release source-archive-v1,"pdftotext -layout, first ARTICLE-header occurrence per article number"
2026,4,Unpaid Accounts,2026_FinCom_Report.pdf,github.com/agbaber/marblehead release source-archive-v1,"pdftotext -layout, first ARTICLE-header occurrence per article number"
2026,5,Departmental Revolving Funds,2026_FinCom_Report.pdf,github.com/agbaber/marblehead release source-archive-v1,"pdftotext -layout, first ARTICLE-header occurrence per article number"
2026,6,Purchase of Equipment of Several Departments,2026_FinCom_Report.pdf,github.com/agbaber/marblehead release source-archive-v1,"pdftotext -layout, first ARTICLE-header occurrence per article number"
2026,7,Lease Purchase,2026_FinCom_Report.pdf,github.com/agbaber/marblehead release source-archive-v1,"pdftotext -layout, first ARTICLE-header occurrence per article number"
2026,8,Capital Improvements for Public Buildings,2026_FinCom_Report.pdf,github.com/agbaber/marblehead release source-archive-v1,"pdftotext -layout, first ARTICLE-header occurrence per article number"
2026,9,Walls and Fences,2026_FinCom_Report.pdf,github.com/agbaber/marblehead release source-archive-v1,"pdftotext -layout, first ARTICLE-header occurrence per article number"
2026,10,Stormwater Construction,2026_FinCom_Report.pdf,github.com/agbaber/marblehead release source-archive-v1,"pdftotext -layout, first ARTICLE-header occurrence per article number"
2026,11,"Consent Articles, Water and Sewer",2026_FinCom_Report.pdf,github.com/agbaber/marblehead release source-archive-v1,"pdftotext -layout, first ARTICLE-header occurrence per article number"
2026,12,Proposed Reclassification and Pay Schedule (Administrative),2026_FinCom_Report.pdf,github.com/agbaber/marblehead release source-archive-v1,"pdftotext -layout, first ARTICLE-header occurrence per article number"
2026,13,Proposed Pay Schedule and Reclassification (Traffic Supervisors),2026_FinCom_Report.pdf,github.com/agbaber/marblehead release source-archive-v1,"pdftotext -layout, first ARTICLE-header occurrence per article number"
2026,14,Proposed Reclassification and Pay Schedule (Seasonal and Temporary Personnel),2026_FinCom_Report.pdf,github.com/agbaber/marblehead release source-archive-v1,"pdftotext -layout, first ARTICLE-header occurrence per article number"
2026,15,Compensation - Town Officers,2026_FinCom_Report.pdf,github.com/agbaber/marblehead release source-archive-v1,"pdftotext -layout, first ARTICLE-header occurrence per article number"
2026,16,Ratification of Salary Bylaw,2026_FinCom_Report.pdf,github.com/agbaber/marblehead release source-archive-v1,"pdftotext -layout, first ARTICLE-header occurrence per article number"
2026,17,Essex North Shore Agricultural and Technical School District,2026_FinCom_Report.pdf,github.com/agbaber/marblehead release source-archive-v1,"pdftotext -layout, first ARTICLE-header occurrence per article number"
2026,18,Available Funds Appropriate to Reduce Tax Rate,2026_FinCom_Report.pdf,github.com/agbaber/marblehead release source-archive-v1,"pdftotext -layout, first ARTICLE-header occurrence per article number"
2026,19,Collective Bargaining (Police),2026_FinCom_Report.pdf,github.com/agbaber/marblehead release source-archive-v1,"pdftotext -layout, first ARTICLE-header occurrence per article number"
2026,20,Collective Bargaining (IUE/CWA- Local 1776),2026_FinCom_Report.pdf,github.com/agbaber/marblehead release source-archive-v1,"pdftotext -layout, first ARTICLE-header occurrence per article number"
2026,21,Collective Bargaining (Fire),2026_FinCom_Report.pdf,github.com/agbaber/marblehead release source-archive-v1,"pdftotext -layout, first ARTICLE-header occurrence per article number"
2026,22,Expenses of Several Departments,2026_FinCom_Report.pdf,github.com/agbaber/marblehead release source-archive-v1,"pdftotext -layout, first ARTICLE-header occurrence per article number"
2026,23,Amend Zoning Bylaw - 3A Multi-Family Overlay District,2026_FinCom_Report.pdf,github.com/agbaber/marblehead release source-archive-v1,"pdftotext -layout, first ARTICLE-header occurrence per article number"
2026,24,Amend Zoning Bylaw - Accessory Dwelling Units,2026_FinCom_Report.pdf,github.com/agbaber/marblehead release source-archive-v1,"pdftotext -layout, first ARTICLE-header occurrence per article number"
2026,25,Amend Zoning Bylaw - Floodplain District,2026_FinCom_Report.pdf,github.com/agbaber/marblehead release source-archive-v1,"pdftotext -layout, first ARTICLE-header occurrence per article number"
2026,26,Prudent Investor,2026_FinCom_Report.pdf,github.com/agbaber/marblehead release source-archive-v1,"pdftotext -layout, first ARTICLE-header occurrence per article number"
2026,27,General Stabilization Fund,2026_FinCom_Report.pdf,github.com/agbaber/marblehead release source-archive-v1,"pdftotext -layout, first ARTICLE-header occurrence per article number"
2026,28,Home Rule Petition: Establish Means-Tested Senior Citizen Property Tax Exemption,2026_FinCom_Report.pdf,github.com/agbaber/marblehead release source-archive-v1,"pdftotext -layout, first ARTICLE-header occurrence per article number"
2026,29,Adjusted Exemption Amount Clause 22I,2026_FinCom_Report.pdf,github.com/agbaber/marblehead release source-archive-v1,"pdftotext -layout, first ARTICLE-header occurrence per article number"
2026,30,Adjusted Exemption Amount Clause 22J,2026_FinCom_Report.pdf,github.com/agbaber/marblehead release source-archive-v1,"pdftotext -layout, first ARTICLE-header occurrence per article number"
2026,31,Coffin School Reuse,2026_FinCom_Report.pdf,github.com/agbaber/marblehead release source-archive-v1,"pdftotext -layout, first ARTICLE-header occurrence per article number"
2026,32,Gerry School Playground (aka Elm Street Park),2026_FinCom_Report.pdf,github.com/agbaber/marblehead release source-archive-v1,"pdftotext -layout, first ARTICLE-header occurrence per article number"
2026,33,"Mary A. Alley Building, HVAC System, ADA Improvements, Roof",2026_FinCom_Report.pdf,github.com/agbaber/marblehead release source-archive-v1,"pdftotext -layout, first ARTICLE-header occurrence per article number"
2026,34,Marblehead High School Roof and HVAC System,2026_FinCom_Report.pdf,github.com/agbaber/marblehead release source-archive-v1,"pdftotext -layout, first ARTICLE-header occurrence per article number"
2026,35,"Appropriation of Article 11, May 2, 2022",2026_FinCom_Report.pdf,github.com/agbaber/marblehead release source-archive-v1,"pdftotext -layout, first ARTICLE-header occurrence per article number"
2026,36,Stormwater Enterprise Fund,2026_FinCom_Report.pdf,github.com/agbaber/marblehead release source-archive-v1,"pdftotext -layout, first ARTICLE-header occurrence per article number"
2026,37,"Rescind prior Acceptance of G.L. c. 31 sec. 58A, Age Limits (Police)",2026_FinCom_Report.pdf,github.com/agbaber/marblehead release source-archive-v1,"pdftotext -layout, first ARTICLE-header occurrence per article number"
2026,38,Building Permit Fees,2026_FinCom_Report.pdf,github.com/agbaber/marblehead release source-archive-v1,"pdftotext -layout, first ARTICLE-header occurrence per article number"
2026,39,Electrical Installation Fees,2026_FinCom_Report.pdf,github.com/agbaber/marblehead release source-archive-v1,"pdftotext -layout, first ARTICLE-header occurrence per article number"
2026,40,Building Permit Fees,2026_FinCom_Report.pdf,github.com/agbaber/marblehead release source-archive-v1,"pdftotext -layout, first ARTICLE-header occurrence per article number"
2026,41,Electrical Installation,2026_FinCom_Report.pdf,github.com/agbaber/marblehead release source-archive-v1,"pdftotext -layout, first ARTICLE-header occurrence per article number"
2026,42,Cemetery Perpetual Care Trust Fund Transfer,2026_FinCom_Report.pdf,github.com/agbaber/marblehead release source-archive-v1,"pdftotext -layout, first ARTICLE-header occurrence per article number"
2026,43,Cemetery Sale of Lots Trust Fund Transfer,2026_FinCom_Report.pdf,github.com/agbaber/marblehead release source-archive-v1,"pdftotext -layout, first ARTICLE-header occurrence per article number"
2026,44,Parking Tickets – Increased Fee for Snow Emergency,2026_FinCom_Report.pdf,github.com/agbaber/marblehead release source-archive-v1,"pdftotext -layout, first ARTICLE-header occurrence per article number"
2026,45,Zoning bylaw by adding provision for the Storage of Fishing Gear and Lobster,2026_FinCom_Report.pdf,github.com/agbaber/marblehead release source-archive-v1,"pdftotext -layout, first ARTICLE-header occurrence per article number"
2026,46,"Appropriate Funds, Independent Audit",2026_FinCom_Report.pdf,github.com/agbaber/marblehead release source-archive-v1,"pdftotext -layout, first ARTICLE-header occurrence per article number"
2026,47,Sustainability Coordinator,2026_FinCom_Report.pdf,github.com/agbaber/marblehead release source-archive-v1,"pdftotext -layout, first ARTICLE-header occurrence per article number"
2026,48,Residency Requirements,2026_FinCom_Report.pdf,github.com/agbaber/marblehead release source-archive-v1,"pdftotext -layout, first ARTICLE-header occurrence per article number"
2026,49,"Town Meeting, Parliamentarian",2026_FinCom_Report.pdf,github.com/agbaber/marblehead release source-archive-v1,"pdftotext -layout, first ARTICLE-header occurrence per article number"
2026,50,Placement of Prop 2 ½ on ballot,2026_FinCom_Report.pdf,github.com/agbaber/marblehead release source-archive-v1,"pdftotext -layout, first ARTICLE-header occurrence per article number"
2026,51,Town Meeting Reconsideration Procedure,2026_FinCom_Report.pdf,github.com/agbaber/marblehead release source-archive-v1,"pdftotext -layout, first ARTICLE-header occurrence per article number"
2026,52,Amend Bylaws - Recall provision,2026_FinCom_Report.pdf,github.com/agbaber/marblehead release source-archive-v1,"pdftotext -layout, first ARTICLE-header occurrence per article number"
2026,200,-43,2026_FinCom_Report.pdf,github.com/agbaber/marblehead release source-archive-v1,"pdftotext -layout, first ARTICLE-header occurrence per article number"
