meeting_year,meeting_date,meeting_type,article_number,title,disposition,vote_yes,vote_no,notes,source_doc,source_url
2019,2019-05-06,annual,1,"Articles in Numerical Order",adopted,,,,Annual-Report-2019.pdf,https://marbleheadma.gov/wp-content/uploads/2025/04/Annual-Report-2019.pdf
2019,2019-05-06,annual,2,"Reports of Town Officers and Committees",adopted,,,,Annual-Report-2019.pdf,https://marbleheadma.gov/wp-content/uploads/2025/04/Annual-Report-2019.pdf
2019,2019-05-06,annual,3,"Assume Liability",adopted,,,,Annual-Report-2019.pdf,https://marbleheadma.gov/wp-content/uploads/2025/04/Annual-Report-2019.pdf
2019,2019-05-06,annual,4,"Accept Trust Property",indefinitely_postponed,,,,Annual-Report-2019.pdf,https://marbleheadma.gov/wp-content/uploads/2025/04/Annual-Report-2019.pdf
2019,2019-05-06,annual,5,"Lease Town Property",adopted,,,,Annual-Report-2019.pdf,https://marbleheadma.gov/wp-content/uploads/2025/04/Annual-Report-2019.pdf
2019,2019-05-06,annual,6,"Contracts in Excess of Three Years",adopted,,,,Annual-Report-2019.pdf,https://marbleheadma.gov/wp-content/uploads/2025/04/Annual-Report-2019.pdf
2019,2019-05-06,annual,7,"Amend Recreation and Parks Revolving Fund",adopted,,,,Annual-Report-2019.pdf,https://marbleheadma.gov/wp-content/uploads/2025/04/Annual-Report-2019.pdf
2019,2019-05-06,annual,8,"Departmental Revolving Funds",adopted,,,,Annual-Report-2019.pdf,https://marbleheadma.gov/wp-content/uploads/2025/04/Annual-Report-2019.pdf
2019,2019-05-06,annual,9,"Purchase and Planting of Trees",adopted,,,,Annual-Report-2019.pdf,https://marbleheadma.gov/wp-content/uploads/2025/04/Annual-Report-2019.pdf
2019,2019-05-06,annual,10,"Purchase of Equipment of Several Departments",adopted,,,,Annual-Report-2019.pdf,https://marbleheadma.gov/wp-content/uploads/2025/04/Annual-Report-2019.pdf
2019,2019-05-06,annual,11,"Capital Improvements for Public Buildings",adopted,,,,Annual-Report-2019.pdf,https://marbleheadma.gov/wp-content/uploads/2025/04/Annual-Report-2019.pdf
2019,2019-05-06,annual,12,"Walls and Fences",adopted,,,,Annual-Report-2019.pdf,https://marbleheadma.gov/wp-content/uploads/2025/04/Annual-Report-2019.pdf
2019,2019-05-06,annual,13,"Water Department Construction",adopted,,,,Annual-Report-2019.pdf,https://marbleheadma.gov/wp-content/uploads/2025/04/Annual-Report-2019.pdf
2019,2019-05-06,annual,14,"Sewer Department Construction",adopted,,,,Annual-Report-2019.pdf,https://marbleheadma.gov/wp-content/uploads/2025/04/Annual-Report-2019.pdf
2019,2019-05-06,annual,15,"Water and Sewer Commission Claims",adopted,,,,Annual-Report-2019.pdf,https://marbleheadma.gov/wp-content/uploads/2025/04/Annual-Report-2019.pdf
2019,2019-05-06,annual,16,"Storm Drainage Construction",adopted,,,"unanimous",Annual-Report-2019.pdf,https://marbleheadma.gov/wp-content/uploads/2025/04/Annual-Report-2019.pdf
2019,2019-05-06,annual,17,"Amend General Bylaw, Building Fees",adopted,,,,Annual-Report-2019.pdf,https://marbleheadma.gov/wp-content/uploads/2025/04/Annual-Report-2019.pdf
2019,2019-05-06,annual,18,"Amend Fee for Demand for Payment of Taxes",adopted,,,,Annual-Report-2019.pdf,https://marbleheadma.gov/wp-content/uploads/2025/04/Annual-Report-2019.pdf
2019,2019-05-06,annual,19,"Indigenous Peoples' Day",adopted,,,,Annual-Report-2019.pdf,https://marbleheadma.gov/wp-content/uploads/2025/04/Annual-Report-2019.pdf
2019,2019-05-06,annual,20,"Essex North Shore Agricultural and Technical School District",adopted,,,,Annual-Report-2019.pdf,https://marbleheadma.gov/wp-content/uploads/2025/04/Annual-Report-2019.pdf
2019,2019-05-06,annual,21,"Available Funds Appropriate to Reduce Tax Rate",adopted,,,,Annual-Report-2019.pdf,https://marbleheadma.gov/wp-content/uploads/2025/04/Annual-Report-2019.pdf
2019,2019-05-06,annual,22,"Unpaid Accounts",adopted,,,,Annual-Report-2019.pdf,https://marbleheadma.gov/wp-content/uploads/2025/04/Annual-Report-2019.pdf
2019,2019-05-06,annual,23,"Transfer funds to the Special Education Stabilization Account",adopted,,,,Annual-Report-2019.pdf,https://marbleheadma.gov/wp-content/uploads/2025/04/Annual-Report-2019.pdf
2019,2019-05-06,annual,24,"Medicaid Reimbursement Money",adopted,,,,Annual-Report-2019.pdf,https://marbleheadma.gov/wp-content/uploads/2025/04/Annual-Report-2019.pdf
2019,2019-05-06,annual,25,"Expenses of Several Departments",adopted,,,"omnibus operating budget",Annual-Report-2019.pdf,https://marbleheadma.gov/wp-content/uploads/2025/04/Annual-Report-2019.pdf
2019,2019-05-06,annual,26,"Zoning Bylaw Recodification, Technical Corrections",adopted,,,"unanimous",Annual-Report-2019.pdf,https://marbleheadma.gov/wp-content/uploads/2025/04/Annual-Report-2019.pdf
2019,2019-05-06,annual,27,"Zoning Bylaw Amendment and Revisions - Definitions",adopted,,,"unanimous",Annual-Report-2019.pdf,https://marbleheadma.gov/wp-content/uploads/2025/04/Annual-Report-2019.pdf
2019,2019-05-06,annual,28,"Zoning Bylaw Amendment and Revisions",adopted,,,"unanimous",Annual-Report-2019.pdf,https://marbleheadma.gov/wp-content/uploads/2025/04/Annual-Report-2019.pdf
2019,2019-05-06,annual,29,"Zoning Bylaw Amendment and Revisions - Sheds",adopted,,,"unanimous",Annual-Report-2019.pdf,https://marbleheadma.gov/wp-content/uploads/2025/04/Annual-Report-2019.pdf
2019,2019-05-06,annual,30,"Zoning Bylaw Amendment to Classification of Retail",adopted,,,"unanimous",Annual-Report-2019.pdf,https://marbleheadma.gov/wp-content/uploads/2025/04/Annual-Report-2019.pdf
2019,2019-05-06,annual,31,"Zoning Bylaw Amendment and Revisions - Parking Space",adopted,,,"unanimous",Annual-Report-2019.pdf,https://marbleheadma.gov/wp-content/uploads/2025/04/Annual-Report-2019.pdf
2019,2019-05-06,annual,32,"Marijuana Tax",adopted,,,"unanimous",Annual-Report-2019.pdf,https://marbleheadma.gov/wp-content/uploads/2025/04/Annual-Report-2019.pdf
2019,2019-05-06,annual,33,"Marijuana Retailers - General Bylaw",adopted,,,,Annual-Report-2019.pdf,https://marbleheadma.gov/wp-content/uploads/2025/04/Annual-Report-2019.pdf
2019,2019-05-06,annual,34,"Amend General Bylaw License and Permits",adopted,,,,Annual-Report-2019.pdf,https://marbleheadma.gov/wp-content/uploads/2025/04/Annual-Report-2019.pdf
2019,2019-05-06,annual,35,"Amend General Bylaw, Stormwater",adopted,,,,Annual-Report-2019.pdf,https://marbleheadma.gov/wp-content/uploads/2025/04/Annual-Report-2019.pdf
2019,2019-05-06,annual,36,"MWRA Local Water System Assistance Program",adopted,,,"interest-free loan",Annual-Report-2019.pdf,https://marbleheadma.gov/wp-content/uploads/2025/04/Annual-Report-2019.pdf
2019,2019-05-06,annual,37,"Ban use of gas-powered Leaf Blowers",defeated,,,,Annual-Report-2019.pdf,https://marbleheadma.gov/wp-content/uploads/2025/04/Annual-Report-2019.pdf
2019,2019-05-06,annual,38,"Annual Election of Town Officers",adopted,,,"moves election to June",Annual-Report-2019.pdf,https://marbleheadma.gov/wp-content/uploads/2025/04/Annual-Report-2019.pdf
2019,2019-05-06,annual,39,"Extension of Elected Terms to Town Officials",adopted,,,,Annual-Report-2019.pdf,https://marbleheadma.gov/wp-content/uploads/2025/04/Annual-Report-2019.pdf
2019,2019-05-06,annual,40,"Affordable Housing / Tax Title Foreclosures",adopted,,,,Annual-Report-2019.pdf,https://marbleheadma.gov/wp-content/uploads/2025/04/Annual-Report-2019.pdf
2019,2019-05-06,annual,41,"Release Funds from Transportation Network",adopted,,,,Annual-Report-2019.pdf,https://marbleheadma.gov/wp-content/uploads/2025/04/Annual-Report-2019.pdf
2019,2019-05-06,annual,42,"Financial Assistance for Conservation",adopted,,,,Annual-Report-2019.pdf,https://marbleheadma.gov/wp-content/uploads/2025/04/Annual-Report-2019.pdf
2019,2019-05-06,annual,43,"Proposed Reclassification and Pay Schedule (Administrative)",adopted,,,,Annual-Report-2019.pdf,https://marbleheadma.gov/wp-content/uploads/2025/04/Annual-Report-2019.pdf
2019,2019-05-06,annual,44,"Proposed Pay Schedule and Reclassification (Traffic Supervisors)",adopted,,,,Annual-Report-2019.pdf,https://marbleheadma.gov/wp-content/uploads/2025/04/Annual-Report-2019.pdf
2019,2019-05-06,annual,45,"Proposed Reclassification and Pay Schedule (Seasonal and Temporary Personnel)",adopted,,,,Annual-Report-2019.pdf,https://marbleheadma.gov/wp-content/uploads/2025/04/Annual-Report-2019.pdf
2019,2019-05-06,annual,46,"Compensation - Town Officers",adopted,,,,Annual-Report-2019.pdf,https://marbleheadma.gov/wp-content/uploads/2025/04/Annual-Report-2019.pdf
2019,2019-05-06,annual,47,"Ratification of Salary Bylaw",adopted,,,,Annual-Report-2019.pdf,https://marbleheadma.gov/wp-content/uploads/2025/04/Annual-Report-2019.pdf
2019,2019-05-06,annual,48,"Overnight Parking Ban",indefinitely_postponed,,,,Annual-Report-2019.pdf,https://marbleheadma.gov/wp-content/uploads/2025/04/Annual-Report-2019.pdf
2019,2019-05-06,annual,49,"Sharing of Administrative Functions",adopted,,,,Annual-Report-2019.pdf,https://marbleheadma.gov/wp-content/uploads/2025/04/Annual-Report-2019.pdf
2019,2019-05-06,annual,50,"Repairs to Fort Sewall",adopted,,,"contingent on Prop 2.5 debt exclusion",Annual-Report-2019.pdf,https://marbleheadma.gov/wp-content/uploads/2025/04/Annual-Report-2019.pdf
2019,2019-05-06,annual,51,"Construct a New School (PK-3, 40 Baldwin Road)",adopted,811,85,"contingent on Prop 2.5 debt exclusion; MSBA-eligible",Annual-Report-2019.pdf,https://marbleheadma.gov/wp-content/uploads/2025/04/Annual-Report-2019.pdf
2019,2019-05-06,annual,52,"Discontinue and Change of Use - Portion of Baldwin Road",adopted,775,20,,Annual-Report-2019.pdf,https://marbleheadma.gov/wp-content/uploads/2025/04/Annual-Report-2019.pdf
2019,2019-05-06,annual,53,"Gerry School Reuse",adopted,350,75,,Annual-Report-2019.pdf,https://marbleheadma.gov/wp-content/uploads/2025/04/Annual-Report-2019.pdf
2019,2019-05-06,annual,54,"Supplemental Appropriation for the Schools",indefinitely_postponed,,,,Annual-Report-2019.pdf,https://marbleheadma.gov/wp-content/uploads/2025/04/Annual-Report-2019.pdf
2019,2019-05-06,annual,55,"Supplemental Expenses of Several Departments",indefinitely_postponed,,,,Annual-Report-2019.pdf,https://marbleheadma.gov/wp-content/uploads/2025/04/Annual-Report-2019.pdf
2020,2020-06-29,annual,1,"Articles in Numerical Order",not_taken_up,,,,2020_town_meeting_minutes_june_29_2020.pdf,https://marbleheadma.gov/wp-content/uploads/2025/03/2020_town_meeting_minutes_june_29_2020.pdf
2020,2020-06-29,annual,2,"Reports of Town Officers and Committees",not_taken_up,,,,2020_town_meeting_minutes_june_29_2020.pdf,https://marbleheadma.gov/wp-content/uploads/2025/03/2020_town_meeting_minutes_june_29_2020.pdf
2020,2020-06-29,annual,3,"Assume Liability",not_taken_up,,,,2020_town_meeting_minutes_june_29_2020.pdf,https://marbleheadma.gov/wp-content/uploads/2025/03/2020_town_meeting_minutes_june_29_2020.pdf
2020,2020-06-29,annual,4,"Accept Trust Property",not_taken_up,,,,2020_town_meeting_minutes_june_29_2020.pdf,https://marbleheadma.gov/wp-content/uploads/2025/03/2020_town_meeting_minutes_june_29_2020.pdf
2020,2020-06-29,annual,5,"Lease Town Property",not_taken_up,,,,2020_town_meeting_minutes_june_29_2020.pdf,https://marbleheadma.gov/wp-content/uploads/2025/03/2020_town_meeting_minutes_june_29_2020.pdf
2020,2020-06-29,annual,6,"Contracts in Excess of Three Years",not_taken_up,,,,2020_town_meeting_minutes_june_29_2020.pdf,https://marbleheadma.gov/wp-content/uploads/2025/03/2020_town_meeting_minutes_june_29_2020.pdf
2020,2020-06-29,annual,7,"Departmental Revolving Funds",adopted,,,,2020_town_meeting_minutes_june_29_2020.pdf,https://marbleheadma.gov/wp-content/uploads/2025/03/2020_town_meeting_minutes_june_29_2020.pdf
2020,2020-06-29,annual,8,"Purchase of Equipment of Several Departments",adopted,,,,2020_town_meeting_minutes_june_29_2020.pdf,https://marbleheadma.gov/wp-content/uploads/2025/03/2020_town_meeting_minutes_june_29_2020.pdf
2020,2020-06-29,annual,9,"Lease Purchase",adopted,86,1,,2020_town_meeting_minutes_june_29_2020.pdf,https://marbleheadma.gov/wp-content/uploads/2025/03/2020_town_meeting_minutes_june_29_2020.pdf
2020,2020-06-29,annual,10,"Capital Improvements for Public Buildings",adopted,,,,2020_town_meeting_minutes_june_29_2020.pdf,https://marbleheadma.gov/wp-content/uploads/2025/03/2020_town_meeting_minutes_june_29_2020.pdf
2020,2020-06-29,annual,11,"Walls and Fences",not_taken_up,,,,2020_town_meeting_minutes_june_29_2020.pdf,https://marbleheadma.gov/wp-content/uploads/2025/03/2020_town_meeting_minutes_june_29_2020.pdf
2020,2020-06-29,annual,12,"Water Department Construction",adopted,87,1,,2020_town_meeting_minutes_june_29_2020.pdf,https://marbleheadma.gov/wp-content/uploads/2025/03/2020_town_meeting_minutes_june_29_2020.pdf
2020,2020-06-29,annual,13,"Sewer Department Construction",adopted,,,,2020_town_meeting_minutes_june_29_2020.pdf,https://marbleheadma.gov/wp-content/uploads/2025/03/2020_town_meeting_minutes_june_29_2020.pdf
2020,2020-06-29,annual,14,"Water and Sewer Commission Claims",not_taken_up,,,,2020_town_meeting_minutes_june_29_2020.pdf,https://marbleheadma.gov/wp-content/uploads/2025/03/2020_town_meeting_minutes_june_29_2020.pdf
2020,2020-06-29,annual,15,"Storm Drainage Construction",adopted,87,1,,2020_town_meeting_minutes_june_29_2020.pdf,https://marbleheadma.gov/wp-content/uploads/2025/03/2020_town_meeting_minutes_june_29_2020.pdf
2020,2020-06-29,annual,16,"Essex North Shore Agricultural and Technical School District",adopted,,,,2020_town_meeting_minutes_june_29_2020.pdf,https://marbleheadma.gov/wp-content/uploads/2025/03/2020_town_meeting_minutes_june_29_2020.pdf
2020,2020-06-29,annual,17,"Available Funds Appropriate to Reduce Tax Rate",adopted,,,,2020_town_meeting_minutes_june_29_2020.pdf,https://marbleheadma.gov/wp-content/uploads/2025/03/2020_town_meeting_minutes_june_29_2020.pdf
2020,2020-06-29,annual,18,"Unpaid Accounts",adopted,,,,2020_town_meeting_minutes_june_29_2020.pdf,https://marbleheadma.gov/wp-content/uploads/2025/03/2020_town_meeting_minutes_june_29_2020.pdf
2020,2020-06-29,annual,19,"Transfer Funds to the Special Education Stabilization Account",not_taken_up,,,,2020_town_meeting_minutes_june_29_2020.pdf,https://marbleheadma.gov/wp-content/uploads/2025/03/2020_town_meeting_minutes_june_29_2020.pdf
2020,2020-06-29,annual,20,"Medicaid Reimbursement Money",not_taken_up,,,,2020_town_meeting_minutes_june_29_2020.pdf,https://marbleheadma.gov/wp-content/uploads/2025/03/2020_town_meeting_minutes_june_29_2020.pdf
2020,2020-06-29,annual,21,"Expenses of Several Departments",adopted,,,"omnibus operating budget",2020_town_meeting_minutes_june_29_2020.pdf,https://marbleheadma.gov/wp-content/uploads/2025/03/2020_town_meeting_minutes_june_29_2020.pdf
2020,2020-06-29,annual,22,"Parking Tickets - Increased Fee for Snow Emergency",not_taken_up,,,,2020_town_meeting_minutes_june_29_2020.pdf,https://marbleheadma.gov/wp-content/uploads/2025/03/2020_town_meeting_minutes_june_29_2020.pdf
2020,2020-06-29,annual,23,"End Current Winter Overnight Parking Ban",not_taken_up,,,,2020_town_meeting_minutes_june_29_2020.pdf,https://marbleheadma.gov/wp-content/uploads/2025/03/2020_town_meeting_minutes_june_29_2020.pdf
2020,2020-06-29,annual,24,"Financial Assistance for Conservation",not_taken_up,,,,2020_town_meeting_minutes_june_29_2020.pdf,https://marbleheadma.gov/wp-content/uploads/2025/03/2020_town_meeting_minutes_june_29_2020.pdf
2020,2020-06-29,annual,25,"Proposed Reclassification and Pay Schedule (Administrative)",indefinitely_postponed,,,,2020_town_meeting_minutes_june_29_2020.pdf,https://marbleheadma.gov/wp-content/uploads/2025/03/2020_town_meeting_minutes_june_29_2020.pdf
2020,2020-06-29,annual,26,"Proposed Pay Schedule and Reclassification (Traffic Supervisors)",indefinitely_postponed,,,,2020_town_meeting_minutes_june_29_2020.pdf,https://marbleheadma.gov/wp-content/uploads/2025/03/2020_town_meeting_minutes_june_29_2020.pdf
2020,2020-06-29,annual,27,"Proposed Reclassification and Pay Schedule (Seasonal and Temporary Personnel)",indefinitely_postponed,,,,2020_town_meeting_minutes_june_29_2020.pdf,https://marbleheadma.gov/wp-content/uploads/2025/03/2020_town_meeting_minutes_june_29_2020.pdf
2020,2020-06-29,annual,28,"Compensation - Town Officers",adopted,,,,2020_town_meeting_minutes_june_29_2020.pdf,https://marbleheadma.gov/wp-content/uploads/2025/03/2020_town_meeting_minutes_june_29_2020.pdf
2020,2020-06-29,annual,29,"Ratification of Salary Bylaw",not_taken_up,,,,2020_town_meeting_minutes_june_29_2020.pdf,https://marbleheadma.gov/wp-content/uploads/2025/03/2020_town_meeting_minutes_june_29_2020.pdf
2020,2020-06-29,annual,30,"Affordable Housing / Tax Title Foreclosures",adopted,,,,2020_town_meeting_minutes_june_29_2020.pdf,https://marbleheadma.gov/wp-content/uploads/2025/03/2020_town_meeting_minutes_june_29_2020.pdf
2020,2020-06-29,annual,31,"Release Funds from Transportation Network",adopted,,,"meeting dissolved after this article",2020_town_meeting_minutes_june_29_2020.pdf,https://marbleheadma.gov/wp-content/uploads/2025/03/2020_town_meeting_minutes_june_29_2020.pdf
2020,2020-06-29,annual,32,"Library",not_taken_up,,,,2020_town_meeting_minutes_june_29_2020.pdf,https://marbleheadma.gov/wp-content/uploads/2025/03/2020_town_meeting_minutes_june_29_2020.pdf
2020,2020-06-29,annual,33,"Pumper Truck",not_taken_up,,,,2020_town_meeting_minutes_june_29_2020.pdf,https://marbleheadma.gov/wp-content/uploads/2025/03/2020_town_meeting_minutes_june_29_2020.pdf
2020,2020-06-29,annual,34,"Village/Vine/Pleasant",not_taken_up,,,,2020_town_meeting_minutes_june_29_2020.pdf,https://marbleheadma.gov/wp-content/uploads/2025/03/2020_town_meeting_minutes_june_29_2020.pdf
2020,2020-06-29,annual,35,"Reduction of Speed Limits",not_taken_up,,,,2020_town_meeting_minutes_june_29_2020.pdf,https://marbleheadma.gov/wp-content/uploads/2025/03/2020_town_meeting_minutes_june_29_2020.pdf
2020,2020-06-29,annual,36,"Council on Aging - Reduce Number of Board Members",not_taken_up,,,,2020_town_meeting_minutes_june_29_2020.pdf,https://marbleheadma.gov/wp-content/uploads/2025/03/2020_town_meeting_minutes_june_29_2020.pdf
2020,2020-06-29,annual,37,"Hotel Tax",not_taken_up,,,,2020_town_meeting_minutes_june_29_2020.pdf,https://marbleheadma.gov/wp-content/uploads/2025/03/2020_town_meeting_minutes_june_29_2020.pdf
2020,2020-06-29,annual,38,"Meals Tax",not_taken_up,,,,2020_town_meeting_minutes_june_29_2020.pdf,https://marbleheadma.gov/wp-content/uploads/2025/03/2020_town_meeting_minutes_june_29_2020.pdf
2020,2020-06-29,annual,39,"Land Acquisition 45-49 Pleasant Street",not_taken_up,,,,2020_town_meeting_minutes_june_29_2020.pdf,https://marbleheadma.gov/wp-content/uploads/2025/03/2020_town_meeting_minutes_june_29_2020.pdf
2020,2020-06-29,annual,40,"Leaf Blowers",not_taken_up,,,,2020_town_meeting_minutes_june_29_2020.pdf,https://marbleheadma.gov/wp-content/uploads/2025/03/2020_town_meeting_minutes_june_29_2020.pdf
2020,2020-06-29,annual,41,"Demolition by Neglect",not_taken_up,,,,2020_town_meeting_minutes_june_29_2020.pdf,https://marbleheadma.gov/wp-content/uploads/2025/03/2020_town_meeting_minutes_june_29_2020.pdf
2020,2020-06-29,annual,42,"Amend the Bylaws of the Old and Historic District Commission",not_taken_up,,,,2020_town_meeting_minutes_june_29_2020.pdf,https://marbleheadma.gov/wp-content/uploads/2025/03/2020_town_meeting_minutes_june_29_2020.pdf
2020,2020-06-29,annual,43,"Add provision to Section 110-4, Structures/features not requiring certificates of appropriateness",not_taken_up,,,,2020_town_meeting_minutes_june_29_2020.pdf,https://marbleheadma.gov/wp-content/uploads/2025/03/2020_town_meeting_minutes_june_29_2020.pdf
2020,2020-06-29,annual,44,"Sustainable Marblehead - Greenhouse Gas Emissions",not_taken_up,,,,2020_town_meeting_minutes_june_29_2020.pdf,https://marbleheadma.gov/wp-content/uploads/2025/03/2020_town_meeting_minutes_june_29_2020.pdf
2020,2020-06-29,annual,45,"Sustainability Coordinator",not_taken_up,,,,2020_town_meeting_minutes_june_29_2020.pdf,https://marbleheadma.gov/wp-content/uploads/2025/03/2020_town_meeting_minutes_june_29_2020.pdf
2020,2020-06-29,annual,46,"Stabilization Account",not_taken_up,,,,2020_town_meeting_minutes_june_29_2020.pdf,https://marbleheadma.gov/wp-content/uploads/2025/03/2020_town_meeting_minutes_june_29_2020.pdf
2020,2020-06-29,annual,47,"Security Required for Certain Contracts",not_taken_up,,,,2020_town_meeting_minutes_june_29_2020.pdf,https://marbleheadma.gov/wp-content/uploads/2025/03/2020_town_meeting_minutes_june_29_2020.pdf
2020,2020-06-29,annual,48,"Deed Restriction Pickett House",not_taken_up,,,,2020_town_meeting_minutes_june_29_2020.pdf,https://marbleheadma.gov/wp-content/uploads/2025/03/2020_town_meeting_minutes_june_29_2020.pdf
2020,2020-06-29,annual,49,"Amend Bylaw, Signs",not_taken_up,,,,2020_town_meeting_minutes_june_29_2020.pdf,https://marbleheadma.gov/wp-content/uploads/2025/03/2020_town_meeting_minutes_june_29_2020.pdf
2020,2020-06-29,annual,50,"Supplemental Appropriation for the Schools",not_taken_up,,,,2020_town_meeting_minutes_june_29_2020.pdf,https://marbleheadma.gov/wp-content/uploads/2025/03/2020_town_meeting_minutes_june_29_2020.pdf
2020,2020-06-29,annual,51,"Supplemental Expenses of Several Departments",not_taken_up,,,,2020_town_meeting_minutes_june_29_2020.pdf,https://marbleheadma.gov/wp-content/uploads/2025/03/2020_town_meeting_minutes_june_29_2020.pdf
2020,2020-10-17,special,1,"Articles in Numerical Order",adopted,,,,2020_special_town_meeting_minutes_oct_17_2020.pdf,https://marbleheadma.gov/wp-content/uploads/2025/03/2020_special_town_meeting_minutes_oct_17_2020.pdf
2020,2020-10-17,special,2,"Reports of Town Officers and Committees",adopted,,,,2020_special_town_meeting_minutes_oct_17_2020.pdf,https://marbleheadma.gov/wp-content/uploads/2025/03/2020_special_town_meeting_minutes_oct_17_2020.pdf
2020,2020-10-17,special,3,"Assume Liability",adopted,,,,2020_special_town_meeting_minutes_oct_17_2020.pdf,https://marbleheadma.gov/wp-content/uploads/2025/03/2020_special_town_meeting_minutes_oct_17_2020.pdf
2020,2020-10-17,special,4,"Accept Trust Property",indefinitely_postponed,,,,2020_special_town_meeting_minutes_oct_17_2020.pdf,https://marbleheadma.gov/wp-content/uploads/2025/03/2020_special_town_meeting_minutes_oct_17_2020.pdf
2020,2020-10-17,special,5,"Lease Town Property",adopted,,,,2020_special_town_meeting_minutes_oct_17_2020.pdf,https://marbleheadma.gov/wp-content/uploads/2025/03/2020_special_town_meeting_minutes_oct_17_2020.pdf
2020,2020-10-17,special,6,"Contracts For More Than Three Years",adopted,,,,2020_special_town_meeting_minutes_oct_17_2020.pdf,https://marbleheadma.gov/wp-content/uploads/2025/03/2020_special_town_meeting_minutes_oct_17_2020.pdf
2020,2020-10-17,special,7,"Walls and Fences",indefinitely_postponed,,,,2020_special_town_meeting_minutes_oct_17_2020.pdf,https://marbleheadma.gov/wp-content/uploads/2025/03/2020_special_town_meeting_minutes_oct_17_2020.pdf
2020,2020-10-17,special,8,"Water and Sewer Commission Claims",adopted,,,,2020_special_town_meeting_minutes_oct_17_2020.pdf,https://marbleheadma.gov/wp-content/uploads/2025/03/2020_special_town_meeting_minutes_oct_17_2020.pdf
2020,2020-10-17,special,9,"Transfer of funds to Special Education Stabilization Account",indefinitely_postponed,,,,2020_special_town_meeting_minutes_oct_17_2020.pdf,https://marbleheadma.gov/wp-content/uploads/2025/03/2020_special_town_meeting_minutes_oct_17_2020.pdf
2020,2020-10-17,special,10,"Unpaid Accounts",adopted,,,,2020_special_town_meeting_minutes_oct_17_2020.pdf,https://marbleheadma.gov/wp-content/uploads/2025/03/2020_special_town_meeting_minutes_oct_17_2020.pdf
2020,2020-10-17,special,11,"Medicaid Reimbursement Money",indefinitely_postponed,,,,2020_special_town_meeting_minutes_oct_17_2020.pdf,https://marbleheadma.gov/wp-content/uploads/2025/03/2020_special_town_meeting_minutes_oct_17_2020.pdf
2020,2020-10-17,special,12,"Parking Tickets Increased Fee for Snow Emergency",adopted,,,,2020_special_town_meeting_minutes_oct_17_2020.pdf,https://marbleheadma.gov/wp-content/uploads/2025/03/2020_special_town_meeting_minutes_oct_17_2020.pdf
2020,2020-10-17,special,13,"End Overnight Parking Ban",adopted,,,"proposed amendment not approved",2020_special_town_meeting_minutes_oct_17_2020.pdf,https://marbleheadma.gov/wp-content/uploads/2025/03/2020_special_town_meeting_minutes_oct_17_2020.pdf
2020,2020-10-17,special,14,"Financial Assistance for Conservation",adopted,,,,2020_special_town_meeting_minutes_oct_17_2020.pdf,https://marbleheadma.gov/wp-content/uploads/2025/03/2020_special_town_meeting_minutes_oct_17_2020.pdf
2020,2020-10-17,special,15,"Ratification of Salary Bylaw",indefinitely_postponed,,,,2020_special_town_meeting_minutes_oct_17_2020.pdf,https://marbleheadma.gov/wp-content/uploads/2025/03/2020_special_town_meeting_minutes_oct_17_2020.pdf
2020,2020-10-17,special,16,"Library",indefinitely_postponed,,,,2020_special_town_meeting_minutes_oct_17_2020.pdf,https://marbleheadma.gov/wp-content/uploads/2025/03/2020_special_town_meeting_minutes_oct_17_2020.pdf
2020,2020-10-17,special,17,"Pumper Truck",indefinitely_postponed,,,,2020_special_town_meeting_minutes_oct_17_2020.pdf,https://marbleheadma.gov/wp-content/uploads/2025/03/2020_special_town_meeting_minutes_oct_17_2020.pdf
2020,2020-10-17,special,18,"Village/Vine/Pleasant Gift (195 Pleasant St)",adopted,,,,2020_special_town_meeting_minutes_oct_17_2020.pdf,https://marbleheadma.gov/wp-content/uploads/2025/03/2020_special_town_meeting_minutes_oct_17_2020.pdf
2020,2020-10-17,special,19,"Village/Vine/Pleasant Taking for Road Improvement",adopted,246,23,"two-thirds achieved",2020_special_town_meeting_minutes_oct_17_2020.pdf,https://marbleheadma.gov/wp-content/uploads/2025/03/2020_special_town_meeting_minutes_oct_17_2020.pdf
2020,2020-10-17,special,20,"Reduction in Speed Limits",adopted,,,,2020_special_town_meeting_minutes_oct_17_2020.pdf,https://marbleheadma.gov/wp-content/uploads/2025/03/2020_special_town_meeting_minutes_oct_17_2020.pdf
2020,2020-10-17,special,21,"Council on Aging - Reduce Board Members 9 to 7",adopted,,,,2020_special_town_meeting_minutes_oct_17_2020.pdf,https://marbleheadma.gov/wp-content/uploads/2025/03/2020_special_town_meeting_minutes_oct_17_2020.pdf
2020,2020-10-17,special,22,"Hotel Tax",indefinitely_postponed,,,,2020_special_town_meeting_minutes_oct_17_2020.pdf,https://marbleheadma.gov/wp-content/uploads/2025/03/2020_special_town_meeting_minutes_oct_17_2020.pdf
2020,2020-10-17,special,23,"Meals Tax",indefinitely_postponed,,,,2020_special_town_meeting_minutes_oct_17_2020.pdf,https://marbleheadma.gov/wp-content/uploads/2025/03/2020_special_town_meeting_minutes_oct_17_2020.pdf
2020,2020-10-17,special,24,"Land Acquisition 45-49 Pleasant Street",indefinitely_postponed,,,,2020_special_town_meeting_minutes_oct_17_2020.pdf,https://marbleheadma.gov/wp-content/uploads/2025/03/2020_special_town_meeting_minutes_oct_17_2020.pdf
2020,2020-10-17,special,25,"Leaf Blowers",indefinitely_postponed,120,111,"tally is on the motion to indefinitely postpone",2020_special_town_meeting_minutes_oct_17_2020.pdf,https://marbleheadma.gov/wp-content/uploads/2025/03/2020_special_town_meeting_minutes_oct_17_2020.pdf
2020,2020-10-17,special,26,"Demolition by Neglect",indefinitely_postponed,,,,2020_special_town_meeting_minutes_oct_17_2020.pdf,https://marbleheadma.gov/wp-content/uploads/2025/03/2020_special_town_meeting_minutes_oct_17_2020.pdf
2020,2020-10-17,special,27,"Amend Old and Historic Bylaws",indefinitely_postponed,,,,2020_special_town_meeting_minutes_oct_17_2020.pdf,https://marbleheadma.gov/wp-content/uploads/2025/03/2020_special_town_meeting_minutes_oct_17_2020.pdf
2020,2020-10-17,special,28,"Amend Provisions for Certificates of Appropriateness (OHDC)",indefinitely_postponed,,,,2020_special_town_meeting_minutes_oct_17_2020.pdf,https://marbleheadma.gov/wp-content/uploads/2025/03/2020_special_town_meeting_minutes_oct_17_2020.pdf
2020,2020-10-17,special,29,"Sustainable Marblehead Greenhouse Gas Emissions",indefinitely_postponed,,,,2020_special_town_meeting_minutes_oct_17_2020.pdf,https://marbleheadma.gov/wp-content/uploads/2025/03/2020_special_town_meeting_minutes_oct_17_2020.pdf
2020,2020-10-17,special,30,"Sustainability Coordinator",indefinitely_postponed,,,,2020_special_town_meeting_minutes_oct_17_2020.pdf,https://marbleheadma.gov/wp-content/uploads/2025/03/2020_special_town_meeting_minutes_oct_17_2020.pdf
2020,2020-10-17,special,31,"Stabilization Account",adopted,,,"unanimous; establishes General Stabilization Fund under G.L. c.40 s.5B",2020_special_town_meeting_minutes_oct_17_2020.pdf,https://marbleheadma.gov/wp-content/uploads/2025/03/2020_special_town_meeting_minutes_oct_17_2020.pdf
2020,2020-10-17,special,32,"Security Required for Certain Contracts",adopted,,,,2020_special_town_meeting_minutes_oct_17_2020.pdf,https://marbleheadma.gov/wp-content/uploads/2025/03/2020_special_town_meeting_minutes_oct_17_2020.pdf
2020,2020-10-17,special,33,"Deed Restriction Pickett House (10 Franklin St)",adopted,,,"unanimous",2020_special_town_meeting_minutes_oct_17_2020.pdf,https://marbleheadma.gov/wp-content/uploads/2025/03/2020_special_town_meeting_minutes_oct_17_2020.pdf
2020,2020-10-17,special,34,"Amend Bylaw, Signs",indefinitely_postponed,,,,2020_special_town_meeting_minutes_oct_17_2020.pdf,https://marbleheadma.gov/wp-content/uploads/2025/03/2020_special_town_meeting_minutes_oct_17_2020.pdf
2020,2020-10-17,special,35,"Supplemental Appropriation for the Schools",indefinitely_postponed,,,,2020_special_town_meeting_minutes_oct_17_2020.pdf,https://marbleheadma.gov/wp-content/uploads/2025/03/2020_special_town_meeting_minutes_oct_17_2020.pdf
2020,2020-10-17,special,36,"Supplemental Expenses of Several Departments",indefinitely_postponed,,,,2020_special_town_meeting_minutes_oct_17_2020.pdf,https://marbleheadma.gov/wp-content/uploads/2025/03/2020_special_town_meeting_minutes_oct_17_2020.pdf
2021,2021-05-03,annual,1,"Articles in Numerical Order",adopted,,,,2021_town_meeting_minutes_may_3_2021.pdf,https://marbleheadma.gov/wp-content/uploads/2025/03/2021_town_meeting_minutes_may_3_2021.pdf
2021,2021-05-03,annual,2,"Reports of Town Officers and Committees",adopted,,,,2021_town_meeting_minutes_may_3_2021.pdf,https://marbleheadma.gov/wp-content/uploads/2025/03/2021_town_meeting_minutes_may_3_2021.pdf
2021,2021-05-03,annual,3,"Assume Liability",adopted,,,,2021_town_meeting_minutes_may_3_2021.pdf,https://marbleheadma.gov/wp-content/uploads/2025/03/2021_town_meeting_minutes_may_3_2021.pdf
2021,2021-05-03,annual,4,"Accept Trust Property",indefinitely_postponed,,,,2021_town_meeting_minutes_may_3_2021.pdf,https://marbleheadma.gov/wp-content/uploads/2025/03/2021_town_meeting_minutes_may_3_2021.pdf
2021,2021-05-03,annual,5,"Lease Town Property",adopted,,,,2021_town_meeting_minutes_may_3_2021.pdf,https://marbleheadma.gov/wp-content/uploads/2025/03/2021_town_meeting_minutes_may_3_2021.pdf
2021,2021-05-03,annual,6,"Contracts in Excess of Three Years",adopted,,,,2021_town_meeting_minutes_may_3_2021.pdf,https://marbleheadma.gov/wp-content/uploads/2025/03/2021_town_meeting_minutes_may_3_2021.pdf
2021,2021-05-03,annual,7,"Departmental Revolving Funds",adopted,,,"adds Hobbs Memorial Building fund",2021_town_meeting_minutes_may_3_2021.pdf,https://marbleheadma.gov/wp-content/uploads/2025/03/2021_town_meeting_minutes_may_3_2021.pdf
2021,2021-05-03,annual,8,"Purchase of Equipment of Several Departments",adopted,,,,2021_town_meeting_minutes_may_3_2021.pdf,https://marbleheadma.gov/wp-content/uploads/2025/03/2021_town_meeting_minutes_may_3_2021.pdf
2021,2021-05-03,annual,9,"Lease Purchase",adopted,,,"unanimous",2021_town_meeting_minutes_may_3_2021.pdf,https://marbleheadma.gov/wp-content/uploads/2025/03/2021_town_meeting_minutes_may_3_2021.pdf
2021,2021-05-03,annual,10,"Capital Improvements Public Buildings",adopted,,,"funded from Gerry School sale proceeds",2021_town_meeting_minutes_may_3_2021.pdf,https://marbleheadma.gov/wp-content/uploads/2025/03/2021_town_meeting_minutes_may_3_2021.pdf
2021,2021-05-03,annual,11,"Walls and Fences",indefinitely_postponed,,,,2021_town_meeting_minutes_may_3_2021.pdf,https://marbleheadma.gov/wp-content/uploads/2025/03/2021_town_meeting_minutes_may_3_2021.pdf
2021,2021-05-03,annual,12,"Water Department Construction",adopted,,,"unanimous",2021_town_meeting_minutes_may_3_2021.pdf,https://marbleheadma.gov/wp-content/uploads/2025/03/2021_town_meeting_minutes_may_3_2021.pdf
2021,2021-05-03,annual,13,"Sewer Department Construction",adopted,,,"unanimous",2021_town_meeting_minutes_may_3_2021.pdf,https://marbleheadma.gov/wp-content/uploads/2025/03/2021_town_meeting_minutes_may_3_2021.pdf
2021,2021-05-03,annual,14,"Water and Sewer Commission Claims",adopted,,,,2021_town_meeting_minutes_may_3_2021.pdf,https://marbleheadma.gov/wp-content/uploads/2025/03/2021_town_meeting_minutes_may_3_2021.pdf
2021,2021-05-03,annual,15,"Storm Drain Construction",adopted,,,,2021_town_meeting_minutes_may_3_2021.pdf,https://marbleheadma.gov/wp-content/uploads/2025/03/2021_town_meeting_minutes_may_3_2021.pdf
2021,2021-05-03,annual,16,"Essex North Shore Agricultural and Technical School District",adopted,,,,2021_town_meeting_minutes_may_3_2021.pdf,https://marbleheadma.gov/wp-content/uploads/2025/03/2021_town_meeting_minutes_may_3_2021.pdf
2021,2021-05-03,annual,17,"Available Funds Appropriated to Reduce the Tax Rate",adopted,,,,2021_town_meeting_minutes_may_3_2021.pdf,https://marbleheadma.gov/wp-content/uploads/2025/03/2021_town_meeting_minutes_may_3_2021.pdf
2021,2021-05-03,annual,18,"Unpaid Accounts",adopted,,,"unanimous",2021_town_meeting_minutes_may_3_2021.pdf,https://marbleheadma.gov/wp-content/uploads/2025/03/2021_town_meeting_minutes_may_3_2021.pdf
2021,2021-05-03,annual,19,"Transfer Funds to Special Education Stabilization Account",indefinitely_postponed,,,,2021_town_meeting_minutes_may_3_2021.pdf,https://marbleheadma.gov/wp-content/uploads/2025/03/2021_town_meeting_minutes_may_3_2021.pdf
2021,2021-05-03,annual,20,"Collective Bargaining (Fire)",adopted,,,,2021_town_meeting_minutes_may_3_2021.pdf,https://marbleheadma.gov/wp-content/uploads/2025/03/2021_town_meeting_minutes_may_3_2021.pdf
2021,2021-05-03,annual,21,"Collective Bargaining (Police)",indefinitely_postponed,,,,2021_town_meeting_minutes_may_3_2021.pdf,https://marbleheadma.gov/wp-content/uploads/2025/03/2021_town_meeting_minutes_may_3_2021.pdf
2021,2021-05-03,annual,22,"Collective Bargaining (IUE/CWA - Local 1776)",indefinitely_postponed,,,,2021_town_meeting_minutes_may_3_2021.pdf,https://marbleheadma.gov/wp-content/uploads/2025/03/2021_town_meeting_minutes_may_3_2021.pdf
2021,2021-05-03,annual,23,"Expenses of Several Departments",adopted,,,"omnibus operating budget",2021_town_meeting_minutes_may_3_2021.pdf,https://marbleheadma.gov/wp-content/uploads/2025/03/2021_town_meeting_minutes_may_3_2021.pdf
2021,2021-05-03,annual,24,"Financial Assistance for Conservation",adopted,,,,2021_town_meeting_minutes_may_3_2021.pdf,https://marbleheadma.gov/wp-content/uploads/2025/03/2021_town_meeting_minutes_may_3_2021.pdf
2021,2021-05-03,annual,25,"Proposed Reclassification and Pay Schedule (Administrative)",adopted,,,,2021_town_meeting_minutes_may_3_2021.pdf,https://marbleheadma.gov/wp-content/uploads/2025/03/2021_town_meeting_minutes_may_3_2021.pdf
2021,2021-05-03,annual,26,"Proposed Reclassification and Pay Schedule (Traffic Supervisors)",adopted,,,,2021_town_meeting_minutes_may_3_2021.pdf,https://marbleheadma.gov/wp-content/uploads/2025/03/2021_town_meeting_minutes_may_3_2021.pdf
2021,2021-05-03,annual,27,"Proposed Reclassification and Pay Schedule (Seasonal and Temporary Personnel)",adopted,,,,2021_town_meeting_minutes_may_3_2021.pdf,https://marbleheadma.gov/wp-content/uploads/2025/03/2021_town_meeting_minutes_may_3_2021.pdf
2021,2021-05-03,annual,28,"Compensation - Town Officers",adopted,,,,2021_town_meeting_minutes_may_3_2021.pdf,https://marbleheadma.gov/wp-content/uploads/2025/03/2021_town_meeting_minutes_may_3_2021.pdf
2021,2021-05-03,annual,29,"Pay Schedule and Reclassification (Administrative)",adopted,,,"transfer from Salary Reserve",2021_town_meeting_minutes_may_3_2021.pdf,https://marbleheadma.gov/wp-content/uploads/2025/03/2021_town_meeting_minutes_may_3_2021.pdf
2021,2021-05-03,annual,30,"Affordable Housing / Tax Title Foreclosures",adopted,,,"unanimous",2021_town_meeting_minutes_may_3_2021.pdf,https://marbleheadma.gov/wp-content/uploads/2025/03/2021_town_meeting_minutes_may_3_2021.pdf
2021,2021-05-03,annual,31,"Release Funds from Transportation Network",adopted,,,,2021_town_meeting_minutes_may_3_2021.pdf,https://marbleheadma.gov/wp-content/uploads/2025/03/2021_town_meeting_minutes_may_3_2021.pdf
2021,2021-05-03,annual,32,"Pumper Truck",adopted,,,"unanimous; contingent on Prop 2.5 debt exclusion",2021_town_meeting_minutes_may_3_2021.pdf,https://marbleheadma.gov/wp-content/uploads/2025/03/2021_town_meeting_minutes_may_3_2021.pdf
2021,2021-05-03,annual,33,"Amend the Bylaw / Demolition by Neglect",adopted,,,"new Chapter 111",2021_town_meeting_minutes_may_3_2021.pdf,https://marbleheadma.gov/wp-content/uploads/2025/03/2021_town_meeting_minutes_may_3_2021.pdf
2021,2021-05-03,annual,34,"Amend the Bylaw / Old and Historic District Commission",adopted,,,"Chapter 110",2021_town_meeting_minutes_may_3_2021.pdf,https://marbleheadma.gov/wp-content/uploads/2025/03/2021_town_meeting_minutes_may_3_2021.pdf
2021,2021-05-03,annual,35,"Abbot Public Library",adopted,396,30,"contingent on Prop 2.5 debt exclusion",2021_town_meeting_minutes_may_3_2021.pdf,https://marbleheadma.gov/wp-content/uploads/2025/03/2021_town_meeting_minutes_may_3_2021.pdf
2021,2021-05-03,annual,36,"Joseph Brown Conservation Area",adopted,255,131,"advisory only",2021_town_meeting_minutes_may_3_2021.pdf,https://marbleheadma.gov/wp-content/uploads/2025/03/2021_town_meeting_minutes_may_3_2021.pdf
2021,2021-05-03,annual,37,"Transparency and Accountability",defeated,,,,2021_town_meeting_minutes_may_3_2021.pdf,https://marbleheadma.gov/wp-content/uploads/2025/03/2021_town_meeting_minutes_may_3_2021.pdf
2021,2021-05-03,annual,38,"Peace and Good Order",defeated,,,,2021_town_meeting_minutes_may_3_2021.pdf,https://marbleheadma.gov/wp-content/uploads/2025/03/2021_town_meeting_minutes_may_3_2021.pdf
2021,2021-05-03,annual,39,"Board of Selectmen",indefinitely_postponed,,,,2021_town_meeting_minutes_may_3_2021.pdf,https://marbleheadma.gov/wp-content/uploads/2025/03/2021_town_meeting_minutes_may_3_2021.pdf
2021,2021-05-03,annual,40,"Diversity",defeated,,,,2021_town_meeting_minutes_may_3_2021.pdf,https://marbleheadma.gov/wp-content/uploads/2025/03/2021_town_meeting_minutes_may_3_2021.pdf
2021,2021-05-03,annual,41,"Common Sense Sidewalk Snow Removal Bylaw",defeated,146,148,,2021_town_meeting_minutes_may_3_2021.pdf,https://marbleheadma.gov/wp-content/uploads/2025/03/2021_town_meeting_minutes_may_3_2021.pdf
2021,2021-05-03,annual,42,"3-Year Staggered Term for Selectmen",defeated,,,,2021_town_meeting_minutes_may_3_2021.pdf,https://marbleheadma.gov/wp-content/uploads/2025/03/2021_town_meeting_minutes_may_3_2021.pdf
2021,2021-05-03,annual,43,"MWRA Local Water System Assistance Program",adopted,,,"interest-free loan",2021_town_meeting_minutes_may_3_2021.pdf,https://marbleheadma.gov/wp-content/uploads/2025/03/2021_town_meeting_minutes_may_3_2021.pdf
2021,2021-05-03,annual,44,"Compensation",indefinitely_postponed,,,,2021_town_meeting_minutes_may_3_2021.pdf,https://marbleheadma.gov/wp-content/uploads/2025/03/2021_town_meeting_minutes_may_3_2021.pdf
2021,2021-05-03,annual,45,"Transfer of Property (21 Lincoln Ave)",adopted,,,"unanimous; school to Light Department",2021_town_meeting_minutes_may_3_2021.pdf,https://marbleheadma.gov/wp-content/uploads/2025/03/2021_town_meeting_minutes_may_3_2021.pdf
2021,2021-05-03,annual,46,"Amend General Bylaw, Stormwater (Chapter 195)",adopted,,,,2021_town_meeting_minutes_may_3_2021.pdf,https://marbleheadma.gov/wp-content/uploads/2025/03/2021_town_meeting_minutes_may_3_2021.pdf
2021,2021-05-03,annual,47,"Use of Gas-Powered Leaf Blowers",indefinitely_postponed,,,,2021_town_meeting_minutes_may_3_2021.pdf,https://marbleheadma.gov/wp-content/uploads/2025/03/2021_town_meeting_minutes_may_3_2021.pdf
2021,2021-05-03,annual,48,"Supplemental Appropriation for the Schools",indefinitely_postponed,,,,2021_town_meeting_minutes_may_3_2021.pdf,https://marbleheadma.gov/wp-content/uploads/2025/03/2021_town_meeting_minutes_may_3_2021.pdf
2021,2021-05-03,annual,49,"Supplemental Expenses of Several Departments",indefinitely_postponed,,,,2021_town_meeting_minutes_may_3_2021.pdf,https://marbleheadma.gov/wp-content/uploads/2025/03/2021_town_meeting_minutes_may_3_2021.pdf
2022,2022-05-02,annual,1,"Articles in Numerical Order",adopted,,,,Annual-Report-2022.pdf,https://marbleheadma.gov/wp-content/uploads/2025/04/Annual-Report-2022.pdf
2022,2022-05-02,annual,2,"Reports of Town Officers and Committees",adopted,,,,Annual-Report-2022.pdf,https://marbleheadma.gov/wp-content/uploads/2025/04/Annual-Report-2022.pdf
2022,2022-05-02,annual,3,"Assume Liability",adopted,,,,Annual-Report-2022.pdf,https://marbleheadma.gov/wp-content/uploads/2025/04/Annual-Report-2022.pdf
2022,2022-05-02,annual,4,"Accept Trust Property",indefinitely_postponed,,,,Annual-Report-2022.pdf,https://marbleheadma.gov/wp-content/uploads/2025/04/Annual-Report-2022.pdf
2022,2022-05-02,annual,5,"Lease Town Property",adopted,,,,Annual-Report-2022.pdf,https://marbleheadma.gov/wp-content/uploads/2025/04/Annual-Report-2022.pdf
2022,2022-05-02,annual,6,"Unpaid Accounts",adopted,,,,Annual-Report-2022.pdf,https://marbleheadma.gov/wp-content/uploads/2025/04/Annual-Report-2022.pdf
2022,2022-05-02,annual,7,"Contracts in Excess of Three Years",adopted,,,,Annual-Report-2022.pdf,https://marbleheadma.gov/wp-content/uploads/2025/04/Annual-Report-2022.pdf
2022,2022-05-02,annual,8,"Revolving Fund",adopted,,,,Annual-Report-2022.pdf,https://marbleheadma.gov/wp-content/uploads/2025/04/Annual-Report-2022.pdf
2022,2022-05-02,annual,9,"Purchase of Equipment of Several Departments",adopted,,,,Annual-Report-2022.pdf,https://marbleheadma.gov/wp-content/uploads/2025/04/Annual-Report-2022.pdf
2022,2022-05-02,annual,10,"Lease Purchase",adopted,,,,Annual-Report-2022.pdf,https://marbleheadma.gov/wp-content/uploads/2025/04/Annual-Report-2022.pdf
2022,2022-05-02,annual,11,"Capital Improvements Public Buildings",adopted,406,114,"paper ballot; two-thirds achieved",Annual-Report-2022.pdf,https://marbleheadma.gov/wp-content/uploads/2025/04/Annual-Report-2022.pdf
2022,2022-05-02,annual,12,"Walls and Fences",adopted,,,,Annual-Report-2022.pdf,https://marbleheadma.gov/wp-content/uploads/2025/04/Annual-Report-2022.pdf
2022,2022-05-02,annual,13,"Storm Drain Construction",adopted,,,,Annual-Report-2022.pdf,https://marbleheadma.gov/wp-content/uploads/2025/04/Annual-Report-2022.pdf
2022,2022-05-02,annual,14,"Water Department Construction",adopted,,,,Annual-Report-2022.pdf,https://marbleheadma.gov/wp-content/uploads/2025/04/Annual-Report-2022.pdf
2022,2022-05-02,annual,15,"Sewer Department Construction",adopted,,,,Annual-Report-2022.pdf,https://marbleheadma.gov/wp-content/uploads/2025/04/Annual-Report-2022.pdf
2022,2022-05-02,annual,16,"Water and Sewer Commission Claims",adopted,,,,Annual-Report-2022.pdf,https://marbleheadma.gov/wp-content/uploads/2025/04/Annual-Report-2022.pdf
2022,2022-05-02,annual,17,"Collective Bargaining (Fire)",adopted,,,,Annual-Report-2022.pdf,https://marbleheadma.gov/wp-content/uploads/2025/04/Annual-Report-2022.pdf
2022,2022-05-02,annual,18,"Collective Bargaining (Police)",adopted,,,,Annual-Report-2022.pdf,https://marbleheadma.gov/wp-content/uploads/2025/04/Annual-Report-2022.pdf
2022,2022-05-02,annual,19,"Collective Bargaining (IUE/CWA - Local 1776)",adopted,,,,Annual-Report-2022.pdf,https://marbleheadma.gov/wp-content/uploads/2025/04/Annual-Report-2022.pdf
2022,2022-05-02,annual,20,"Reclassification and Pay Schedule (Administrative)",adopted,,,,Annual-Report-2022.pdf,https://marbleheadma.gov/wp-content/uploads/2025/04/Annual-Report-2022.pdf
2022,2022-05-02,annual,21,"Reclassification and Pay Schedule (Traffic Supervisors)",adopted,,,,Annual-Report-2022.pdf,https://marbleheadma.gov/wp-content/uploads/2025/04/Annual-Report-2022.pdf
2022,2022-05-02,annual,22,"Reclassification and Pay Schedule (Seasonal and Temporary)",adopted,,,,Annual-Report-2022.pdf,https://marbleheadma.gov/wp-content/uploads/2025/04/Annual-Report-2022.pdf
2022,2022-05-02,annual,23,"Compensation - Town Officers",adopted,,,,Annual-Report-2022.pdf,https://marbleheadma.gov/wp-content/uploads/2025/04/Annual-Report-2022.pdf
2022,2022-05-02,annual,24,"Ratification of Salary Bylaw",adopted,,,,Annual-Report-2022.pdf,https://marbleheadma.gov/wp-content/uploads/2025/04/Annual-Report-2022.pdf
2022,2022-05-02,annual,25,"Financial Assistance Conservation",adopted,,,,Annual-Report-2022.pdf,https://marbleheadma.gov/wp-content/uploads/2025/04/Annual-Report-2022.pdf
2022,2022-05-02,annual,26,"Essex North Shore Agricultural and Technical School District",adopted,,,,Annual-Report-2022.pdf,https://marbleheadma.gov/wp-content/uploads/2025/04/Annual-Report-2022.pdf
2022,2022-05-02,annual,27,"Transfer Funds to Special Education Stabilization Account",indefinitely_postponed,,,,Annual-Report-2022.pdf,https://marbleheadma.gov/wp-content/uploads/2025/04/Annual-Report-2022.pdf
2022,2022-05-02,annual,28,"Release Funds from Transportation Network",adopted,,,,Annual-Report-2022.pdf,https://marbleheadma.gov/wp-content/uploads/2025/04/Annual-Report-2022.pdf
2022,2022-05-02,annual,29,"Available Funds Appropriated to Reduce the Tax Rate",adopted,,,,Annual-Report-2022.pdf,https://marbleheadma.gov/wp-content/uploads/2025/04/Annual-Report-2022.pdf
2022,2022-05-02,annual,30,"Expense of Several Departments",adopted,,,"omnibus FY23 operating budget",Annual-Report-2022.pdf,https://marbleheadma.gov/wp-content/uploads/2025/04/Annual-Report-2022.pdf
2022,2022-05-02,annual,31,"Summer Break from Gas-Powered Leaf Blowers",adopted,254,202,"ban Memorial Day to Labor Day",Annual-Report-2022.pdf,https://marbleheadma.gov/wp-content/uploads/2025/04/Annual-Report-2022.pdf
2022,2022-05-02,annual,32,"Land Acknowledgement",adopted,,,,Annual-Report-2022.pdf,https://marbleheadma.gov/wp-content/uploads/2025/04/Annual-Report-2022.pdf
2022,2022-05-02,annual,33,"Allocation of Land for Off-Road Bike Park",adopted,,,"unanimous",Annual-Report-2022.pdf,https://marbleheadma.gov/wp-content/uploads/2025/04/Annual-Report-2022.pdf
2022,2022-05-02,annual,34,"Mooring Fees in Marblehead Waters",adopted,,,,Annual-Report-2022.pdf,https://marbleheadma.gov/wp-content/uploads/2025/04/Annual-Report-2022.pdf
2022,2022-05-02,annual,35,"Diversity Statement Amendment",adopted,,,,Annual-Report-2022.pdf,https://marbleheadma.gov/wp-content/uploads/2025/04/Annual-Report-2022.pdf
2022,2022-05-02,annual,36,"Standard Operating Procedures Amendment",defeated,168,176,,Annual-Report-2022.pdf,https://marbleheadma.gov/wp-content/uploads/2025/04/Annual-Report-2022.pdf
2022,2022-05-02,annual,37,"Work Associated with the New Transfer Station Building",indefinitely_postponed,,,,Annual-Report-2022.pdf,https://marbleheadma.gov/wp-content/uploads/2025/04/Annual-Report-2022.pdf
2022,2022-05-02,annual,38,"Work Associated with the Existing Transfer Station Building",indefinitely_postponed,,,,Annual-Report-2022.pdf,https://marbleheadma.gov/wp-content/uploads/2025/04/Annual-Report-2022.pdf
2022,2022-05-02,annual,39,"Home Rule Petition - Ballot Order",adopted,,,,Annual-Report-2022.pdf,https://marbleheadma.gov/wp-content/uploads/2025/04/Annual-Report-2022.pdf
2022,2022-05-02,annual,40,"Change Board of Selectmen to Select Board (General Bylaws)",adopted,,,,Annual-Report-2022.pdf,https://marbleheadma.gov/wp-content/uploads/2025/04/Annual-Report-2022.pdf
2022,2022-05-02,annual,41,"Change Board of Selectmen to Select Board (Zoning Bylaws)",adopted,338,5,"two-thirds achieved",Annual-Report-2022.pdf,https://marbleheadma.gov/wp-content/uploads/2025/04/Annual-Report-2022.pdf
2022,2022-05-02,annual,42,"Gender-neutral pronouns/nomenclature (General Bylaws)",adopted,,,,Annual-Report-2022.pdf,https://marbleheadma.gov/wp-content/uploads/2025/04/Annual-Report-2022.pdf
2022,2022-05-02,annual,43,"Gender-neutral pronouns/nomenclature (Zoning Bylaws)",adopted,336,7,,Annual-Report-2022.pdf,https://marbleheadma.gov/wp-content/uploads/2025/04/Annual-Report-2022.pdf
2022,2022-05-02,annual,44,"Open Meeting Law Compliance",adopted,,,"referred to study committee",Annual-Report-2022.pdf,https://marbleheadma.gov/wp-content/uploads/2025/04/Annual-Report-2022.pdf
2022,2022-05-02,annual,45,"Utility Easement - Lucretia and Joseph Brown School",indefinitely_postponed,,,,Annual-Report-2022.pdf,https://marbleheadma.gov/wp-content/uploads/2025/04/Annual-Report-2022.pdf
2022,2022-05-02,annual,46,"Supplemental Appropriation for the Schools",adopted,264,73,"contingent on Prop 2.5 override",Annual-Report-2022.pdf,https://marbleheadma.gov/wp-content/uploads/2025/04/Annual-Report-2022.pdf
2022,2022-05-02,annual,47,"Supplemental Appropriation for Several Departments",indefinitely_postponed,,,,Annual-Report-2022.pdf,https://marbleheadma.gov/wp-content/uploads/2025/04/Annual-Report-2022.pdf
2022,2022-05-02,annual,48,"School Capital Needs",indefinitely_postponed,,,,Annual-Report-2022.pdf,https://marbleheadma.gov/wp-content/uploads/2025/04/Annual-Report-2022.pdf
2023,2023-05-01,annual,1,"Articles in Numerical Order",adopted,,,,Annual-Report-2023.pdf,https://marbleheadma.gov/wp-content/uploads/2025/04/Annual-Report-2023.pdf
2023,2023-05-01,annual,2,"Reports of Town Officers and Committees",adopted,,,,Annual-Report-2023.pdf,https://marbleheadma.gov/wp-content/uploads/2025/04/Annual-Report-2023.pdf
2023,2023-05-01,annual,3,"Assume Liability",adopted,,,,Annual-Report-2023.pdf,https://marbleheadma.gov/wp-content/uploads/2025/04/Annual-Report-2023.pdf
2023,2023-05-01,annual,4,"Accept Trust Property",indefinitely_postponed,,,,Annual-Report-2023.pdf,https://marbleheadma.gov/wp-content/uploads/2025/04/Annual-Report-2023.pdf
2023,2023-05-01,annual,5,"Lease Town Property",adopted,,,,Annual-Report-2023.pdf,https://marbleheadma.gov/wp-content/uploads/2025/04/Annual-Report-2023.pdf
2023,2023-05-01,annual,6,"Unpaid Accounts",adopted,,,"unanimous",Annual-Report-2023.pdf,https://marbleheadma.gov/wp-content/uploads/2025/04/Annual-Report-2023.pdf
2023,2023-05-01,annual,7,"Contracts in Excess of Three Years",adopted,,,,Annual-Report-2023.pdf,https://marbleheadma.gov/wp-content/uploads/2025/04/Annual-Report-2023.pdf
2023,2023-05-01,annual,8,"Revolving Fund",adopted,,,,Annual-Report-2023.pdf,https://marbleheadma.gov/wp-content/uploads/2025/04/Annual-Report-2023.pdf
2023,2023-05-01,annual,9,"Purchase of Equipment of Several Departments",adopted,,,,Annual-Report-2023.pdf,https://marbleheadma.gov/wp-content/uploads/2025/04/Annual-Report-2023.pdf
2023,2023-05-01,annual,10,"Lease Purchase",adopted,668,17,"hand count",Annual-Report-2023.pdf,https://marbleheadma.gov/wp-content/uploads/2025/04/Annual-Report-2023.pdf
2023,2023-05-01,annual,11,"Capital Improvements Public Buildings",adopted,,,,Annual-Report-2023.pdf,https://marbleheadma.gov/wp-content/uploads/2025/04/Annual-Report-2023.pdf
2023,2023-05-01,annual,12,"School Capital Needs",indefinitely_postponed,,,,Annual-Report-2023.pdf,https://marbleheadma.gov/wp-content/uploads/2025/04/Annual-Report-2023.pdf
2023,2023-05-01,annual,13,"Walls and Fences",adopted,,,,Annual-Report-2023.pdf,https://marbleheadma.gov/wp-content/uploads/2025/04/Annual-Report-2023.pdf
2023,2023-05-01,annual,14,"Storm Drainage Construction",adopted,,,,Annual-Report-2023.pdf,https://marbleheadma.gov/wp-content/uploads/2025/04/Annual-Report-2023.pdf
2023,2023-05-01,annual,15,"Water Department Construction",adopted,,,,Annual-Report-2023.pdf,https://marbleheadma.gov/wp-content/uploads/2025/04/Annual-Report-2023.pdf
2023,2023-05-01,annual,16,"Sewer Department Construction",adopted,,,,Annual-Report-2023.pdf,https://marbleheadma.gov/wp-content/uploads/2025/04/Annual-Report-2023.pdf
2023,2023-05-01,annual,17,"MWRA Local Water System Assistance Program",adopted,610,1,"hand count; interest-free loan",Annual-Report-2023.pdf,https://marbleheadma.gov/wp-content/uploads/2025/04/Annual-Report-2023.pdf
2023,2023-05-01,annual,18,"Water and Sewer Commission Claims",adopted,,,,Annual-Report-2023.pdf,https://marbleheadma.gov/wp-content/uploads/2025/04/Annual-Report-2023.pdf
2023,2023-05-01,annual,19,"Reclassification and Pay Schedule (Administrative)",adopted,,,,Annual-Report-2023.pdf,https://marbleheadma.gov/wp-content/uploads/2025/04/Annual-Report-2023.pdf
2023,2023-05-01,annual,20,"Reclassification and Pay Schedule (Traffic Supervisors)",adopted,,,,Annual-Report-2023.pdf,https://marbleheadma.gov/wp-content/uploads/2025/04/Annual-Report-2023.pdf
2023,2023-05-01,annual,21,"Reclassification and Pay Schedule (Seasonal and Temporary)",adopted,,,,Annual-Report-2023.pdf,https://marbleheadma.gov/wp-content/uploads/2025/04/Annual-Report-2023.pdf
2023,2023-05-01,annual,22,"Compensation - Town Officers",adopted,,,,Annual-Report-2023.pdf,https://marbleheadma.gov/wp-content/uploads/2025/04/Annual-Report-2023.pdf
2023,2023-05-01,annual,23,"Ratification of Salary Bylaw",adopted,,,,Annual-Report-2023.pdf,https://marbleheadma.gov/wp-content/uploads/2025/04/Annual-Report-2023.pdf
2023,2023-05-01,annual,24,"Amend General Bylaws for New Human Resources Department",adopted,,,,Annual-Report-2023.pdf,https://marbleheadma.gov/wp-content/uploads/2025/04/Annual-Report-2023.pdf
2023,2023-05-01,annual,25,"Financial Assistance Conservation",adopted,,,,Annual-Report-2023.pdf,https://marbleheadma.gov/wp-content/uploads/2025/04/Annual-Report-2023.pdf
2023,2023-05-01,annual,26,"Essex North Shore Agricultural and Technical School District",adopted,,,,Annual-Report-2023.pdf,https://marbleheadma.gov/wp-content/uploads/2025/04/Annual-Report-2023.pdf
2023,2023-05-01,annual,27,"Transfer Funds to Special Education Stabilization Account",indefinitely_postponed,,,,Annual-Report-2023.pdf,https://marbleheadma.gov/wp-content/uploads/2025/04/Annual-Report-2023.pdf
2023,2023-05-01,annual,28,"Release Funds from Transportation Network",adopted,,,,Annual-Report-2023.pdf,https://marbleheadma.gov/wp-content/uploads/2025/04/Annual-Report-2023.pdf
2023,2023-05-01,annual,29,"Available Funds Appropriated to Reduce the Tax Rate",adopted,,,,Annual-Report-2023.pdf,https://marbleheadma.gov/wp-content/uploads/2025/04/Annual-Report-2023.pdf
2023,2023-05-01,annual,30,"Expense of Several Departments",adopted,,,"omnibus FY24 operating budget",Annual-Report-2023.pdf,https://marbleheadma.gov/wp-content/uploads/2025/04/Annual-Report-2023.pdf
2023,2023-05-01,annual,31,"Supplemental Appropriation for Several Departments",adopted,534,230,"paper ballot; contingent on Prop 2.5 override",Annual-Report-2023.pdf,https://marbleheadma.gov/wp-content/uploads/2025/04/Annual-Report-2023.pdf
2023,2023-05-01,annual,32,"Supplemental Appropriation and Expenses for the Schools",indefinitely_postponed,,,,Annual-Report-2023.pdf,https://marbleheadma.gov/wp-content/uploads/2025/04/Annual-Report-2023.pdf
2023,2023-05-01,annual,33,"Retirement Board Increase Base Amount",adopted,,,,Annual-Report-2023.pdf,https://marbleheadma.gov/wp-content/uploads/2025/04/Annual-Report-2023.pdf
2023,2023-05-01,annual,34,"Administrative Benefit Amendment",adopted,,,,Annual-Report-2023.pdf,https://marbleheadma.gov/wp-content/uploads/2025/04/Annual-Report-2023.pdf
2023,2023-05-01,annual,35,"Amend General Bylaws - Physical Examinations",adopted,,,,Annual-Report-2023.pdf,https://marbleheadma.gov/wp-content/uploads/2025/04/Annual-Report-2023.pdf
2023,2023-05-01,annual,36,"Amend General Bylaws - Allow Electronic Counting Devices",adopted,,,,Annual-Report-2023.pdf,https://marbleheadma.gov/wp-content/uploads/2025/04/Annual-Report-2023.pdf
2023,2023-05-01,annual,37,"Accept G.L. c.41 s.110A - Saturday Closure/Legal Holiday, Town Clerk",adopted,,,,Annual-Report-2023.pdf,https://marbleheadma.gov/wp-content/uploads/2025/04/Annual-Report-2023.pdf
2023,2023-05-01,annual,38,"Amend the Date of the Annual Town Election",adopted,,,,Annual-Report-2023.pdf,https://marbleheadma.gov/wp-content/uploads/2025/04/Annual-Report-2023.pdf
2023,2023-05-01,annual,39,"Zoning Amendment - Accessory Dwelling Units",adopted,,,,Annual-Report-2023.pdf,https://marbleheadma.gov/wp-content/uploads/2025/04/Annual-Report-2023.pdf
2023,2023-05-01,annual,40,"Franklin Street Fire Station",indefinitely_postponed,,,,Annual-Report-2023.pdf,https://marbleheadma.gov/wp-content/uploads/2025/04/Annual-Report-2023.pdf
2023,2023-05-01,annual,41,"Department of Public Works",adopted,,,,Annual-Report-2023.pdf,https://marbleheadma.gov/wp-content/uploads/2025/04/Annual-Report-2023.pdf
2023,2023-05-01,annual,42,"Public Shade Trees: Protection",adopted,,,,Annual-Report-2023.pdf,https://marbleheadma.gov/wp-content/uploads/2025/04/Annual-Report-2023.pdf
2023,2023-05-01,annual,43,"Adopt G.L. c.59 s.5 Clause 22nd H (local veterans benefit)",adopted,,,,Annual-Report-2023.pdf,https://marbleheadma.gov/wp-content/uploads/2025/04/Annual-Report-2023.pdf
2023,2023-05-01,annual,44,"Change Select Board Terms to 3 Years",adopted,280,265,"hand count",Annual-Report-2023.pdf,https://marbleheadma.gov/wp-content/uploads/2025/04/Annual-Report-2023.pdf
2023,2023-05-01,annual,45,"Enhancements to the Comprehensive Annual Financial Review",adopted,,,,Annual-Report-2023.pdf,https://marbleheadma.gov/wp-content/uploads/2025/04/Annual-Report-2023.pdf
2023,2023-05-01,annual,46,"100% Carbon-Free Energy in Old and Historic Districts",indefinitely_postponed,,,,Annual-Report-2023.pdf,https://marbleheadma.gov/wp-content/uploads/2025/04/Annual-Report-2023.pdf
2023,2023-05-01,annual,47,"Amend General Bylaws - Repeal the Gas-Powered Leaf Blower ban",defeated,,,,Annual-Report-2023.pdf,https://marbleheadma.gov/wp-content/uploads/2025/04/Annual-Report-2023.pdf
2023,2023-05-01,annual,48,"Amend Chapter 119 (Peace and Good Order) - Leaf Blower Enforcement",adopted,246,165,,Annual-Report-2023.pdf,https://marbleheadma.gov/wp-content/uploads/2025/04/Annual-Report-2023.pdf
2023,2023-05-01,annual,49,"Creation of a Traffic Advisory Committee",adopted,,,,Annual-Report-2023.pdf,https://marbleheadma.gov/wp-content/uploads/2025/04/Annual-Report-2023.pdf
2023,2023-05-01,annual,50,"Amend Town Bylaws - New Subdivisions",adopted,,,,Annual-Report-2023.pdf,https://marbleheadma.gov/wp-content/uploads/2025/04/Annual-Report-2023.pdf
2023,2023-05-01,annual,51,"Amend Town Bylaws - Require Boards/Committees to record and post minutes",adopted,,,,Annual-Report-2023.pdf,https://marbleheadma.gov/wp-content/uploads/2025/04/Annual-Report-2023.pdf
2023,2023-05-01,annual,52,"Amend Town Bylaws - 940 CMR 29.10 of Open Meeting Law",adopted,,,,Annual-Report-2023.pdf,https://marbleheadma.gov/wp-content/uploads/2025/04/Annual-Report-2023.pdf
2023,2023-05-01,annual,53,"Acceptance of MGL c.53 s.9A - Nomination Papers",indefinitely_postponed,,,,Annual-Report-2023.pdf,https://marbleheadma.gov/wp-content/uploads/2025/04/Annual-Report-2023.pdf
2023,2023-05-01,annual,54,"Standard Operating Procedures Manual",adopted,,,,Annual-Report-2023.pdf,https://marbleheadma.gov/wp-content/uploads/2025/04/Annual-Report-2023.pdf
2024,2024-05-06,annual,1,"Articles in Numerical Order",adopted,599,85,"electronic keypad voting from 2024 on",Annual-Town-Report-2024-FINAL.pdf,https://marbleheadma.gov/wp-content/uploads/2026/04/Annual-Town-Report-2024-FINAL.pdf
2024,2024-05-06,annual,2,"Reports of Town Officers and Committees",adopted,728,43,,Annual-Town-Report-2024-FINAL.pdf,https://marbleheadma.gov/wp-content/uploads/2026/04/Annual-Town-Report-2024-FINAL.pdf
2024,2024-05-06,annual,3,"Consent Articles",adopted,674,100,,Annual-Town-Report-2024-FINAL.pdf,https://marbleheadma.gov/wp-content/uploads/2026/04/Annual-Town-Report-2024-FINAL.pdf
2024,2024-05-06,annual,4,"Unpaid Accounts",adopted,714,76,"four-fifths achieved",Annual-Town-Report-2024-FINAL.pdf,https://marbleheadma.gov/wp-content/uploads/2026/04/Annual-Town-Report-2024-FINAL.pdf
2024,2024-05-06,annual,5,"Departmental Revolving Funds",adopted,709,67,,Annual-Town-Report-2024-FINAL.pdf,https://marbleheadma.gov/wp-content/uploads/2026/04/Annual-Town-Report-2024-FINAL.pdf
2024,2024-05-06,annual,6,"Purchase of Equipment of Several Departments",adopted,704,97,,Annual-Town-Report-2024-FINAL.pdf,https://marbleheadma.gov/wp-content/uploads/2026/04/Annual-Town-Report-2024-FINAL.pdf
2024,2024-05-06,annual,7,"Lease Purchase",adopted,638,97,"two-thirds achieved",Annual-Town-Report-2024-FINAL.pdf,https://marbleheadma.gov/wp-content/uploads/2026/04/Annual-Town-Report-2024-FINAL.pdf
2024,2024-05-06,annual,8,"Capital Improvements Public Buildings",adopted,655,150,,Annual-Town-Report-2024-FINAL.pdf,https://marbleheadma.gov/wp-content/uploads/2026/04/Annual-Town-Report-2024-FINAL.pdf
2024,2024-05-06,annual,9,"Walls and Fences",adopted,674,107,,Annual-Town-Report-2024-FINAL.pdf,https://marbleheadma.gov/wp-content/uploads/2026/04/Annual-Town-Report-2024-FINAL.pdf
2024,2024-05-06,annual,10,"Storm Drainage Construction",adopted,734,58,,Annual-Town-Report-2024-FINAL.pdf,https://marbleheadma.gov/wp-content/uploads/2026/04/Annual-Town-Report-2024-FINAL.pdf
2024,2024-05-06,annual,11,"Consent Articles, Water and Sewer",adopted,696,83,,Annual-Town-Report-2024-FINAL.pdf,https://marbleheadma.gov/wp-content/uploads/2026/04/Annual-Town-Report-2024-FINAL.pdf
2024,2024-05-06,annual,12,"Reclassification and Pay Schedule (Administrative)",adopted,711,82,,Annual-Town-Report-2024-FINAL.pdf,https://marbleheadma.gov/wp-content/uploads/2026/04/Annual-Town-Report-2024-FINAL.pdf
2024,2024-05-06,annual,13,"Reclassification and Pay Schedule (Traffic Supervisors)",adopted,755,47,,Annual-Town-Report-2024-FINAL.pdf,https://marbleheadma.gov/wp-content/uploads/2026/04/Annual-Town-Report-2024-FINAL.pdf
2024,2024-05-06,annual,14,"Reclassification and Pay Schedule (Seasonal and Temporary)",adopted,723,58,,Annual-Town-Report-2024-FINAL.pdf,https://marbleheadma.gov/wp-content/uploads/2026/04/Annual-Town-Report-2024-FINAL.pdf
2024,2024-05-06,annual,15,"Compensation - Town Officers",adopted,620,152,,Annual-Town-Report-2024-FINAL.pdf,https://marbleheadma.gov/wp-content/uploads/2026/04/Annual-Town-Report-2024-FINAL.pdf
2024,2024-05-06,annual,16,"Ratification of Salary Bylaw",adopted,672,102,,Annual-Town-Report-2024-FINAL.pdf,https://marbleheadma.gov/wp-content/uploads/2026/04/Annual-Town-Report-2024-FINAL.pdf
2024,2024-05-06,annual,17,"Essex North Shore Agricultural and Technical School District",adopted,776,43,,Annual-Town-Report-2024-FINAL.pdf,https://marbleheadma.gov/wp-content/uploads/2026/04/Annual-Town-Report-2024-FINAL.pdf
2024,2024-05-06,annual,18,"Transfer Funds to Special Education Stabilization Account",indefinitely_postponed,661,89,"tally is on the motion to indefinitely postpone",Annual-Town-Report-2024-FINAL.pdf,https://marbleheadma.gov/wp-content/uploads/2026/04/Annual-Town-Report-2024-FINAL.pdf
2024,2024-05-06,annual,19,"Available Funds Appropriated to Reduce the Tax Rate",adopted,695,100,,Annual-Town-Report-2024-FINAL.pdf,https://marbleheadma.gov/wp-content/uploads/2026/04/Annual-Town-Report-2024-FINAL.pdf
2024,2024-05-06,annual,20,"Collective Bargaining, Police",indefinitely_postponed,681,84,"tally is on the motion to indefinitely postpone",Annual-Town-Report-2024-FINAL.pdf,https://marbleheadma.gov/wp-content/uploads/2026/04/Annual-Town-Report-2024-FINAL.pdf
2024,2024-05-06,annual,21,"Collective Bargaining (IUE/CWA - Local 1776)",indefinitely_postponed,668,67,"tally is on the motion to indefinitely postpone",Annual-Town-Report-2024-FINAL.pdf,https://marbleheadma.gov/wp-content/uploads/2026/04/Annual-Town-Report-2024-FINAL.pdf
2024,2024-05-06,annual,22,"CPI Increase for Qualified Seniors",adopted,741,40,,Annual-Town-Report-2024-FINAL.pdf,https://marbleheadma.gov/wp-content/uploads/2026/04/Annual-Town-Report-2024-FINAL.pdf
2024,2024-05-06,annual,23,"Senior Tax Work-Off Program",adopted,748,30,,Annual-Town-Report-2024-FINAL.pdf,https://marbleheadma.gov/wp-content/uploads/2026/04/Annual-Town-Report-2024-FINAL.pdf
2024,2024-05-06,annual,24,"Adopt Local Meals Tax",adopted,469,345,,Annual-Town-Report-2024-FINAL.pdf,https://marbleheadma.gov/wp-content/uploads/2026/04/Annual-Town-Report-2024-FINAL.pdf
2024,2024-05-06,annual,25,"Adopt Local Rooms Tax (6%)",adopted,,,"amendment to lower rate to 4% failed 391-394; main article adopted at 6%",Annual-Town-Report-2024-FINAL.pdf,https://marbleheadma.gov/wp-content/uploads/2026/04/Annual-Town-Report-2024-FINAL.pdf
2024,2024-05-06,annual,26,"Expenses of Several Departments",adopted,,,"omnibus FY25 operating budget; multiple sub-votes including 610-97 and 633-70",Annual-Town-Report-2024-FINAL.pdf,https://marbleheadma.gov/wp-content/uploads/2026/04/Annual-Town-Report-2024-FINAL.pdf
2024,2024-05-06,annual,27,"Supplemental Appropriation and Expenses of Several Departments",indefinitely_postponed,574,62,"tally is on the motion to indefinitely postpone",Annual-Town-Report-2024-FINAL.pdf,https://marbleheadma.gov/wp-content/uploads/2026/04/Annual-Town-Report-2024-FINAL.pdf
2024,2024-05-06,annual,28,"Supplemental Appropriation and Expenses for the Schools",indefinitely_postponed,587,63,"tally is on the motion to indefinitely postpone",Annual-Town-Report-2024-FINAL.pdf,https://marbleheadma.gov/wp-content/uploads/2026/04/Annual-Town-Report-2024-FINAL.pdf
2024,2024-05-06,annual,29,"Debt Exclusion Premium",adopted,614,43,,Annual-Town-Report-2024-FINAL.pdf,https://marbleheadma.gov/wp-content/uploads/2026/04/Annual-Town-Report-2024-FINAL.pdf
2024,2024-05-06,annual,30,"Capital Transfers",adopted,607,51,,Annual-Town-Report-2024-FINAL.pdf,https://marbleheadma.gov/wp-content/uploads/2026/04/Annual-Town-Report-2024-FINAL.pdf
2024,2024-05-06,annual,31,"Amend Bylaw - Increase Building Construction Permit Fees",adopted,592,159,,Annual-Town-Report-2024-FINAL.pdf,https://marbleheadma.gov/wp-content/uploads/2026/04/Annual-Town-Report-2024-FINAL.pdf
2024,2024-05-06,annual,32,"Amend Bylaw - Increase Electrical Installation Permit Fees",adopted,528,158,,Annual-Town-Report-2024-FINAL.pdf,https://marbleheadma.gov/wp-content/uploads/2026/04/Annual-Town-Report-2024-FINAL.pdf
2024,2024-05-06,annual,33,"Amend Town Bylaw 13-10 - Licensing and Registration of Dogs",adopted,556,144,,Annual-Town-Report-2024-FINAL.pdf,https://marbleheadma.gov/wp-content/uploads/2026/04/Annual-Town-Report-2024-FINAL.pdf
2024,2024-05-06,annual,34,"Community Development and Planning Department",adopted,373,360,,Annual-Town-Report-2024-FINAL.pdf,https://marbleheadma.gov/wp-content/uploads/2026/04/Annual-Town-Report-2024-FINAL.pdf
2024,2024-05-06,annual,35,"Assessing Department Under Chief Financial Officer",adopted,472,291,,Annual-Town-Report-2024-FINAL.pdf,https://marbleheadma.gov/wp-content/uploads/2026/04/Annual-Town-Report-2024-FINAL.pdf
2024,2024-05-06,annual,36,"Amend Zoning Bylaw/Map - Adopt a 3A Multi-Family Overlay District (MBTA Communities)",defeated,377,410,,Annual-Town-Report-2024-FINAL.pdf,https://marbleheadma.gov/wp-content/uploads/2026/04/Annual-Town-Report-2024-FINAL.pdf
2024,2024-05-06,annual,37,"Board of Health - Increase Membership / Home Rule Petition",adopted,522,90,,Annual-Town-Report-2024-FINAL.pdf,https://marbleheadma.gov/wp-content/uploads/2026/04/Annual-Town-Report-2024-FINAL.pdf
2024,2024-05-06,annual,38,"MGL c.41 s.1B - Change Assessors from Elected to Appointed",defeated,269,337,,Annual-Town-Report-2024-FINAL.pdf,https://marbleheadma.gov/wp-content/uploads/2026/04/Annual-Town-Report-2024-FINAL.pdf
2024,2024-05-06,annual,39,"Amend Bylaw - Capital Planning Committee Membership",adopted,421,120,,Annual-Town-Report-2024-FINAL.pdf,https://marbleheadma.gov/wp-content/uploads/2026/04/Annual-Town-Report-2024-FINAL.pdf
2024,2024-05-06,annual,40,"Amend Article - Ballot Order / Random Drawing of Names",adopted,476,46,,Annual-Town-Report-2024-FINAL.pdf,https://marbleheadma.gov/wp-content/uploads/2026/04/Annual-Town-Report-2024-FINAL.pdf
2024,2024-05-06,annual,41,"Easement - Fishing Point Lane / 297 Ocean Avenue",indefinitely_postponed,463,46,"tally is on the motion to indefinitely postpone",Annual-Town-Report-2024-FINAL.pdf,https://marbleheadma.gov/wp-content/uploads/2026/04/Annual-Town-Report-2024-FINAL.pdf
2024,2024-05-06,annual,42,"Amend Transfer Station Fees",adopted,343,192,"waives veterans' beach/transfer-station sticker fees; prior amendment failed 193-324",Annual-Town-Report-2024-FINAL.pdf,https://marbleheadma.gov/wp-content/uploads/2026/04/Annual-Town-Report-2024-FINAL.pdf
2024,2024-05-06,annual,43,"Amend General Bylaws Ch. 75-1 - Leaf Blowers",indefinitely_postponed,345,162,"tally is on the motion to indefinitely postpone",Annual-Town-Report-2024-FINAL.pdf,https://marbleheadma.gov/wp-content/uploads/2026/04/Annual-Town-Report-2024-FINAL.pdf
2024,2024-05-06,annual,44,"Amend General Bylaws Ch. 75-2 - Leaf Blowers",indefinitely_postponed,355,137,"tally is on the motion to indefinitely postpone",Annual-Town-Report-2024-FINAL.pdf,https://marbleheadma.gov/wp-content/uploads/2026/04/Annual-Town-Report-2024-FINAL.pdf
2024,2024-05-06,annual,45,"Amend General Bylaws Ch. 75-3 - Leaf Blowers",indefinitely_postponed,286,204,"tally is on the motion to indefinitely postpone",Annual-Town-Report-2024-FINAL.pdf,https://marbleheadma.gov/wp-content/uploads/2026/04/Annual-Town-Report-2024-FINAL.pdf
2024,2024-05-06,annual,46,"Amend Bylaws s.174-6(C) Seating of Visitors",defeated,180,208,,Annual-Town-Report-2024-FINAL.pdf,https://marbleheadma.gov/wp-content/uploads/2026/04/Annual-Town-Report-2024-FINAL.pdf
2024,2024-05-06,annual,47,"Amend Bylaws - Traffic Safety Advisory Committee",withdrawn,342,22,"tally is on the motion to withdraw",Annual-Town-Report-2024-FINAL.pdf,https://marbleheadma.gov/wp-content/uploads/2026/04/Annual-Town-Report-2024-FINAL.pdf
2024,2024-05-06,annual,48,"Improve Road Safety Indicators",withdrawn,287,78,"tally is on the motion to withdraw",Annual-Town-Report-2024-FINAL.pdf,https://marbleheadma.gov/wp-content/uploads/2026/04/Annual-Town-Report-2024-FINAL.pdf
2024,2024-05-06,annual,49,"Bylaw - Rescind Select Board 3-Year Terms",defeated,123,236,,Annual-Town-Report-2024-FINAL.pdf,https://marbleheadma.gov/wp-content/uploads/2026/04/Annual-Town-Report-2024-FINAL.pdf
2024,2024-05-06,annual,50,"Amend Bylaw - Recall Provision for Elected Officials",indefinitely_postponed,249,87,"tally is on the motion to indefinitely postpone",Annual-Town-Report-2024-FINAL.pdf,https://marbleheadma.gov/wp-content/uploads/2026/04/Annual-Town-Report-2024-FINAL.pdf
2024,2024-05-06,annual,51,"Amend General Bylaws - State Street Restrooms",adopted,279,53,,Annual-Town-Report-2024-FINAL.pdf,https://marbleheadma.gov/wp-content/uploads/2026/04/Annual-Town-Report-2024-FINAL.pdf
2024,2024-05-06,annual,52,"Appropriate Funds for Website Design and Development",indefinitely_postponed,308,12,"tally is on the motion to indefinitely postpone",Annual-Town-Report-2024-FINAL.pdf,https://marbleheadma.gov/wp-content/uploads/2026/04/Annual-Town-Report-2024-FINAL.pdf
2024,2024-05-06,annual,53,"Amend Zoning Bylaws - Shed Size",indefinitely_postponed,278,31,"tally is on the motion to indefinitely postpone",Annual-Town-Report-2024-FINAL.pdf,https://marbleheadma.gov/wp-content/uploads/2026/04/Annual-Town-Report-2024-FINAL.pdf
2025,2025-05-06,annual,1,"Articles in Numerical Order",adopted,1033,727,"as amended",Annual-Town-Report-2025.pdf,https://marbleheadma.gov/wp-content/uploads/2026/04/Annual-Town-Report-2025.pdf
2025,2025-05-06,annual,2,"Reports of Town Officers and Committees",adopted,407,21,,Annual-Town-Report-2025.pdf,https://marbleheadma.gov/wp-content/uploads/2026/04/Annual-Town-Report-2025.pdf
2025,2025-05-06,annual,3,"Consent Articles",adopted,402,22,,Annual-Town-Report-2025.pdf,https://marbleheadma.gov/wp-content/uploads/2026/04/Annual-Town-Report-2025.pdf
2025,2025-05-06,annual,4,"Unpaid Accounts",adopted,403,25,"four-fifths achieved",Annual-Town-Report-2025.pdf,https://marbleheadma.gov/wp-content/uploads/2026/04/Annual-Town-Report-2025.pdf
2025,2025-05-06,annual,5,"Departmental Revolving Funds",adopted,408,21,,Annual-Town-Report-2025.pdf,https://marbleheadma.gov/wp-content/uploads/2026/04/Annual-Town-Report-2025.pdf
2025,2025-05-06,annual,6,"Purchase of Equipment of Several Departments",adopted,349,84,,Annual-Town-Report-2025.pdf,https://marbleheadma.gov/wp-content/uploads/2026/04/Annual-Town-Report-2025.pdf
2025,2025-05-06,annual,7,"Lease Purchase",adopted,367,62,,Annual-Town-Report-2025.pdf,https://marbleheadma.gov/wp-content/uploads/2026/04/Annual-Town-Report-2025.pdf
2025,2025-05-06,annual,8,"Capital Improvements for Public Buildings",adopted,383,49,,Annual-Town-Report-2025.pdf,https://marbleheadma.gov/wp-content/uploads/2026/04/Annual-Town-Report-2025.pdf
2025,2025-05-06,annual,9,"Walls and Fences",adopted,392,36,,Annual-Town-Report-2025.pdf,https://marbleheadma.gov/wp-content/uploads/2026/04/Annual-Town-Report-2025.pdf
2025,2025-05-06,annual,10,"Stormwater Construction",adopted,300,33,,Annual-Town-Report-2025.pdf,https://marbleheadma.gov/wp-content/uploads/2026/04/Annual-Town-Report-2025.pdf
2025,2025-05-06,annual,11,"Consent Articles, Water and Sewer",adopted,407,30,,Annual-Town-Report-2025.pdf,https://marbleheadma.gov/wp-content/uploads/2026/04/Annual-Town-Report-2025.pdf
2025,2025-05-06,annual,12,"Proposed Reclassification and Pay Schedule (Administrative)",adopted,401,27,,Annual-Town-Report-2025.pdf,https://marbleheadma.gov/wp-content/uploads/2026/04/Annual-Town-Report-2025.pdf
2025,2025-05-06,annual,13,"Proposed Pay Schedule and Reclassification (Traffic Supervisors)",adopted,409,28,,Annual-Town-Report-2025.pdf,https://marbleheadma.gov/wp-content/uploads/2026/04/Annual-Town-Report-2025.pdf
2025,2025-05-06,annual,14,"Proposed Reclassification and Pay Schedule (Seasonal and Temporary Personnel)",adopted,413,24,,Annual-Town-Report-2025.pdf,https://marbleheadma.gov/wp-content/uploads/2026/04/Annual-Town-Report-2025.pdf
2025,2025-05-06,annual,15,"Compensation - Town Officers",adopted,381,54,,Annual-Town-Report-2025.pdf,https://marbleheadma.gov/wp-content/uploads/2026/04/Annual-Town-Report-2025.pdf
2025,2025-05-06,annual,16,"Ratification of Salary Bylaw",adopted,370,78,,Annual-Town-Report-2025.pdf,https://marbleheadma.gov/wp-content/uploads/2026/04/Annual-Town-Report-2025.pdf
2025,2025-05-06,annual,17,"Essex North Shore Agricultural and Technical School District",adopted,428,12,,Annual-Town-Report-2025.pdf,https://marbleheadma.gov/wp-content/uploads/2026/04/Annual-Town-Report-2025.pdf
2025,2025-05-06,annual,18,"Available Funds Appropriate to Reduce Tax Rate",adopted,406,28,,Annual-Town-Report-2025.pdf,https://marbleheadma.gov/wp-content/uploads/2026/04/Annual-Town-Report-2025.pdf
2025,2025-05-06,annual,19,"Collective Bargaining (Police)",adopted,387,45,,Annual-Town-Report-2025.pdf,https://marbleheadma.gov/wp-content/uploads/2026/04/Annual-Town-Report-2025.pdf
2025,2025-05-06,annual,20,"Collective Bargaining (IUE/CWA - Local 1776)",adopted,402,35,,Annual-Town-Report-2025.pdf,https://marbleheadma.gov/wp-content/uploads/2026/04/Annual-Town-Report-2025.pdf
2025,2025-05-06,annual,21,"Collective Bargaining (Fire)",adopted,418,20,,Annual-Town-Report-2025.pdf,https://marbleheadma.gov/wp-content/uploads/2026/04/Annual-Town-Report-2025.pdf
2025,2025-05-06,annual,22,"Expenses of Several Departments",adopted,,,"omnibus operating budget; multiple sub-votes, all passed",Annual-Town-Report-2025.pdf,https://marbleheadma.gov/wp-content/uploads/2026/04/Annual-Town-Report-2025.pdf
2025,2025-05-06,annual,23,"Amend Zoning Bylaw - 3A Multi-Family Overlay District",adopted,951,759,"overturned by town-wide special referendum 2025-07-08",Annual-Town-Report-2025.pdf,https://marbleheadma.gov/wp-content/uploads/2026/04/Annual-Town-Report-2025.pdf
2025,2025-05-06,annual,24,"Amend Zoning Bylaw - Accessory Dwelling Units",adopted,313,46,"two floor amendments rejected 55-324 and 30-188",Annual-Town-Report-2025.pdf,https://marbleheadma.gov/wp-content/uploads/2026/04/Annual-Town-Report-2025.pdf
2025,2025-05-06,annual,25,"Amend General Bylaw - Floodplain District",adopted,315,23,"two-thirds achieved",Annual-Town-Report-2025.pdf,https://marbleheadma.gov/wp-content/uploads/2026/04/Annual-Town-Report-2025.pdf
2025,2025-05-06,annual,26,"Prudent Investor",adopted,281,42,,Annual-Town-Report-2025.pdf,https://marbleheadma.gov/wp-content/uploads/2026/04/Annual-Town-Report-2025.pdf
2025,2025-05-06,annual,27,"General Stabilization Fund",adopted,310,9,,Annual-Town-Report-2025.pdf,https://marbleheadma.gov/wp-content/uploads/2026/04/Annual-Town-Report-2025.pdf
2025,2025-05-06,annual,28,"Home Rule Petition: Means-Tested Senior Citizen Property Tax Exemption",adopted,297,23,,Annual-Town-Report-2025.pdf,https://marbleheadma.gov/wp-content/uploads/2026/04/Annual-Town-Report-2025.pdf
2025,2025-05-06,annual,29,"Adjusted Exemption Amount Clause 22I",adopted,298,11,,Annual-Town-Report-2025.pdf,https://marbleheadma.gov/wp-content/uploads/2026/04/Annual-Town-Report-2025.pdf
2025,2025-05-06,annual,30,"Optional Additional Veteran Exemption Clause 22J",adopted,292,18,,Annual-Town-Report-2025.pdf,https://marbleheadma.gov/wp-content/uploads/2026/04/Annual-Town-Report-2025.pdf
2025,2025-05-06,annual,31,"Coffin School Reuse",adopted,229,86,"two-thirds achieved",Annual-Town-Report-2025.pdf,https://marbleheadma.gov/wp-content/uploads/2026/04/Annual-Town-Report-2025.pdf
2025,2025-05-06,annual,32,"Gerry School Playground (Elm Street Park)",adopted,299,9,"two-thirds achieved",Annual-Town-Report-2025.pdf,https://marbleheadma.gov/wp-content/uploads/2026/04/Annual-Town-Report-2025.pdf
2025,2025-05-06,annual,33,"Mary A. Alley Building, HVAC System",adopted,671,103,"two-thirds achieved; taken up night one",Annual-Town-Report-2025.pdf,https://marbleheadma.gov/wp-content/uploads/2026/04/Annual-Town-Report-2025.pdf
2025,2025-05-06,annual,34,"Marblehead High School Roof and HVAC System",adopted,804,283,"two-thirds achieved; taken up night one",Annual-Town-Report-2025.pdf,https://marbleheadma.gov/wp-content/uploads/2026/04/Annual-Town-Report-2025.pdf
2025,2025-05-06,annual,35,"Appropriation of Article 11, May 2, 2022",indefinitely_postponed,259,22,"tally is on the motion to indefinitely postpone",Annual-Town-Report-2025.pdf,https://marbleheadma.gov/wp-content/uploads/2026/04/Annual-Town-Report-2025.pdf
2025,2025-05-06,annual,36,"Stormwater Enterprise Fund",adopted,266,118,,Annual-Town-Report-2025.pdf,https://marbleheadma.gov/wp-content/uploads/2026/04/Annual-Town-Report-2025.pdf
2025,2025-05-06,annual,37,"Rescind Acceptance of G.L. c.31 s.58A, Age Limits (Police)",adopted,375,14,,Annual-Town-Report-2025.pdf,https://marbleheadma.gov/wp-content/uploads/2026/04/Annual-Town-Report-2025.pdf
2025,2025-05-06,annual,38,"Building Permit Fees",adopted,294,127,,Annual-Town-Report-2025.pdf,https://marbleheadma.gov/wp-content/uploads/2026/04/Annual-Town-Report-2025.pdf
2025,2025-05-06,annual,39,"Electrical Installation Fees",adopted,301,111,,Annual-Town-Report-2025.pdf,https://marbleheadma.gov/wp-content/uploads/2026/04/Annual-Town-Report-2025.pdf
2025,2025-05-06,annual,40,"Building Permit Fees (petition alternative)",indefinitely_postponed,367,34,"tally is on the motion to indefinitely postpone; duplicate of Article 38",Annual-Town-Report-2025.pdf,https://marbleheadma.gov/wp-content/uploads/2026/04/Annual-Town-Report-2025.pdf
2025,2025-05-06,annual,41,"Electrical Installation (petition alternative)",indefinitely_postponed,379,32,"tally is on the motion to indefinitely postpone; duplicate of Article 39",Annual-Town-Report-2025.pdf,https://marbleheadma.gov/wp-content/uploads/2026/04/Annual-Town-Report-2025.pdf
2025,2025-05-06,annual,42,"Cemetery Perpetual Care Trust Fund Transfer",adopted,317,89,,Annual-Town-Report-2025.pdf,https://marbleheadma.gov/wp-content/uploads/2026/04/Annual-Town-Report-2025.pdf
2025,2025-05-06,annual,43,"Cemetery Sale of Lots Trust Fund Transfer",adopted,391,24,,Annual-Town-Report-2025.pdf,https://marbleheadma.gov/wp-content/uploads/2026/04/Annual-Town-Report-2025.pdf
2025,2025-05-06,annual,44,"Parking Tickets - Increased Fee for Snow Emergency",adopted,383,47,,Annual-Town-Report-2025.pdf,https://marbleheadma.gov/wp-content/uploads/2026/04/Annual-Town-Report-2025.pdf
2025,2025-05-06,annual,45,"Zoning Bylaw - Storage of Fishing Gear and Lobster Traps",indefinitely_postponed,418,13,"tally is on the motion to indefinitely postpone",Annual-Town-Report-2025.pdf,https://marbleheadma.gov/wp-content/uploads/2026/04/Annual-Town-Report-2025.pdf
2025,2025-05-06,annual,46,"Appropriate Funds, Independent Audit",indefinitely_postponed,405,21,"tally is on the motion to indefinitely postpone",Annual-Town-Report-2025.pdf,https://marbleheadma.gov/wp-content/uploads/2026/04/Annual-Town-Report-2025.pdf
2025,2025-05-06,annual,47,"Sustainability Coordinator",indefinitely_postponed,375,42,"tally is on the motion to indefinitely postpone",Annual-Town-Report-2025.pdf,https://marbleheadma.gov/wp-content/uploads/2026/04/Annual-Town-Report-2025.pdf
2025,2025-05-06,annual,48,"Residency Requirements",indefinitely_postponed,390,29,"tally is on the motion to indefinitely postpone",Annual-Town-Report-2025.pdf,https://marbleheadma.gov/wp-content/uploads/2026/04/Annual-Town-Report-2025.pdf
2025,2025-05-06,annual,49,"Town Meeting, Parliamentarian",indefinitely_postponed,380,32,"tally is on the motion to indefinitely postpone",Annual-Town-Report-2025.pdf,https://marbleheadma.gov/wp-content/uploads/2026/04/Annual-Town-Report-2025.pdf
2025,2025-05-06,annual,50,"Placement of Prop 2.5 on Ballot",adopted,335,102,"advisory only",Annual-Town-Report-2025.pdf,https://marbleheadma.gov/wp-content/uploads/2026/04/Annual-Town-Report-2025.pdf
2025,2025-05-06,annual,51,"Town Meeting Reconsideration Procedure",indefinitely_postponed,398,26,"tally is on the motion to indefinitely postpone",Annual-Town-Report-2025.pdf,https://marbleheadma.gov/wp-content/uploads/2026/04/Annual-Town-Report-2025.pdf
2025,2025-05-06,annual,52,"Amend Bylaws - Recall Provision",defeated,115,231,"amendment also failed 96-328",Annual-Town-Report-2025.pdf,https://marbleheadma.gov/wp-content/uploads/2026/04/Annual-Town-Report-2025.pdf
