FY,Department,Headcount
2008,SELECTMEN,9
2008,FINANCE DEPARTMENT,6
2008,ASSESSORS,3
2008,TOWN CLERK,2
2008,ELECTION & REGISTRATION,62
2008,PUBLIC BUILDINGS,5
2008,POLICE,76
2008,FIRE,43
2008,BUILDING COMMISSIONER,8
2008,ANIMAL INSPECTOR,1
2008,SCHOOL,10
2008,ADMIN & SYSTEMWIDE,64
2008,BELL SCHOOL,42
2008,SCH CUST / MAINT & TRANSP,32
2008,BROWN SCHOOL,47
2008,EVELETH SCHOOL,9
2008,GERRY SCHOOL,4
2008,GLOVER SCHOOL,39
2008,HIGH SCHOOL,136
2008,VETERANS MIDDLE SCHOOL,67
2008,VILLAGE SCHOOL,100
2008,SCHOOL REVOLVING FUND,35
2008,SCHOOL GRANTS,21
2008,ENGINEERING,1
2008,HIGHWAY,16
2008,WASTE COLL/ DISPOSAL,7
2008,SEWER,12
2008,DRAINS,2
2008,WATER,12
2008,LIGHT DEPARTMENT,2
2008,554 MAINT OF MISC PWR GEN,1
2008,586 METER - UNION,4
2008,CEMETERY,9
2008,TREE,2
2008,HEALTH,4
2008,HEALTH ANTI-SMOKING,5
2008,FORMULAR SPENDING GRANT,1
2008,COUNCIL ON AGING,5
2008,COA REVOLVING FUND,7
2008,VETERANS AGENT,1
2008,METER - MGMT,2
2008,DISTRIBUTION - MGMT,2
2008,593 OVERHEAD LINES UNION,5
2008,594 UNDERGROUND LINES,2
2008,593 OVERHEAD LINES MGMT,1
2008,LIBRARY,29
2008,PARK,19
2008,PARK REVOLVING FUND,4
2008,HARBORMASTER,11
2008,SUPERVISION - MGMT,1
2008,METER READER,2
2008,CUST RECORDS,6
2008,ADMIN & GENERAL,3
2009,SELECTMEN,8
2009,FINANCE DEPARTMENT,6
2009,ASSESSORS,3
2009,Town Counsel,1
2009,TOWN CLERK,3
2009,ELECTION & REGISTRATION,62
2009,PUBLIC BUILDINGS,6
2009,POLICE,88
2009,FIRE,46
2009,BUILDING COMMISSIONER,9
2009,ANIMAL INSPECTOR,1
2009,SCHOOL,16
2009,ADMIN & SYSTEMWIDE,76
2009,BELL SCHOOL,42
2009,SCH CUST / MAINT & TRANSP,43
2009,BROWN SCHOOL,48
2009,EVELETH SCHOOL,7
2009,GERRY SCHOOL,3
2009,GLOVER SCHOOL,46
2009,HIGH SCHOOL,137
2009,VETERANS MIDDLE SCHOOL,71
2009,VILLAGE SCHOOL,113
2009,SCHOOL REVOLVING FUND,40
2009,SCHOOL GRANTS,26
2009,ENGINEERING,2
2009,HIGHWAY,16
2009,WASTE COLL/ DISPOSAL,9
2009,SEWER,13
2009,DRAINS,2
2009,WATER,11
2009,LIGHT DEPARTMENT,2
2009,554 MAINT OF MISC PWR GEN,1
2009,586 METER - UNION,3
2009,CEMETERY,9
2009,TREE,2
2009,HEALTH,3
2009,HEALTH ANTI-SMOKING,6
2009,FORMULAR SPENDING GRANT,1
2009,COUNCIL ON AGING,6
2009,COA REVOLVING FUND,7
2009,VETERANS AGENT,1
2009,METER - MGMT,2
2009,DISTRIBUTION - MGMT,1
2009,593 OVERHEAD LINES UNION,6
2009,594 UNDERGROUND LINES,2
2009,593 OVERHEAD LINES MGMT,1
2009,LIBRARY,28
2009,PARK,26
2009,PARK REVOLVING FUND,13
2009,HARBORMASTER,12
2009,SUPERVISION - MGMT,1
2009,METER READER,1
2009,CUST RECORDS,6
2009,ADMIN & GENERAL,3
2010,SELECTMEN,8
2010,FINANCE DEPARTMENT,6
2010,ASSESSORS,3
2010,Town Counsel,1
2010,TOWN CLERK,2
2010,ELECTION & REGISTRATION,65
2010,PUBLIC BUILDINGS,6
2010,POLICE,92
2010,FIRE,44
2010,BUILDING COMMISSIONER,10
2010,ANIMAL INSPECTOR,1
2010,SCHOOL,16
2010,ADMIN & SYSTEMWIDE,104
2010,BELL SCHOOL,47
2010,SCH CUST / MAINT & TRANSP,39
2010,BROWN SCHOOL,53
2010,EVELETH SCHOOL,6
2010,GERRY SCHOOL,2
2010,GLOVER SCHOOL,53
2010,HIGH SCHOOL,143
2010,VETERANS MIDDLE SCHOOL,74
2010,VILLAGE SCHOOL,126
2010,SCHOOL REVOLVING FUND,43
2010,SCHOOL GRANTS,23
2010,ENGINEERING,2
2010,HIGHWAY,16
2010,WASTE COLL/ DISPOSAL,10
2010,SEWER,12
2010,DRAINS,2
2010,WATER,13
2010,LIGHT DEPARTMENT,2
2010,554 MAINT OF MISC PWR GEN,1
2010,586 METER - UNION,3
2010,CEMETERY,9
2010,TREE,3
2010,HEALTH,2
2010,HEALTH ANTI-SMOKING,4
2010,COUNCIL ON AGING,7
2010,COA REVOLVING FUND,5
2010,VETERANS AGENT,1
2010,METER - MGMT,2
2010,DISTRIBUTION - MGMT,1
2010,593 OVERHEAD LINES UNION,7
2010,594 UNDERGROUND LINES,2
2010,593 OVERHEAD LINES MGMT,1
2010,LIBRARY,30
2010,PARK,26
2010,PARK REVOLVING FUND,15
2010,HARBORMASTER,12
2010,SUPERVISION - MGMT,1
2010,METER READER,1
2010,CUST RECORDS,7
2010,ADMIN & GENERAL,3
2011,SELECTMEN,8
2011,FINANCE DEPARTMENT,6
2011,ASSESSORS,2
2011,Town Counsel,1
2011,TOWN CLERK,2
2011,ELECTION & REGISTRATION,60
2011,PUBLIC BUILDINGS,6
2011,POLICE,95
2011,FIRE,47
2011,BUILDING COMMISSIONER,12
2011,ANIMAL INSPECTOR,1
2011,SCHOOL,12
2011,ADMIN & SYSTEMWIDE,78
2011,BELL SCHOOL,43
2011,SCH CUST / MAINT & TRANSP,37
2011,BROWN SCHOOL,59
2011,EVELETH SCHOOL,5
2011,GERRY SCHOOL,2
2011,GLOVER SCHOOL,58
2011,HIGH SCHOOL,144
2011,VETERANS MIDDLE SCHOOL,79
2011,VILLAGE SCHOOL,112
2011,SCHOOL REVOLVING FUND,49
2011,SCHOOL GRANTS,26
2011,ENGINEERING,1
2011,HIGHWAY,18
2011,WASTE COLL/ DISPOSAL,9
2011,SEWER,10
2011,DRAINS,2
2011,WATER,14
2011,LIGHT DEPARTMENT,3
2011,554 MAINT OF MISC PWR GEN,1
2011,586 METER - UNION,4
2011,CEMETERY,9
2011,TREE,3
2011,HEALTH,1
2011,HEALTH ANTI-SMOKING,4
2011,COA DONATION FUND,1
2011,FORMULAR SPENDING GRANT,1
2011,COUNCIL ON AGING,8
2011,COA REVOLVING FUND,5
2011,VETERANS AGENT,1
2011,METER - MGMT,1
2011,DISTRIBUTION - MGMT,1
2011,593 OVERHEAD LINES UNION,7
2011,594 UNDERGROUND LINES,2
2011,LIBRARY,28
2011,PARK,32
2011,PARK REVOLVING FUND,16
2011,HARBORMASTER,13
2011,SUPERVISION - MGMT,1
2011,METER READER,1
2011,CUST RECORDS,7
2011,ADMIN & GENERAL,3
2012,SELECTMEN,8
2012,FINANCE DEPARTMENT,7
2012,ASSESSORS,2
2012,Town Counsel,1
2012,TOWN CLERK,2
2012,ELECTION & REGISTRATION,51
2012,PUBLIC BUILDINGS,5
2012,POLICE,87
2012,FIRE,43
2012,BUILDING COMMISSIONER,10
2012,ANIMAL INSPECTOR,1
2012,SCHOOL,8
2012,ADMIN & SYSTEMWIDE,84
2012,BELL SCHOOL,27
2012,SCH CUST / MAINT & TRANSP,35
2012,BROWN SCHOOL,58
2012,EVELETH SCHOOL,6
2012,GERRY SCHOOL,3
2012,GLOVER SCHOOL,57
2012,HIGH SCHOOL,132
2012,VETERANS MIDDLE SCHOOL,74
2012,VILLAGE SCHOOL,106
2012,SCHOOL REVOLVING FUND,51
2012,SCHOOL GRANTS,27
2012,ENGINEERING,1
2012,HIGHWAY,20
2012,WASTE COLL/ DISPOSAL,7
2012,SEWER,9
2012,DRAINS,2
2012,WATER,13
2012,LIGHT DEPARTMENT,3
2012,554 MAINT OF MISC PWR GEN,1
2012,586 METER - UNION,4
2012,CEMETERY,7
2012,TREE,4
2012,HEALTH,3
2012,HEALTH ANTI-SMOKING,3
2012,COA DONATION FUND,1
2012,FORMULAR SPENDING GRANT,1
2012,COUNCIL ON AGING,7
2012,COA REVOLVING FUND,5
2012,VETERANS AGENT,1
2012,METER - MGMT,1
2012,DISTRIBUTION - MGMT,1
2012,593 OVERHEAD LINES UNION,7
2012,594 UNDERGROUND LINES,2
2012,LIBRARY,27
2012,PARK,28
2012,PARK REVOLVING FUND,19
2012,HARBORMASTER,15
2012,SUPERVISION - MGMT,1
2012,METER READER,1
2012,CUST RECORDS,6
2012,ADMIN & GENERAL,3
2013,SELECTMEN,6
2013,FINANCE DEPARTMENT,7
2013,ASSESSORS,2
2013,Town Counsel,1
2013,TOWN CLERK,3
2013,ELECTION & REGISTRATION,50
2013,PUBLIC BUILDINGS,5
2013,POLICE,102
2013,FIRE,45
2013,BUILDING COMMISSIONER,10
2013,ANIMAL INSPECTOR,1
2013,SCHOOL,6
2013,ADMIN & SYSTEMWIDE,97
2013,BELL SCHOOL,25
2013,SCH CUST / MAINT & TRANSP,35
2013,BROWN SCHOOL,58
2013,EVELETH SCHOOL,7
2013,GERRY SCHOOL,3
2013,GLOVER SCHOOL,58
2013,HIGH SCHOOL,129
2013,VETERANS MIDDLE SCHOOL,74
2013,VILLAGE SCHOOL,114
2013,SCHOOL REVOLVING FUND,56
2013,SCHOOL GRANTS,25
2013,ENGINEERING,1
2013,HIGHWAY,22
2013,WASTE COLL/ DISPOSAL,7
2013,SEWER,11
2013,DRAINS,2
2013,WATER,14
2013,LIGHT DEPARTMENT,2
2013,554 MAINT OF MISC PWR GEN,1
2013,586 METER - UNION,3
2013,CEMETERY,7
2013,TREE,3
2013,HEALTH,3
2013,COA DONATION FUND,1
2013,FORMULAR SPENDING GRANT,1
2013,COUNCIL ON AGING,8
2013,COA REVOLVING FUND,5
2013,VETERANS AGENT,1
2013,METER - MGMT,1
2013,DISTRIBUTION - MGMT,3
2013,593 OVERHEAD LINES UNION,7
2013,594 UNDERGROUND LINES,1
2013,LIBRARY,27
2013,PARK,31
2013,PARK REVOLVING FUND,16
2013,HARBORMASTER,12
2013,SUPERVISION - MGMT,1
2013,METER READER,1
2013,CUST RECORDS,6
2013,ADMIN & GENERAL,2
2014,SELECTMEN,6
2014,FINANCE DEPARTMENT,6
2014,ASSESSORS,2
2014,TOWN CLERK,3
2014,ELECTION & REGISTRATION,69
2014,PUBLIC BUILDINGS,5
2014,POLICE,95
2014,FIRE,45
2014,BUILDING COMMISSIONER,12
2014,ANIMAL INSPECTOR,1
2014,SCHOOL,7
2014,ADMIN & SYSTEMWIDE,100
2014,BELL SCHOOL,35
2014,SCH CUST / MAINT & TRANSP,35
2014,BROWN SCHOOL,60
2014,EVELETH SCHOOL,6
2014,GERRY SCHOOL,3
2014,GLOVER SCHOOL,67
2014,HIGH SCHOOL,144
2014,VETERANS MIDDLE SCHOOL,75
2014,VILLAGE SCHOOL,115
2014,SCHOOL REVOLVING FUND,55
2014,SCHOOL GRANTS,23
2014,ENGINEERING,1
2014,HIGHWAY,21
2014,WASTE COLL/ DISPOSAL,7
2014,SEWER,10
2014,DRAINS,1
2014,WATER,14
2014,LIGHT DEPARTMENT,2
2014,554 MAINT OF MISC PWR GEN,1
2014,586 METER - UNION,2
2014,CEMETERY,8
2014,TREE,3
2014,HEALTH,3
2014,COA DONATION FUND,1
2014,FORMULAR SPENDING GRANT,1
2014,COUNCIL ON AGING,8
2014,COA REVOLVING FUND,3
2014,VETERANS AGENT,1
2014,METER - MGMT,1
2014,DISTRIBUTION - MGMT,2
2014,593 OVERHEAD LINES UNION,7
2014,594 UNDERGROUND LINES,1
2014,LIBRARY,29
2014,PARK,30
2014,PARK REVOLVING FUND,22
2014,HARBORMASTER,12
2014,SUPERVISION - MGMT,1
2014,METER READER,1
2014,CUST RECORDS,5
2014,ADMIN & GENERAL,2
2015,SELECTMEN,5
2015,FINANCE DEPARTMENT,9
2015,ASSESSORS,2
2015,TOWN CLERK,3
2015,ELECTION & REGISTRATION,55
2015,PUBLIC BUILDINGS,6
2015,POLICE,79
2015,FIRE,44
2015,BUILDING COMMISSIONER,11
2015,ANIMAL INSPECTOR,1
2015,SCHOOL,8
2015,ADMIN & SYSTEMWIDE,101
2015,BELL SCHOOL,30
2015,SCH CUST / MAINT & TRANSP,40
2015,BROWN SCHOOL,64
2015,EVELETH SCHOOL,3
2015,GERRY SCHOOL,2
2015,GLOVER SCHOOL,78
2015,HIGH SCHOOL,155
2015,VETERANS MIDDLE SCHOOL,76
2015,VILLAGE SCHOOL,106
2015,SCHOOL REVOLVING FUND,57
2015,SCHOOL GRANTS,20
2015,ENGINEERING,1
2015,HIGHWAY,21
2015,WASTE COLL/ DISPOSAL,7
2015,SEWER,12
2015,DRAINS,1
2015,WATER,15
2015,LIGHT DEPARTMENT,3
2015,554 MAINT OF MISC PWR GEN,1
2015,586 METER - UNION,2
2015,CEMETERY,12
2015,TREE,2
2015,HEALTH,3
2015,COA DONATION FUND,1
2015,FORMULAR SPENDING GRANT,1
2015,COUNCIL ON AGING,12
2015,COA REVOLVING FUND,3
2015,VETERANS AGENT,1
2015,METER - MGMT,1
2015,DISTRIBUTION - MGMT,3
2015,593 OVERHEAD LINES UNION,7
2015,LIBRARY,28
2015,PARK,27
2015,PARK REVOLVING FUND,18
2015,HARBORMASTER,13
2015,TREE GROUP,1
2015,SUPERVISION - MGMT,1
2015,CUST RECORDS,7
2015,ADMIN & GENERAL,4
2016,SELECTMEN,4
2016,FINANCE DEPARTMENT,9
2016,ASSESSORS,2
2016,TOWN CLERK,3
2016,ELECTION & REGISTRATION,49
2016,PUBLIC BUILDINGS,5
2016,Total,1
2016,POLICE,86
2016,FIRE,46
2016,BUILDING COMMISSIONER,11
2016,ANIMAL INSPECTOR,1
2016,SCHOOL,6
2016,ADMIN & SYSTEMWIDE,107
2016,BELL SCHOOL,23
2016,SCH CUST / MAINT & TRANSP,45
2016,COFFIN SCHOOL,68
2016,EVELETH SCHOOL,3
2016,GERRY SCHOOL,2
2016,GLOVER SCHOOL,76
2016,HIGH SCHOOL,154
2016,VETERANS MIDDLE SCHOOL,78
2016,VILLAGE SCHOOL,107
2016,SCHOOL REVOLVING FUND,53
2016,SCHOOL GRANTS,16
2016,ENGINEERING,1
2016,HIGHWAY,20
2016,WASTE COLL/ DISPOSAL,7
2016,SEWER,13
2016,DRAINS,1
2016,WATER,16
2016,LIGHT DEPARTMENT,3
2016,554 MAINT OF MISC PWR GEN,1
2016,586 METER - UNION,2
2016,CEMETERY,10
2016,TREE,2
2016,HEALTH,3
2016,COA DONATION FUND,1
2016,FORMULAR SPENDING GRANT,2
2016,COUNCIL ON AGING,12
2016,COA REVOLVING FUND,6
2016,VETERANS AGENT,1
2016,METER - MGMT,1
2016,DISTRIBUTION - MGMT,2
2016,593 OVERHEAD LINES UNION,7
2016,LIBRARY,26
2016,PARK,31
2016,PARK REVOLVING FUND,19
2016,HARBORMASTER,15
2016,SUPERVISION - MGMT,1
2016,CUST RECORDS,6
2016,ADMIN & GENERAL,3
2017,SELECTMEN,4
2017,FINANCE DEPARTMENT,10
2017,ASSESSORS,3
2017,TOWN CLERK,3
2017,ELECTION & REGISTRATION,55
2017,PUBLIC BUILDINGS,6
2017,Total,1
2017,POLICE,90
2017,FIRE,43
2017,BUILDING COMMISSIONER,11
2017,SCHOOL,6
2017,ADMIN & SYSTEMWIDE,96
2017,BELL SCHOOL,18
2017,SCH CUST / MAINT & TRANSP,43
2017,BROWN SCHOOL,72
2017,EVELETH SCHOOL,4
2017,GERRY SCHOOL,2
2017,GLOVER SCHOOL,69
2017,HIGH SCHOOL,159
2017,VETERANS MIDDLE SCHOOL,77
2017,VILLAGE SCHOOL,106
2017,SCHOOL REVOLVING FUND,46
2017,SCHOOL GRANTS,15
2017,ENGINEERING,2
2017,HIGHWAY,19
2017,SNOW REMOVAL,1
2017,WASTE COLL/ DISPOSAL,8
2017,SEWER,14
2017,DRAINS,1
2017,WATER,16
2017,LIGHT DEPARTMENT,3
2017,554 MAINT OF MISC PWR GEN,1
2017,586 METER - UNION,2
2017,CEMETERY,11
2017,TREE,2
2017,HEALTH,3
2017,COA DONATION FUND,2
2017,FORMULAR SPENDING GRANT,1
2017,COUNCIL ON AGING,15
2017,COA REVOLVING FUND,6
2017,VETERANS AGENT,1
2017,DISTRIBUTION - MGMT,3
2017,593 OVERHEAD LINES UNION,7
2017,LIBRARY,31
2017,PARK,29
2017,PARK REVOLVING FUND,20
2017,HARBORMASTER,16
2017,SUPERVISION - MGMT,1
2017,CUST RECORDS,5
2017,ADMIN & GENERAL,3
2018,SELECTMEN,4
2018,FINANCE DEPARTMENT,10
2018,ASSESSORS,3
2018,TOWN CLERK,3
2018,ELECTION & REGISTRATION,56
2018,COMMUNITY DEV & PLANNING,1
2018,PUBLIC BUILDINGS,4
2018,POLICE,81
2018,FIRE,48
2018,BUILDING COMMISSIONER,11
2018,SCHOOL,3
2018,ADMIN & SYSTEMWIDE,100
2018,BELL SCHOOL,12
2018,SCH CUST / MAINT & TRANSP,44
2018,BROWN SCHOOL,74
2018,EVELETH SCHOOL,4
2018,GERRY SCHOOL,1
2018,GLOVER SCHOOL,74
2018,HIGH SCHOOL,156
2018,VETERANS MIDDLE SCHOOL,69
2018,VILLAGE SCHOOL,106
2018,SCHOOL REVOLVING FUND,47
2018,SCHOOL GRANTS,14
2018,ENGINEERING,1
2018,HIGHWAY,23
2018,WASTE COLL/ DISPOSAL,9
2018,SEWER,13
2018,DRAINS,1
2018,WATER,17
2018,LIGHT DEPARTMENT,4
2018,554 MAINT OF MISC PWR GEN,1
2018,586 METER - UNION,2
2018,CEMETERY,11
2018,TREE,3
2018,HEALTH,3
2018,COA DONATION FUND,1
2018,FORMULAR SPENDING GRANT,1
2018,COUNCIL ON AGING,14
2018,COA REVOLVING FUND,5
2018,VETERANS AGENT,1
2018,DISTRIBUTION - MGMT,3
2018,593 OVERHEAD LINES UNION,7
2018,LIBRARY,31
2018,PARK,35
2018,PARK REVOLVING FUND,29
2018,HARBORMASTER,15
2018,SUPERVISION - MGMT,1
2018,CUST RECORDS,4
2018,ADMIN & GENERAL,3
2019,SELECTMEN,6
2019,FINANCE DEPARTMENT,10
2019,ASSESSORS,3
2019,TOWN CLERK,3
2019,ELECTION & REGISTRATION,65
2019,COMMUNITY DEV & PLANNING,1
2019,PUBLIC BUILDINGS,3
2019,POLICE,84
2019,FIRE,44
2019,BUILDING COMMISSIONER,10
2019,ADMIN & SYSTEMWIDE,130
2019,BELL SCHOOL,9
2019,SCH CUST / MAINT & TRANSP,43
2019,BROWN SCHOOL,80
2019,EVELETH SCHOOL,3
2019,GLOVER SCHOOL,66
2019,HIGH SCHOOL,166
2019,VETERANS MIDDLE SCHOOL,66
2019,VILLAGE SCHOOL,110
2019,SCHOOL REVOLVING FUND,54
2019,SCHOOL GRANTS,12
2019,ENGINEERING,1
2019,HIGHWAY,23
2019,WASTE COLL/ DISPOSAL,9
2019,SEWER,12
2019,DRAINS,1
2019,WATER,18
2019,LIGHT DEPARTMENT,4
2019,554 MAINT OF MISC PWR GEN,1
2019,586 METER - UNION,2
2019,CEMETERY,10
2019,HEALTH,3
2019,COA DONATION FUND,1
2019,FORMULAR SPENDING GRANT,1
2019,COUNCIL ON AGING,13
2019,COA REVOLVING FUND,7
2019,VETERANS AGENT,1
2019,DISTRIBUTION - MGMT,3
2019,593 OVERHEAD LINES UNION,7
2019,LIBRARY,31
2019,PARK,36
2019,PARK REVOLVING FUND,32
2019,HARBORMASTER,19
2019,SUPERVISION - MGMT,1
2019,CUST RECORDS,5
2019,ADMIN & GENERAL,3
2020,SELECTMEN,6
2020,FINANCE DEPARTMENT,9
2020,ASSESSORS,3
2020,TOWN CLERK,3
2020,ELECTION & REGISTRATION,48
2020,COMMUNITY DEV & PLANNING,1
2020,PUBLIC BUILDINGS,3
2020,POLICE,81
2020,FIRE,42
2020,BUILDING COMMISSIONER,9
2020,ADMIN & SYSTEMWIDE,113
2020,BELL SCHOOL,2
2020,SCH CUST / MAINT & TRANSP,38
2020,BROWN SCHOOL,84
2020,EVELETH SCHOOL,4
2020,GLOVER SCHOOL,65
2020,HIGH SCHOOL,166
2020,VETERANS MIDDLE SCHOOL,66
2020,VILLAGE SCHOOL,111
2020,SCHOOL REVOLVING FUND,49
2020,SCHOOL GRANTS,11
2020,ENGINEERING,1
2020,HIGHWAY,26
2020,WASTE COLL/ DISPOSAL,9
2020,SEWER,10
2020,DRAINS,1
2020,WATER,16
2020,LIGHT DEPARTMENT,4
2020,554 MAINT OF MISC PWR GEN,1
2020,586 METER - UNION,2
2020,CEMETERY,11
2020,HEALTH,3
2020,COA DONATION FUND,1
2020,FORMULAR SPENDING GRANT,1
2020,COUNCIL ON AGING,15
2020,COA REVOLVING FUND,6
2020,VETERANS AGENT,1
2020,DISTRIBUTION - MGMT,3
2020,593 OVERHEAD LINES UNION,7
2020,LIBRARY,28
2020,PARK,29
2020,PARK REVOLVING FUND,28
2020,HARBORMASTER,19
2020,SUPERVISION - MGMT,1
2020,CUST RECORDS,4
2020,ADMIN & GENERAL,2
2021,SELECTMEN,4
2021,FINANCE DEPARTMENT,9
2021,ASSESSORS,3
2021,TOWN CLERK,3
2021,ELECTION & REGISTRATION,44
2021,COMMUNITY DEV & PLANNING,1
2021,PUBLIC BUILDINGS,3
2021,POLICE,64
2021,FIRE,43
2021,BUILDING COMMISSIONER,12
2021,ADMIN & SYSTEMWIDE,106
2021,SCH CUST / MAINT & TRANSP,37
2021,BROWN SCHOOL,82
2021,EVELETH SCHOOL,2
2021,GLOVER SCHOOL,69
2021,HIGH SCHOOL,166
2021,VETERANS MIDDLE SCHOOL,63
2021,VILLAGE SCHOOL,102
2021,SCHOOL REVOLVING FUND,38
2021,SCHOOL GRANTS,12
2021,ENGINEERING,1
2021,HIGHWAY,25
2021,WASTE COLL/ DISPOSAL,8
2021,SEWER,11
2021,DRAINS,1
2021,WATER,16
2021,LIGHT DEPARTMENT,4
2021,554 MAINT OF MISC PWR GEN,1
2021,586 METER - UNION,2
2021,CEMETERY,10
2021,HEALTH,3
2021,FORMULAR SPENDING GRANT,1
2021,COUNCIL ON AGING,12
2021,VETERANS AGENT,1
2021,DISTRIBUTION - MGMT,3
2021,593 OVERHEAD LINES UNION,6
2021,LIBRARY,24
2021,PARK,25
2021,PARK REVOLVING FUND,31
2021,HARBORMASTER,15
2021,CUST RECORDS,4
2021,ADMIN & GENERAL,2
2022,SELECTMEN,5
2022,FINANCE DEPARTMENT,11
2022,ASSESSORS,5
2022,HUMAN RESOURCES,1
2022,TOWN CLERK,3
2022,ELECTION & REGISTRATION,47
2022,COMMUNITY DEV & PLANNING,1
2022,PUBLIC BUILDINGS,7
2022,POLICE,66
2022,FIRE,44
2022,BUILDING COMMISSIONER,12
2022,ADMIN & SYSTEMWIDE,135
2022,SCH CUST / MAINT & TRANSP,38
2022,BROWN SCHOOL,85
2022,EVELETH SCHOOL,1
2022,GLOVER SCHOOL,69
2022,HIGH SCHOOL,143
2022,VETERANS MIDDLE SCHOOL,64
2022,VILLAGE SCHOOL,100
2022,SCHOOL REVOLVING FUND,55
2022,SCHOOL GRANTS,15
2022,ENGINEERING,1
2022,HIGHWAY,27
2022,WASTE COLL/ DISPOSAL,7
2022,SEWER,10
2022,WATER,17
2022,LIGHT DEPARTMENT,4
2022,554 MAINT OF MISC PWR GEN,1
2022,586 METER - UNION,2
2022,CEMETERY,7
2022,HEALTH,3
2022,COA DONATION FUND,1
2022,COUNCIL ON AGING,11
2022,VETERANS AGENT,1
2022,DISTRIBUTION - MGMT,3
2022,593 OVERHEAD LINES UNION,7
2022,LIBRARY,32
2022,PARK,37
2022,PARK REVOLVING FUND,52
2022,HARBORMASTER,21
2022,CUST RECORDS,4
2022,ADMIN & GENERAL,2
2023,SELECTMEN,4
2023,FINANCE DEPARTMENT,12
2023,ASSESSORS,6
2023,HUMAN RESOURCES,2
2023,TOWN CLERK,3
2023,ELECTION & REGISTRATION,51
2023,COMMUNITY DEV & PLANNING,1
2023,PUBLIC BUILDINGS,6
2023,POLICE,70
2023,FIRE,42
2023,BUILDING COMMISSIONER,12
2023,ADMIN & SYSTEMWIDE,122
2023,SCH CUST / MAINT & TRANSP,44
2023,BROWN SCHOOL,92
2023,GLOVER SCHOOL,72
2023,HIGH SCHOOL,138
2023,VETERANS MIDDLE SCHOOL,63
2023,VILLAGE SCHOOL,98
2023,SCHOOL REVOLVING FUND,55
2023,SCHOOL GRANTS,15
2023,ENGINEERING,1
2023,HIGHWAY,27
2023,WASTE COLL/ DISPOSAL,9
2023,SEWER,13
2023,WATER,19
2023,LIGHT DEPARTMENT,3
2023,554 MAINT OF MISC PWR GEN,1
2023,586 METER - UNION,2
2023,CEMETERY,10
2023,HEALTH,3
2023,COUNCIL ON AGING,12
2023,VETERANS AGENT,1
2023,DISTRIBUTION - MGMT,3
2023,593 OVERHEAD LINES UNION,8
2023,LIBRARY,32
2023,PARK,32
2023,PARK REVOLVING FUND,70
2023,HARBORMASTER,24
2023,CUST RECORDS,3
2023,ADMIN & GENERAL,2
2024,SELECTMEN,7
2024,FINANCE DEPARTMENT,10
2024,ASSESSORS,3
2024,HUMAN RESOURCES,3
2024,TOWN CLERK,3
2024,ELECTION & REGISTRATION,50
2024,COMMUNITY DEV & PLANNING,2
2024,PUBLIC BUILDINGS,7
2024,POLICE,76
2024,FIRE,42
2024,BUILDING COMMISSIONER,9
2024,ADMIN & SYSTEMWIDE,102
2024,SCH CUST / MAINT & TRANSP,43
2024,BROWN SCHOOL,81
2024,GLOVER SCHOOL,74
2024,HIGH SCHOOL,130
2024,VETERANS MIDDLE SCHOOL,62
2024,VILLAGE SCHOOL,94
2024,SCHOOL REVOLVING FUND,62
2024,SCHOOL GRANTS,16
2024,ENGINEERING,1
2024,HIGHWAY,20
2024,WASTE COLL/ DISPOSAL,9
2024,SEWER,11
2024,WATER,18
2024,LIGHT DEPARTMENT,2
2024,554 MAINT OF MISC PWR GEN,1
2024,586 METER - UNION,2
2024,CEMETERY,11
2024,HEALTH,3
2024,COUNCIL ON AGING,11
2024,VETERANS AGENT,1
2024,DISTRIBUTION - MGMT,2
2024,593 OVERHEAD LINES UNION,9
2024,LIBRARY,24
2024,PARK,39
2024,PARK REVOLVING FUND,60
2024,HARBORMASTER,18
2024,CUST RECORDS,2
2024,ADMIN & GENERAL,2
2025,SELECTMEN,8
2025,FINANCE DEPARTMENT,10
2025,ASSESSORS,4
2025,HUMAN RESOURCES,3
2025,TOWN CLERK,3
2025,ELECTION & REGISTRATION,63
2025,COMMUNITY DEV & PLANNING,5
2025,PUBLIC BUILDINGS,5
2025,POLICE,72
2025,FIRE,40
2025,BUILDING COMMISSIONER,10
2025,ADMIN & SYSTEMWIDE,100
2025,SCH CUST / MAINT & TRANSP,41
2025,BROWN SCHOOL,84
2025,GLOVER SCHOOL,67
2025,HIGH SCHOOL,128
2025,VETERANS MIDDLE SCHOOL,64
2025,VILLAGE SCHOOL,102
2025,SCHOOL REVOLVING FUND,73
2025,SCHOOL GRANTS,16
2025,ENGINEERING,1
2025,HIGHWAY,23
2025,WASTE COLL/ DISPOSAL,9
2025,SEWER,11
2025,WATER,20
2025,LIGHT DEPARTMENT,4
2025,554 MAINT OF MISC PWR GEN,1
2025,586 METER - UNION,2
2025,CEMETERY,11
2025,HEALTH,4
2025,COUNCIL ON AGING,11
2025,VETERANS AGENT,2
2025,DISTRIBUTION - MGMT,2
2025,593 OVERHEAD LINES UNION,9
2025,LIBRARY,24
2025,PARK,34
2025,PARK REVOLVING FUND,55
2025,HARBORMASTER,19
2025,SUPERVISION - MGMT,1
2025,CUST RECORDS,2
2025,ADMIN & GENERAL,2
2026,SELECTMEN,6
2026,FINANCE DEPARTMENT,9
2026,ASSESSORS,3
2026,HUMAN RESOURCES,3
2026,TOWN CLERK,3
2026,ELECTION & REGISTRATION,25
2026,COMMUNITY DEV & PLANNING,5
2026,PUBLIC BUILDINGS,6
2026,POLICE,68
2026,FIRE,40
2026,BUILDING COMMISSIONER,10
2026,ADMIN & SYSTEMWIDE,85
2026,SCH CUST / MAINT & TRANSP,38
2026,BROWN SCHOOL,88
2026,GLOVER SCHOOL,66
2026,HIGH SCHOOL,125
2026,VETERANS MIDDLE SCHOOL,65
2026,VILLAGE SCHOOL,90
2026,SCHOOL REVOLVING FUND,47
2026,SCHOOL GRANTS,22
2026,HIGHWAY,22
2026,WASTE COLL/ DISPOSAL,9
2026,SEWER,10
2026,WATER,17
2026,LIGHT DEPARTMENT,5
2026,586 METER - UNION,1
2026,CEMETERY,9
2026,HEALTH,3
2026,COUNCIL ON AGING,12
2026,VETERANS AGENT,1
2026,DISTRIBUTION - MGMT,2
2026,593 OVERHEAD LINES UNION,8
2026,LIBRARY,27
2026,PARK,26
2026,PARK REVOLVING FUND,41
2026,HARBORMASTER,17
2026,SUPERVISION - MGMT,1
2026,CUST RECORDS,2
2026,ADMIN & GENERAL,3
